mobile,name
9100000001,Aarav Applicant1
9100000002,Diya Applicant2
9100000003,Kabir Applicant3
9100000004,Meera Applicant4
9100000005,Rohan Applicant5
9100000006,Sara Applicant6
9100000007,Vihaan Applicant7
9100000008,Anaya Applicant8
9100000009,Arjun Applicant9
9100000010,Isha Applicant10
9100000011,Aarav Applicant11
9100000012,Diya Applicant12
9100000013,Kabir Applicant13
9100000014,Meera Applicant14
9100000015,Rohan Applicant15
9100000016,Sara Applicant16
9100000017,Vihaan Applicant17
9100000018,Anaya Applicant18
9100000019,Arjun Applicant19
9100000020,Isha Applicant20
9100000021,Aarav Applicant21
9100000022,Diya Applicant22
9100000023,Kabir Applicant23
9100000024,Meera Applicant24
9100000025,Rohan Applicant25
9100000026,Sara Applicant26
9100000027,Vihaan Applicant27
9100000028,Anaya Applicant28
9100000029,Arjun Applicant29
9100000030,Isha Applicant30
9100000031,Aarav Applicant31
9100000032,Diya Applicant32
9100000033,Kabir Applicant33
9100000034,Meera Applicant34
9100000035,Rohan Applicant35
9100000036,Sara Applicant36
9100000037,Vihaan Applicant37
9100000038,Anaya Applicant38
9100000039,Arjun Applicant39
9100000040,Isha Applicant40
9100000041,Aarav Applicant41
9100000042,Diya Applicant42
9100000043,Kabir Applicant43
9100000044,Meera Applicant44
9100000045,Rohan Applicant45
9100000046,Sara Applicant46
9100000047,Vihaan Applicant47
9100000048,Anaya Applicant48
9100000049,Arjun Applicant49
9100000050,Isha Applicant50
9100000051,Aarav Applicant51
9100000052,Diya Applicant52
9100000053,Kabir Applicant53
9100000054,Meera Applicant54
9100000055,Rohan Applicant55
9100000056,Sara Applicant56
9100000057,Vihaan Applicant57
9100000058,Anaya Applicant58
9100000059,Arjun Applicant59
9100000060,Isha Applicant60
9100000061,Aarav Applicant61
9100000062,Diya Applicant62
9100000063,Kabir Applicant63
9100000064,Meera Applicant64
9100000065,Rohan Applicant65
9100000066,Sara Applicant66
9100000067,Vihaan Applicant67
9100000068,Anaya Applicant68
9100000069,Arjun Applicant69
9100000070,Isha Applicant70
9100000071,Aarav Applicant71
9100000072,Diya Applicant72
9100000073,Kabir Applicant73
9100000074,Meera Applicant74
9100000075,Rohan Applicant75
9100000076,Sara Applicant76
9100000077,Vihaan Applicant77
9100000078,Anaya Applicant78
9100000079,Arjun Applicant79
9100000080,Isha Applicant80
9100000081,Aarav Applicant81
9100000082,Diya Applicant82
9100000083,Kabir Applicant83
9100000084,Meera Applicant84
9100000085,Rohan Applicant85
9100000086,Sara Applicant86
9100000087,Vihaan Applicant87
9100000088,Anaya Applicant88
9100000089,Arjun Applicant89
9100000090,Isha Applicant90
9100000091,Aarav Applicant91
9100000092,Diya Applicant92
9100000093,Kabir Applicant93
9100000094,Meera Applicant94
9100000095,Rohan Applicant95
9100000096,Sara Applicant96
9100000097,Vihaan Applicant97
9100000098,Anaya Applicant98
9100000099,Arjun Applicant99
9100000100,Isha Applicant100
9100000101,Aarav Applicant101
9100000102,Diya Applicant102
9100000103,Kabir Applicant103
9100000104,Meera Applicant104
9100000105,Rohan Applicant105
9100000106,Sara Applicant106
9100000107,Vihaan Applicant107
9100000108,Anaya Applicant108
9100000109,Arjun Applicant109
9100000110,Isha Applicant110
9100000111,Aarav Applicant111
9100000112,Diya Applicant112
9100000113,Kabir Applicant113
9100000114,Meera Applicant114
9100000115,Rohan Applicant115
9100000116,Sara Applicant116
9100000117,Vihaan Applicant117
9100000118,Anaya Applicant118
9100000119,Arjun Applicant119
9100000120,Isha Applicant120
9100000121,Aarav Applicant121
9100000122,Diya Applicant122
9100000123,Kabir Applicant123
9100000124,Meera Applicant124
9100000125,Rohan Applicant125
9100000126,Sara Applicant126
9100000127,Vihaan Applicant127
9100000128,Anaya Applicant128
9100000129,Arjun Applicant129
9100000130,Isha Applicant130
9100000131,Aarav Applicant131
9100000132,Diya Applicant132
9100000133,Kabir Applicant133
9100000134,Meera Applicant134
9100000135,Rohan Applicant135
9100000136,Sara Applicant136
9100000137,Vihaan Applicant137
9100000138,Anaya Applicant138
9100000139,Arjun Applicant139
9100000140,Isha Applicant140
9100000141,Aarav Applicant141
9100000142,Diya Applicant142
9100000143,Kabir Applicant143
9100000144,Meera Applicant144
9100000145,Rohan Applicant145
9100000146,Sara Applicant146
9100000147,Vihaan Applicant147
9100000148,Anaya Applicant148
9100000149,Arjun Applicant149
9100000150,Isha Applicant150
9100000151,Aarav Applicant151
9100000152,Diya Applicant152
9100000153,Kabir Applicant153
9100000154,Meera Applicant154
9100000155,Rohan Applicant155
9100000156,Sara Applicant156
9100000157,Vihaan Applicant157
9100000158,Anaya Applicant158
9100000159,Arjun Applicant159
9100000160,Isha Applicant160
9100000161,Aarav Applicant161
9100000162,Diya Applicant162
9100000163,Kabir Applicant163
9100000164,Meera Applicant164
9100000165,Rohan Applicant165
9100000166,Sara Applicant166
9100000167,Vihaan Applicant167
9100000168,Anaya Applicant168
9100000169,Arjun Applicant169
9100000170,Isha Applicant170
9100000171,Aarav Applicant171
9100000172,Diya Applicant172
9100000173,Kabir Applicant173
9100000174,Meera Applicant174
9100000175,Rohan Applicant175
9100000176,Sara Applicant176
9100000177,Vihaan Applicant177
9100000178,Anaya Applicant178
9100000179,Arjun Applicant179
9100000180,Isha Applicant180
9100000181,Aarav Applicant181
9100000182,Diya Applicant182
9100000183,Kabir Applicant183
9100000184,Meera Applicant184
9100000185,Rohan Applicant185
9100000186,Sara Applicant186
9100000187,Vihaan Applicant187
9100000188,Anaya Applicant188
9100000189,Arjun Applicant189
9100000190,Isha Applicant190
9100000191,Aarav Applicant191
9100000192,Diya Applicant192
9100000193,Kabir Applicant193
9100000194,Meera Applicant194
9100000195,Rohan Applicant195
9100000196,Sara Applicant196
9100000197,Vihaan Applicant197
9100000198,Anaya Applicant198
9100000199,Arjun Applicant199
9100000200,Isha Applicant200
9100000201,Aarav Applicant201
9100000202,Diya Applicant202
9100000203,Kabir Applicant203
9100000204,Meera Applicant204
9100000205,Rohan Applicant205
9100000206,Sara Applicant206
9100000207,Vihaan Applicant207
9100000208,Anaya Applicant208
9100000209,Arjun Applicant209
9100000210,Isha Applicant210
9100000211,Aarav Applicant211
9100000212,Diya Applicant212
9100000213,Kabir Applicant213
9100000214,Meera Applicant214
9100000215,Rohan Applicant215
9100000216,Sara Applicant216
9100000217,Vihaan Applicant217
9100000218,Anaya Applicant218
9100000219,Arjun Applicant219
9100000220,Isha Applicant220
9100000221,Aarav Applicant221
9100000222,Diya Applicant222
9100000223,Kabir Applicant223
9100000224,Meera Applicant224
9100000225,Rohan Applicant225
9100000226,Sara Applicant226
9100000227,Vihaan Applicant227
9100000228,Anaya Applicant228
9100000229,Arjun Applicant229
9100000230,Isha Applicant230
9100000231,Aarav Applicant231
9100000232,Diya Applicant232
9100000233,Kabir Applicant233
9100000234,Meera Applicant234
9100000235,Rohan Applicant235
9100000236,Sara Applicant236
9100000237,Vihaan Applicant237
9100000238,Anaya Applicant238
9100000239,Arjun Applicant239
9100000240,Isha Applicant240
9100000241,Aarav Applicant241
9100000242,Diya Applicant242
9100000243,Kabir Applicant243
9100000244,Meera Applicant244
9100000245,Rohan Applicant245
9100000246,Sara Applicant246
9100000247,Vihaan Applicant247
9100000248,Anaya Applicant248
9100000249,Arjun Applicant249
9100000250,Isha Applicant250
9100000251,Aarav Applicant251
9100000252,Diya Applicant252
9100000253,Kabir Applicant253
9100000254,Meera Applicant254
9100000255,Rohan Applicant255
9100000256,Sara Applicant256
9100000257,Vihaan Applicant257
9100000258,Anaya Applicant258
9100000259,Arjun Applicant259
9100000260,Isha Applicant260
9100000261,Aarav Applicant261
9100000262,Diya Applicant262
9100000263,Kabir Applicant263
9100000264,Meera Applicant264
9100000265,Rohan Applicant265
9100000266,Sara Applicant266
9100000267,Vihaan Applicant267
9100000268,Anaya Applicant268
9100000269,Arjun Applicant269
9100000270,Isha Applicant270
9100000271,Aarav Applicant271
9100000272,Diya Applicant272
9100000273,Kabir Applicant273
9100000274,Meera Applicant274
9100000275,Rohan Applicant275
9100000276,Sara Applicant276
9100000277,Vihaan Applicant277
9100000278,Anaya Applicant278
9100000279,Arjun Applicant279
9100000280,Isha Applicant280
9100000281,Aarav Applicant281
9100000282,Diya Applicant282
9100000283,Kabir Applicant283
9100000284,Meera Applicant284
9100000285,Rohan Applicant285
9100000286,Sara Applicant286
9100000287,Vihaan Applicant287
9100000288,Anaya Applicant288
9100000289,Arjun Applicant289
9100000290,Isha Applicant290
9100000291,Aarav Applicant291
9100000292,Diya Applicant292
9100000293,Kabir Applicant293
9100000294,Meera Applicant294
9100000295,Rohan Applicant295
9100000296,Sara Applicant296
9100000297,Vihaan Applicant297
9100000298,Anaya Applicant298
9100000299,Arjun Applicant299
9100000300,Isha Applicant300
9100000301,Aarav Applicant301
9100000302,Diya Applicant302
9100000303,Kabir Applicant303
9100000304,Meera Applicant304
9100000305,Rohan Applicant305
9100000306,Sara Applicant306
9100000307,Vihaan Applicant307
9100000308,Anaya Applicant308
9100000309,Arjun Applicant309
9100000310,Isha Applicant310
9100000311,Aarav Applicant311
9100000312,Diya Applicant312
9100000313,Kabir Applicant313
9100000314,Meera Applicant314
9100000315,Rohan Applicant315
9100000316,Sara Applicant316
9100000317,Vihaan Applicant317
9100000318,Anaya Applicant318
9100000319,Arjun Applicant319
9100000320,Isha Applicant320
9100000321,Aarav Applicant321
9100000322,Diya Applicant322
9100000323,Kabir Applicant323
9100000324,Meera Applicant324
9100000325,Rohan Applicant325
9100000326,Sara Applicant326
9100000327,Vihaan Applicant327
9100000328,Anaya Applicant328
9100000329,Arjun Applicant329
9100000330,Isha Applicant330
9100000331,Aarav Applicant331
9100000332,Diya Applicant332
9100000333,Kabir Applicant333
9100000334,Meera Applicant334
9100000335,Rohan Applicant335
9100000336,Sara Applicant336
9100000337,Vihaan Applicant337
9100000338,Anaya Applicant338
9100000339,Arjun Applicant339
9100000340,Isha Applicant340
9100000341,Aarav Applicant341
9100000342,Diya Applicant342
9100000343,Kabir Applicant343
9100000344,Meera Applicant344
9100000345,Rohan Applicant345
9100000346,Sara Applicant346
9100000347,Vihaan Applicant347
9100000348,Anaya Applicant348
9100000349,Arjun Applicant349
9100000350,Isha Applicant350
9100000351,Aarav Applicant351
9100000352,Diya Applicant352
9100000353,Kabir Applicant353
9100000354,Meera Applicant354
9100000355,Rohan Applicant355
9100000356,Sara Applicant356
9100000357,Vihaan Applicant357
9100000358,Anaya Applicant358
9100000359,Arjun Applicant359
9100000360,Isha Applicant360
9100000361,Aarav Applicant361
9100000362,Diya Applicant362
9100000363,Kabir Applicant363
9100000364,Meera Applicant364
9100000365,Rohan Applicant365
9100000366,Sara Applicant366
9100000367,Vihaan Applicant367
9100000368,Anaya Applicant368
9100000369,Arjun Applicant369
9100000370,Isha Applicant370
9100000371,Aarav Applicant371
9100000372,Diya Applicant372
9100000373,Kabir Applicant373
9100000374,Meera Applicant374
9100000375,Rohan Applicant375
9100000376,Sara Applicant376
9100000377,Vihaan Applicant377
9100000378,Anaya Applicant378
9100000379,Arjun Applicant379
9100000380,Isha Applicant380
9100000381,Aarav Applicant381
9100000382,Diya Applicant382
9100000383,Kabir Applicant383
9100000384,Meera Applicant384
9100000385,Rohan Applicant385
9100000386,Sara Applicant386
9100000387,Vihaan Applicant387
9100000388,Anaya Applicant388
9100000389,Arjun Applicant389
9100000390,Isha Applicant390
9100000391,Aarav Applicant391
9100000392,Diya Applicant392
9100000393,Kabir Applicant393
9100000394,Meera Applicant394
9100000395,Rohan Applicant395
9100000396,Sara Applicant396
9100000397,Vihaan Applicant397
9100000398,Anaya Applicant398
9100000399,Arjun Applicant399
9100000400,Isha Applicant400
9100000401,Aarav Applicant401
9100000402,Diya Applicant402
9100000403,Kabir Applicant403
9100000404,Meera Applicant404
9100000405,Rohan Applicant405
9100000406,Sara Applicant406
9100000407,Vihaan Applicant407
9100000408,Anaya Applicant408
9100000409,Arjun Applicant409
9100000410,Isha Applicant410
9100000411,Aarav Applicant411
9100000412,Diya Applicant412
9100000413,Kabir Applicant413
9100000414,Meera Applicant414
9100000415,Rohan Applicant415
9100000416,Sara Applicant416
9100000417,Vihaan Applicant417
9100000418,Anaya Applicant418
9100000419,Arjun Applicant419
9100000420,Isha Applicant420
9100000421,Aarav Applicant421
9100000422,Diya Applicant422
9100000423,Kabir Applicant423
9100000424,Meera Applicant424
9100000425,Rohan Applicant425
9100000426,Sara Applicant426
9100000427,Vihaan Applicant427
9100000428,Anaya Applicant428
9100000429,Arjun Applicant429
9100000430,Isha Applicant430
9100000431,Aarav Applicant431
9100000432,Diya Applicant432
9100000433,Kabir Applicant433
9100000434,Meera Applicant434
9100000435,Rohan Applicant435
9100000436,Sara Applicant436
9100000437,Vihaan Applicant437
9100000438,Anaya Applicant438
9100000439,Arjun Applicant439
9100000440,Isha Applicant440
9100000441,Aarav Applicant441
9100000442,Diya Applicant442
9100000443,Kabir Applicant443
9100000444,Meera Applicant444
9100000445,Rohan Applicant445
9100000446,Sara Applicant446
9100000447,Vihaan Applicant447
9100000448,Anaya Applicant448
9100000449,Arjun Applicant449
9100000450,Isha Applicant450
9100000451,Aarav Applicant451
9100000452,Diya Applicant452
9100000453,Kabir Applicant453
9100000454,Meera Applicant454
9100000455,Rohan Applicant455
9100000456,Sara Applicant456
9100000457,Vihaan Applicant457
9100000458,Anaya Applicant458
9100000459,Arjun Applicant459
9100000460,Isha Applicant460
9100000461,Aarav Applicant461
9100000462,Diya Applicant462
9100000463,Kabir Applicant463
9100000464,Meera Applicant464
9100000465,Rohan Applicant465
9100000466,Sara Applicant466
9100000467,Vihaan Applicant467
9100000468,Anaya Applicant468
9100000469,Arjun Applicant469
9100000470,Isha Applicant470
9100000471,Aarav Applicant471
9100000472,Diya Applicant472
9100000473,Kabir Applicant473
9100000474,Meera Applicant474
9100000475,Rohan Applicant475
9100000476,Sara Applicant476
9100000477,Vihaan Applicant477
9100000478,Anaya Applicant478
9100000479,Arjun Applicant479
9100000480,Isha Applicant480
9100000481,Aarav Applicant481
9100000482,Diya Applicant482
9100000483,Kabir Applicant483
9100000484,Meera Applicant484
9100000485,Rohan Applicant485
9100000486,Sara Applicant486
9100000487,Vihaan Applicant487
9100000488,Anaya Applicant488
9100000489,Arjun Applicant489
9100000490,Isha Applicant490
9100000491,Aarav Applicant491
9100000492,Diya Applicant492
9100000493,Kabir Applicant493
9100000494,Meera Applicant494
9100000495,Rohan Applicant495
9100000496,Sara Applicant496
9100000497,Vihaan Applicant497
9100000498,Anaya Applicant498
9100000499,Arjun Applicant499
9100000500,Isha Applicant500
9100000501,Aarav Applicant501
9100000502,Diya Applicant502
9100000503,Kabir Applicant503
9100000504,Meera Applicant504
9100000505,Rohan Applicant505
9100000506,Sara Applicant506
9100000507,Vihaan Applicant507
9100000508,Anaya Applicant508
9100000509,Arjun Applicant509
9100000510,Isha Applicant510
9100000511,Aarav Applicant511
9100000512,Diya Applicant512
9100000513,Kabir Applicant513
9100000514,Meera Applicant514
9100000515,Rohan Applicant515
9100000516,Sara Applicant516
9100000517,Vihaan Applicant517
9100000518,Anaya Applicant518
9100000519,Arjun Applicant519
9100000520,Isha Applicant520
9100000521,Aarav Applicant521
9100000522,Diya Applicant522
9100000523,Kabir Applicant523
9100000524,Meera Applicant524
9100000525,Rohan Applicant525
9100000526,Sara Applicant526
9100000527,Vihaan Applicant527
9100000528,Anaya Applicant528
9100000529,Arjun Applicant529
9100000530,Isha Applicant530
9100000531,Aarav Applicant531
9100000532,Diya Applicant532
9100000533,Kabir Applicant533
9100000534,Meera Applicant534
9100000535,Rohan Applicant535
9100000536,Sara Applicant536
9100000537,Vihaan Applicant537
9100000538,Anaya Applicant538
9100000539,Arjun Applicant539
9100000540,Isha Applicant540
9100000541,Aarav Applicant541
9100000542,Diya Applicant542
9100000543,Kabir Applicant543
9100000544,Meera Applicant544
9100000545,Rohan Applicant545
9100000546,Sara Applicant546
9100000547,Vihaan Applicant547
9100000548,Anaya Applicant548
9100000549,Arjun Applicant549
9100000550,Isha Applicant550
9100000551,Aarav Applicant551
9100000552,Diya Applicant552
9100000553,Kabir Applicant553
9100000554,Meera Applicant554
9100000555,Rohan Applicant555
9100000556,Sara Applicant556
9100000557,Vihaan Applicant557
9100000558,Anaya Applicant558
9100000559,Arjun Applicant559
9100000560,Isha Applicant560
9100000561,Aarav Applicant561
9100000562,Diya Applicant562
9100000563,Kabir Applicant563
9100000564,Meera Applicant564
9100000565,Rohan Applicant565
9100000566,Sara Applicant566
9100000567,Vihaan Applicant567
9100000568,Anaya Applicant568
9100000569,Arjun Applicant569
9100000570,Isha Applicant570
9100000571,Aarav Applicant571
9100000572,Diya Applicant572
9100000573,Kabir Applicant573
9100000574,Meera Applicant574
9100000575,Rohan Applicant575
9100000576,Sara Applicant576
9100000577,Vihaan Applicant577
9100000578,Anaya Applicant578
9100000579,Arjun Applicant579
9100000580,Isha Applicant580
9100000581,Aarav Applicant581
9100000582,Diya Applicant582
9100000583,Kabir Applicant583
9100000584,Meera Applicant584
9100000585,Rohan Applicant585
9100000586,Sara Applicant586
9100000587,Vihaan Applicant587
9100000588,Anaya Applicant588
9100000589,Arjun Applicant589
9100000590,Isha Applicant590
9100000591,Aarav Applicant591
9100000592,Diya Applicant592
9100000593,Kabir Applicant593
9100000594,Meera Applicant594
9100000595,Rohan Applicant595
9100000596,Sara Applicant596
9100000597,Vihaan Applicant597
9100000598,Anaya Applicant598
9100000599,Arjun Applicant599
9100000600,Isha Applicant600
9100000601,Aarav Applicant601
9100000602,Diya Applicant602
9100000603,Kabir Applicant603
9100000604,Meera Applicant604
9100000605,Rohan Applicant605
9100000606,Sara Applicant606
9100000607,Vihaan Applicant607
9100000608,Anaya Applicant608
9100000609,Arjun Applicant609
9100000610,Isha Applicant610
9100000611,Aarav Applicant611
9100000612,Diya Applicant612
9100000613,Kabir Applicant613
9100000614,Meera Applicant614
9100000615,Rohan Applicant615
9100000616,Sara Applicant616
9100000617,Vihaan Applicant617
9100000618,Anaya Applicant618
9100000619,Arjun Applicant619
9100000620,Isha Applicant620
9100000621,Aarav Applicant621
9100000622,Diya Applicant622
9100000623,Kabir Applicant623
9100000624,Meera Applicant624
9100000625,Rohan Applicant625
9100000626,Sara Applicant626
9100000627,Vihaan Applicant627
9100000628,Anaya Applicant628
9100000629,Arjun Applicant629
9100000630,Isha Applicant630
9100000631,Aarav Applicant631
9100000632,Diya Applicant632
9100000633,Kabir Applicant633
9100000634,Meera Applicant634
9100000635,Rohan Applicant635
9100000636,Sara Applicant636
9100000637,Vihaan Applicant637
9100000638,Anaya Applicant638
9100000639,Arjun Applicant639
9100000640,Isha Applicant640
9100000641,Aarav Applicant641
9100000642,Diya Applicant642
9100000643,Kabir Applicant643
9100000644,Meera Applicant644
9100000645,Rohan Applicant645
9100000646,Sara Applicant646
9100000647,Vihaan Applicant647
9100000648,Anaya Applicant648
9100000649,Arjun Applicant649
9100000650,Isha Applicant650
9100000651,Aarav Applicant651
9100000652,Diya Applicant652
9100000653,Kabir Applicant653
9100000654,Meera Applicant654
9100000655,Rohan Applicant655
9100000656,Sara Applicant656
9100000657,Vihaan Applicant657
9100000658,Anaya Applicant658
9100000659,Arjun Applicant659
9100000660,Isha Applicant660
9100000661,Aarav Applicant661
9100000662,Diya Applicant662
9100000663,Kabir Applicant663
9100000664,Meera Applicant664
9100000665,Rohan Applicant665
9100000666,Sara Applicant666
9100000667,Vihaan Applicant667
9100000668,Anaya Applicant668
9100000669,Arjun Applicant669
9100000670,Isha Applicant670
9100000671,Aarav Applicant671
9100000672,Diya Applicant672
9100000673,Kabir Applicant673
9100000674,Meera Applicant674
9100000675,Rohan Applicant675
9100000676,Sara Applicant676
9100000677,Vihaan Applicant677
9100000678,Anaya Applicant678
9100000679,Arjun Applicant679
9100000680,Isha Applicant680
9100000681,Aarav Applicant681
9100000682,Diya Applicant682
9100000683,Kabir Applicant683
9100000684,Meera Applicant684
9100000685,Rohan Applicant685
9100000686,Sara Applicant686
9100000687,Vihaan Applicant687
9100000688,Anaya Applicant688
9100000689,Arjun Applicant689
9100000690,Isha Applicant690
9100000691,Aarav Applicant691
9100000692,Diya Applicant692
9100000693,Kabir Applicant693
9100000694,Meera Applicant694
9100000695,Rohan Applicant695
9100000696,Sara Applicant696
9100000697,Vihaan Applicant697
9100000698,Anaya Applicant698
9100000699,Arjun Applicant699
9100000700,Isha Applicant700
9100000701,Aarav Applicant701
9100000702,Diya Applicant702
9100000703,Kabir Applicant703
9100000704,Meera Applicant704
9100000705,Rohan Applicant705
9100000706,Sara Applicant706
9100000707,Vihaan Applicant707
9100000708,Anaya Applicant708
9100000709,Arjun Applicant709
9100000710,Isha Applicant710
9100000711,Aarav Applicant711
9100000712,Diya Applicant712
9100000713,Kabir Applicant713
9100000714,Meera Applicant714
9100000715,Rohan Applicant715
9100000716,Sara Applicant716
9100000717,Vihaan Applicant717
9100000718,Anaya Applicant718
9100000719,Arjun Applicant719
9100000720,Isha Applicant720
9100000721,Aarav Applicant721
9100000722,Diya Applicant722
9100000723,Kabir Applicant723
9100000724,Meera Applicant724
9100000725,Rohan Applicant725
9100000726,Sara Applicant726
9100000727,Vihaan Applicant727
9100000728,Anaya Applicant728
9100000729,Arjun Applicant729
9100000730,Isha Applicant730
9100000731,Aarav Applicant731
9100000732,Diya Applicant732
9100000733,Kabir Applicant733
9100000734,Meera Applicant734
9100000735,Rohan Applicant735
9100000736,Sara Applicant736
9100000737,Vihaan Applicant737
9100000738,Anaya Applicant738
9100000739,Arjun Applicant739
9100000740,Isha Applicant740
9100000741,Aarav Applicant741
9100000742,Diya Applicant742
9100000743,Kabir Applicant743
9100000744,Meera Applicant744
9100000745,Rohan Applicant745
9100000746,Sara Applicant746
9100000747,Vihaan Applicant747
9100000748,Anaya Applicant748
9100000749,Arjun Applicant749
9100000750,Isha Applicant750
9100000751,Aarav Applicant751
9100000752,Diya Applicant752
9100000753,Kabir Applicant753
9100000754,Meera Applicant754
9100000755,Rohan Applicant755
9100000756,Sara Applicant756
9100000757,Vihaan Applicant757
9100000758,Anaya Applicant758
9100000759,Arjun Applicant759
9100000760,Isha Applicant760
9100000761,Aarav Applicant761
9100000762,Diya Applicant762
9100000763,Kabir Applicant763
9100000764,Meera Applicant764
9100000765,Rohan Applicant765
9100000766,Sara Applicant766
9100000767,Vihaan Applicant767
9100000768,Anaya Applicant768
9100000769,Arjun Applicant769
9100000770,Isha Applicant770
9100000771,Aarav Applicant771
9100000772,Diya Applicant772
9100000773,Kabir Applicant773
9100000774,Meera Applicant774
9100000775,Rohan Applicant775
9100000776,Sara Applicant776
9100000777,Vihaan Applicant777
9100000778,Anaya Applicant778
9100000779,Arjun Applicant779
9100000780,Isha Applicant780
9100000781,Aarav Applicant781
9100000782,Diya Applicant782
9100000783,Kabir Applicant783
9100000784,Meera Applicant784
9100000785,Rohan Applicant785
9100000786,Sara Applicant786
9100000787,Vihaan Applicant787
9100000788,Anaya Applicant788
9100000789,Arjun Applicant789
9100000790,Isha Applicant790
9100000791,Aarav Applicant791
9100000792,Diya Applicant792
9100000793,Kabir Applicant793
9100000794,Meera Applicant794
9100000795,Rohan Applicant795
9100000796,Sara Applicant796
9100000797,Vihaan Applicant797
9100000798,Anaya Applicant798
9100000799,Arjun Applicant799
9100000800,Isha Applicant800
9100000801,Aarav Applicant801
9100000802,Diya Applicant802
9100000803,Kabir Applicant803
9100000804,Meera Applicant804
9100000805,Rohan Applicant805
9100000806,Sara Applicant806
9100000807,Vihaan Applicant807
9100000808,Anaya Applicant808
9100000809,Arjun Applicant809
9100000810,Isha Applicant810
9100000811,Aarav Applicant811
9100000812,Diya Applicant812
9100000813,Kabir Applicant813
9100000814,Meera Applicant814
9100000815,Rohan Applicant815
9100000816,Sara Applicant816
9100000817,Vihaan Applicant817
9100000818,Anaya Applicant818
9100000819,Arjun Applicant819
9100000820,Isha Applicant820
9100000821,Aarav Applicant821
9100000822,Diya Applicant822
9100000823,Kabir Applicant823
9100000824,Meera Applicant824
9100000825,Rohan Applicant825
9100000826,Sara Applicant826
9100000827,Vihaan Applicant827
9100000828,Anaya Applicant828
9100000829,Arjun Applicant829
9100000830,Isha Applicant830
9100000831,Aarav Applicant831
9100000832,Diya Applicant832
9100000833,Kabir Applicant833
9100000834,Meera Applicant834
9100000835,Rohan Applicant835
9100000836,Sara Applicant836
9100000837,Vihaan Applicant837
9100000838,Anaya Applicant838
9100000839,Arjun Applicant839
9100000840,Isha Applicant840
9100000841,Aarav Applicant841
9100000842,Diya Applicant842
9100000843,Kabir Applicant843
9100000844,Meera Applicant844
9100000845,Rohan Applicant845
9100000846,Sara Applicant846
9100000847,Vihaan Applicant847
9100000848,Anaya Applicant848
9100000849,Arjun Applicant849
9100000850,Isha Applicant850
9100000851,Aarav Applicant851
9100000852,Diya Applicant852
9100000853,Kabir Applicant853
9100000854,Meera Applicant854
9100000855,Rohan Applicant855
9100000856,Sara Applicant856
9100000857,Vihaan Applicant857
9100000858,Anaya Applicant858
9100000859,Arjun Applicant859
9100000860,Isha Applicant860
9100000861,Aarav Applicant861
9100000862,Diya Applicant862
9100000863,Kabir Applicant863
9100000864,Meera Applicant864
9100000865,Rohan Applicant865
9100000866,Sara Applicant866
9100000867,Vihaan Applicant867
9100000868,Anaya Applicant868
9100000869,Arjun Applicant869
9100000870,Isha Applicant870
9100000871,Aarav Applicant871
9100000872,Diya Applicant872
9100000873,Kabir Applicant873
9100000874,Meera Applicant874
9100000875,Rohan Applicant875
9100000876,Sara Applicant876
9100000877,Vihaan Applicant877
9100000878,Anaya Applicant878
9100000879,Arjun Applicant879
9100000880,Isha Applicant880
9100000881,Aarav Applicant881
9100000882,Diya Applicant882
9100000883,Kabir Applicant883
9100000884,Meera Applicant884
9100000885,Rohan Applicant885
9100000886,Sara Applicant886
9100000887,Vihaan Applicant887
9100000888,Anaya Applicant888
9100000889,Arjun Applicant889
9100000890,Isha Applicant890
9100000891,Aarav Applicant891
9100000892,Diya Applicant892
9100000893,Kabir Applicant893
9100000894,Meera Applicant894
9100000895,Rohan Applicant895
9100000896,Sara Applicant896
9100000897,Vihaan Applicant897
9100000898,Anaya Applicant898
9100000899,Arjun Applicant899
9100000900,Isha Applicant900
9100000901,Aarav Applicant901
9100000902,Diya Applicant902
9100000903,Kabir Applicant903
9100000904,Meera Applicant904
9100000905,Rohan Applicant905
9100000906,Sara Applicant906
9100000907,Vihaan Applicant907
9100000908,Anaya Applicant908
9100000909,Arjun Applicant909
9100000910,Isha Applicant910
9100000911,Aarav Applicant911
9100000912,Diya Applicant912
9100000913,Kabir Applicant913
9100000914,Meera Applicant914
9100000915,Rohan Applicant915
9100000916,Sara Applicant916
9100000917,Vihaan Applicant917
9100000918,Anaya Applicant918
9100000919,Arjun Applicant919
9100000920,Isha Applicant920
9100000921,Aarav Applicant921
9100000922,Diya Applicant922
9100000923,Kabir Applicant923
9100000924,Meera Applicant924
9100000925,Rohan Applicant925
9100000926,Sara Applicant926
9100000927,Vihaan Applicant927
9100000928,Anaya Applicant928
9100000929,Arjun Applicant929
9100000930,Isha Applicant930
9100000931,Aarav Applicant931
9100000932,Diya Applicant932
9100000933,Kabir Applicant933
9100000934,Meera Applicant934
9100000935,Rohan Applicant935
9100000936,Sara Applicant936
9100000937,Vihaan Applicant937
9100000938,Anaya Applicant938
9100000939,Arjun Applicant939
9100000940,Isha Applicant940
9100000941,Aarav Applicant941
9100000942,Diya Applicant942
9100000943,Kabir Applicant943
9100000944,Meera Applicant944
9100000945,Rohan Applicant945
9100000946,Sara Applicant946
9100000947,Vihaan Applicant947
9100000948,Anaya Applicant948
9100000949,Arjun Applicant949
9100000950,Isha Applicant950
9100000951,Aarav Applicant951
9100000952,Diya Applicant952
9100000953,Kabir Applicant953
9100000954,Meera Applicant954
9100000955,Rohan Applicant955
9100000956,Sara Applicant956
9100000957,Vihaan Applicant957
9100000958,Anaya Applicant958
9100000959,Arjun Applicant959
9100000960,Isha Applicant960
9100000961,Aarav Applicant961
9100000962,Diya Applicant962
9100000963,Kabir Applicant963
9100000964,Meera Applicant964
9100000965,Rohan Applicant965
9100000966,Sara Applicant966
9100000967,Vihaan Applicant967
9100000968,Anaya Applicant968
9100000969,Arjun Applicant969
9100000970,Isha Applicant970
9100000971,Aarav Applicant971
9100000972,Diya Applicant972
9100000973,Kabir Applicant973
9100000974,Meera Applicant974
9100000975,Rohan Applicant975
9100000976,Sara Applicant976
9100000977,Vihaan Applicant977
9100000978,Anaya Applicant978
9100000979,Arjun Applicant979
9100000980,Isha Applicant980
9100000981,Aarav Applicant981
9100000982,Diya Applicant982
9100000983,Kabir Applicant983
9100000984,Meera Applicant984
9100000985,Rohan Applicant985
9100000986,Sara Applicant986
9100000987,Vihaan Applicant987
9100000988,Anaya Applicant988
9100000989,Arjun Applicant989
9100000990,Isha Applicant990
9100000991,Aarav Applicant991
9100000992,Diya Applicant992
9100000993,Kabir Applicant993
9100000994,Meera Applicant994
9100000995,Rohan Applicant995
9100000996,Sara Applicant996
9100000997,Vihaan Applicant997
9100000998,Anaya Applicant998
9100000999,Arjun Applicant999
9100001000,Isha Applicant1000
9100001001,Aarav Applicant1001
9100001002,Diya Applicant1002
9100001003,Kabir Applicant1003
9100001004,Meera Applicant1004
9100001005,Rohan Applicant1005
9100001006,Sara Applicant1006
9100001007,Vihaan Applicant1007
9100001008,Anaya Applicant1008
9100001009,Arjun Applicant1009
9100001010,Isha Applicant1010
9100001011,Aarav Applicant1011
9100001012,Diya Applicant1012
9100001013,Kabir Applicant1013
9100001014,Meera Applicant1014
9100001015,Rohan Applicant1015
9100001016,Sara Applicant1016
9100001017,Vihaan Applicant1017
9100001018,Anaya Applicant1018
9100001019,Arjun Applicant1019
9100001020,Isha Applicant1020
9100001021,Aarav Applicant1021
9100001022,Diya Applicant1022
9100001023,Kabir Applicant1023
9100001024,Meera Applicant1024
9100001025,Rohan Applicant1025
9100001026,Sara Applicant1026
9100001027,Vihaan Applicant1027
9100001028,Anaya Applicant1028
9100001029,Arjun Applicant1029
9100001030,Isha Applicant1030
9100001031,Aarav Applicant1031
9100001032,Diya Applicant1032
9100001033,Kabir Applicant1033
9100001034,Meera Applicant1034
9100001035,Rohan Applicant1035
9100001036,Sara Applicant1036
9100001037,Vihaan Applicant1037
9100001038,Anaya Applicant1038
9100001039,Arjun Applicant1039
9100001040,Isha Applicant1040
9100001041,Aarav Applicant1041
9100001042,Diya Applicant1042
9100001043,Kabir Applicant1043
9100001044,Meera Applicant1044
9100001045,Rohan Applicant1045
9100001046,Sara Applicant1046
9100001047,Vihaan Applicant1047
9100001048,Anaya Applicant1048
9100001049,Arjun Applicant1049
9100001050,Isha Applicant1050
9100001051,Aarav Applicant1051
9100001052,Diya Applicant1052
9100001053,Kabir Applicant1053
9100001054,Meera Applicant1054
9100001055,Rohan Applicant1055
9100001056,Sara Applicant1056
9100001057,Vihaan Applicant1057
9100001058,Anaya Applicant1058
9100001059,Arjun Applicant1059
9100001060,Isha Applicant1060
9100001061,Aarav Applicant1061
9100001062,Diya Applicant1062
9100001063,Kabir Applicant1063
9100001064,Meera Applicant1064
9100001065,Rohan Applicant1065
9100001066,Sara Applicant1066
9100001067,Vihaan Applicant1067
9100001068,Anaya Applicant1068
9100001069,Arjun Applicant1069
9100001070,Isha Applicant1070
9100001071,Aarav Applicant1071
9100001072,Diya Applicant1072
9100001073,Kabir Applicant1073
9100001074,Meera Applicant1074
9100001075,Rohan Applicant1075
9100001076,Sara Applicant1076
9100001077,Vihaan Applicant1077
9100001078,Anaya Applicant1078
9100001079,Arjun Applicant1079
9100001080,Isha Applicant1080
9100001081,Aarav Applicant1081
9100001082,Diya Applicant1082
9100001083,Kabir Applicant1083
9100001084,Meera Applicant1084
9100001085,Rohan Applicant1085
9100001086,Sara Applicant1086
9100001087,Vihaan Applicant1087
9100001088,Anaya Applicant1088
9100001089,Arjun Applicant1089
9100001090,Isha Applicant1090
9100001091,Aarav Applicant1091
9100001092,Diya Applicant1092
9100001093,Kabir Applicant1093
9100001094,Meera Applicant1094
9100001095,Rohan Applicant1095
9100001096,Sara Applicant1096
9100001097,Vihaan Applicant1097
9100001098,Anaya Applicant1098
9100001099,Arjun Applicant1099
9100001100,Isha Applicant1100
9100001101,Aarav Applicant1101
9100001102,Diya Applicant1102
9100001103,Kabir Applicant1103
9100001104,Meera Applicant1104
9100001105,Rohan Applicant1105
9100001106,Sara Applicant1106
9100001107,Vihaan Applicant1107
9100001108,Anaya Applicant1108
9100001109,Arjun Applicant1109
9100001110,Isha Applicant1110
9100001111,Aarav Applicant1111
9100001112,Diya Applicant1112
9100001113,Kabir Applicant1113
9100001114,Meera Applicant1114
9100001115,Rohan Applicant1115
9100001116,Sara Applicant1116
9100001117,Vihaan Applicant1117
9100001118,Anaya Applicant1118
9100001119,Arjun Applicant1119
9100001120,Isha Applicant1120
9100001121,Aarav Applicant1121
9100001122,Diya Applicant1122
9100001123,Kabir Applicant1123
9100001124,Meera Applicant1124
9100001125,Rohan Applicant1125
9100001126,Sara Applicant1126
9100001127,Vihaan Applicant1127
9100001128,Anaya Applicant1128
9100001129,Arjun Applicant1129
9100001130,Isha Applicant1130
9100001131,Aarav Applicant1131
9100001132,Diya Applicant1132
9100001133,Kabir Applicant1133
9100001134,Meera Applicant1134
9100001135,Rohan Applicant1135
9100001136,Sara Applicant1136
9100001137,Vihaan Applicant1137
9100001138,Anaya Applicant1138
9100001139,Arjun Applicant1139
9100001140,Isha Applicant1140
9100001141,Aarav Applicant1141
9100001142,Diya Applicant1142
9100001143,Kabir Applicant1143
9100001144,Meera Applicant1144
9100001145,Rohan Applicant1145
9100001146,Sara Applicant1146
9100001147,Vihaan Applicant1147
9100001148,Anaya Applicant1148
9100001149,Arjun Applicant1149
9100001150,Isha Applicant1150
9100001151,Aarav Applicant1151
9100001152,Diya Applicant1152
9100001153,Kabir Applicant1153
9100001154,Meera Applicant1154
9100001155,Rohan Applicant1155
9100001156,Sara Applicant1156
9100001157,Vihaan Applicant1157
9100001158,Anaya Applicant1158
9100001159,Arjun Applicant1159
9100001160,Isha Applicant1160
9100001161,Aarav Applicant1161
9100001162,Diya Applicant1162
9100001163,Kabir Applicant1163
9100001164,Meera Applicant1164
9100001165,Rohan Applicant1165
9100001166,Sara Applicant1166
9100001167,Vihaan Applicant1167
9100001168,Anaya Applicant1168
9100001169,Arjun Applicant1169
9100001170,Isha Applicant1170
9100001171,Aarav Applicant1171
9100001172,Diya Applicant1172
9100001173,Kabir Applicant1173
9100001174,Meera Applicant1174
9100001175,Rohan Applicant1175
9100001176,Sara Applicant1176
9100001177,Vihaan Applicant1177
9100001178,Anaya Applicant1178
9100001179,Arjun Applicant1179
9100001180,Isha Applicant1180
9100001181,Aarav Applicant1181
9100001182,Diya Applicant1182
9100001183,Kabir Applicant1183
9100001184,Meera Applicant1184
9100001185,Rohan Applicant1185
9100001186,Sara Applicant1186
9100001187,Vihaan Applicant1187
9100001188,Anaya Applicant1188
9100001189,Arjun Applicant1189
9100001190,Isha Applicant1190
9100001191,Aarav Applicant1191
9100001192,Diya Applicant1192
9100001193,Kabir Applicant1193
9100001194,Meera Applicant1194
9100001195,Rohan Applicant1195
9100001196,Sara Applicant1196
9100001197,Vihaan Applicant1197
9100001198,Anaya Applicant1198
9100001199,Arjun Applicant1199
9100001200,Isha Applicant1200
9100001201,Aarav Applicant1201
9100001202,Diya Applicant1202
9100001203,Kabir Applicant1203
9100001204,Meera Applicant1204
9100001205,Rohan Applicant1205
9100001206,Sara Applicant1206
9100001207,Vihaan Applicant1207
9100001208,Anaya Applicant1208
9100001209,Arjun Applicant1209
9100001210,Isha Applicant1210
9100001211,Aarav Applicant1211
9100001212,Diya Applicant1212
9100001213,Kabir Applicant1213
9100001214,Meera Applicant1214
9100001215,Rohan Applicant1215
9100001216,Sara Applicant1216
9100001217,Vihaan Applicant1217
9100001218,Anaya Applicant1218
9100001219,Arjun Applicant1219
9100001220,Isha Applicant1220
9100001221,Aarav Applicant1221
9100001222,Diya Applicant1222
9100001223,Kabir Applicant1223
9100001224,Meera Applicant1224
9100001225,Rohan Applicant1225
9100001226,Sara Applicant1226
9100001227,Vihaan Applicant1227
9100001228,Anaya Applicant1228
9100001229,Arjun Applicant1229
9100001230,Isha Applicant1230
9100001231,Aarav Applicant1231
9100001232,Diya Applicant1232
9100001233,Kabir Applicant1233
9100001234,Meera Applicant1234
9100001235,Rohan Applicant1235
9100001236,Sara Applicant1236
9100001237,Vihaan Applicant1237
9100001238,Anaya Applicant1238
9100001239,Arjun Applicant1239
9100001240,Isha Applicant1240
9100001241,Aarav Applicant1241
9100001242,Diya Applicant1242
9100001243,Kabir Applicant1243
9100001244,Meera Applicant1244
9100001245,Rohan Applicant1245
9100001246,Sara Applicant1246
9100001247,Vihaan Applicant1247
9100001248,Anaya Applicant1248
9100001249,Arjun Applicant1249
9100001250,Isha Applicant1250
9100001251,Aarav Applicant1251
9100001252,Diya Applicant1252
9100001253,Kabir Applicant1253
9100001254,Meera Applicant1254
9100001255,Rohan Applicant1255
9100001256,Sara Applicant1256
9100001257,Vihaan Applicant1257
9100001258,Anaya Applicant1258
9100001259,Arjun Applicant1259
9100001260,Isha Applicant1260
9100001261,Aarav Applicant1261
9100001262,Diya Applicant1262
9100001263,Kabir Applicant1263
9100001264,Meera Applicant1264
9100001265,Rohan Applicant1265
9100001266,Sara Applicant1266
9100001267,Vihaan Applicant1267
9100001268,Anaya Applicant1268
9100001269,Arjun Applicant1269
9100001270,Isha Applicant1270
9100001271,Aarav Applicant1271
9100001272,Diya Applicant1272
9100001273,Kabir Applicant1273
9100001274,Meera Applicant1274
9100001275,Rohan Applicant1275
9100001276,Sara Applicant1276
9100001277,Vihaan Applicant1277
9100001278,Anaya Applicant1278
9100001279,Arjun Applicant1279
9100001280,Isha Applicant1280
9100001281,Aarav Applicant1281
9100001282,Diya Applicant1282
9100001283,Kabir Applicant1283
9100001284,Meera Applicant1284
9100001285,Rohan Applicant1285
9100001286,Sara Applicant1286
9100001287,Vihaan Applicant1287
9100001288,Anaya Applicant1288
9100001289,Arjun Applicant1289
9100001290,Isha Applicant1290
9100001291,Aarav Applicant1291
9100001292,Diya Applicant1292
9100001293,Kabir Applicant1293
9100001294,Meera Applicant1294
9100001295,Rohan Applicant1295
9100001296,Sara Applicant1296
9100001297,Vihaan Applicant1297
9100001298,Anaya Applicant1298
9100001299,Arjun Applicant1299
9100001300,Isha Applicant1300
9100001301,Aarav Applicant1301
9100001302,Diya Applicant1302
9100001303,Kabir Applicant1303
9100001304,Meera Applicant1304
9100001305,Rohan Applicant1305
9100001306,Sara Applicant1306
9100001307,Vihaan Applicant1307
9100001308,Anaya Applicant1308
9100001309,Arjun Applicant1309
9100001310,Isha Applicant1310
9100001311,Aarav Applicant1311
9100001312,Diya Applicant1312
9100001313,Kabir Applicant1313
9100001314,Meera Applicant1314
9100001315,Rohan Applicant1315
9100001316,Sara Applicant1316
9100001317,Vihaan Applicant1317
9100001318,Anaya Applicant1318
9100001319,Arjun Applicant1319
9100001320,Isha Applicant1320
9100001321,Aarav Applicant1321
9100001322,Diya Applicant1322
9100001323,Kabir Applicant1323
9100001324,Meera Applicant1324
9100001325,Rohan Applicant1325
9100001326,Sara Applicant1326
9100001327,Vihaan Applicant1327
9100001328,Anaya Applicant1328
9100001329,Arjun Applicant1329
9100001330,Isha Applicant1330
9100001331,Aarav Applicant1331
9100001332,Diya Applicant1332
9100001333,Kabir Applicant1333
9100001334,Meera Applicant1334
9100001335,Rohan Applicant1335
9100001336,Sara Applicant1336
9100001337,Vihaan Applicant1337
9100001338,Anaya Applicant1338
9100001339,Arjun Applicant1339
9100001340,Isha Applicant1340
9100001341,Aarav Applicant1341
9100001342,Diya Applicant1342
9100001343,Kabir Applicant1343
9100001344,Meera Applicant1344
9100001345,Rohan Applicant1345
9100001346,Sara Applicant1346
9100001347,Vihaan Applicant1347
9100001348,Anaya Applicant1348
9100001349,Arjun Applicant1349
9100001350,Isha Applicant1350
9100001351,Aarav Applicant1351
9100001352,Diya Applicant1352
9100001353,Kabir Applicant1353
9100001354,Meera Applicant1354
9100001355,Rohan Applicant1355
9100001356,Sara Applicant1356
9100001357,Vihaan Applicant1357
9100001358,Anaya Applicant1358
9100001359,Arjun Applicant1359
9100001360,Isha Applicant1360
9100001361,Aarav Applicant1361
9100001362,Diya Applicant1362
9100001363,Kabir Applicant1363
9100001364,Meera Applicant1364
9100001365,Rohan Applicant1365
9100001366,Sara Applicant1366
9100001367,Vihaan Applicant1367
9100001368,Anaya Applicant1368
9100001369,Arjun Applicant1369
9100001370,Isha Applicant1370
9100001371,Aarav Applicant1371
9100001372,Diya Applicant1372
9100001373,Kabir Applicant1373
9100001374,Meera Applicant1374
9100001375,Rohan Applicant1375
9100001376,Sara Applicant1376
9100001377,Vihaan Applicant1377
9100001378,Anaya Applicant1378
9100001379,Arjun Applicant1379
9100001380,Isha Applicant1380
9100001381,Aarav Applicant1381
9100001382,Diya Applicant1382
9100001383,Kabir Applicant1383
9100001384,Meera Applicant1384
9100001385,Rohan Applicant1385
9100001386,Sara Applicant1386
9100001387,Vihaan Applicant1387
9100001388,Anaya Applicant1388
9100001389,Arjun Applicant1389
9100001390,Isha Applicant1390
9100001391,Aarav Applicant1391
9100001392,Diya Applicant1392
9100001393,Kabir Applicant1393
9100001394,Meera Applicant1394
9100001395,Rohan Applicant1395
9100001396,Sara Applicant1396
9100001397,Vihaan Applicant1397
9100001398,Anaya Applicant1398
9100001399,Arjun Applicant1399
9100001400,Isha Applicant1400
9100001401,Aarav Applicant1401
9100001402,Diya Applicant1402
9100001403,Kabir Applicant1403
9100001404,Meera Applicant1404
9100001405,Rohan Applicant1405
9100001406,Sara Applicant1406
9100001407,Vihaan Applicant1407
9100001408,Anaya Applicant1408
9100001409,Arjun Applicant1409
9100001410,Isha Applicant1410
9100001411,Aarav Applicant1411
9100001412,Diya Applicant1412
9100001413,Kabir Applicant1413
9100001414,Meera Applicant1414
9100001415,Rohan Applicant1415
9100001416,Sara Applicant1416
9100001417,Vihaan Applicant1417
9100001418,Anaya Applicant1418
9100001419,Arjun Applicant1419
9100001420,Isha Applicant1420
9100001421,Aarav Applicant1421
9100001422,Diya Applicant1422
9100001423,Kabir Applicant1423
9100001424,Meera Applicant1424
9100001425,Rohan Applicant1425
9100001426,Sara Applicant1426
9100001427,Vihaan Applicant1427
9100001428,Anaya Applicant1428
9100001429,Arjun Applicant1429
9100001430,Isha Applicant1430
9100001431,Aarav Applicant1431
9100001432,Diya Applicant1432
9100001433,Kabir Applicant1433
9100001434,Meera Applicant1434
9100001435,Rohan Applicant1435
9100001436,Sara Applicant1436
9100001437,Vihaan Applicant1437
9100001438,Anaya Applicant1438
9100001439,Arjun Applicant1439
9100001440,Isha Applicant1440
9100001441,Aarav Applicant1441
9100001442,Diya Applicant1442
9100001443,Kabir Applicant1443
9100001444,Meera Applicant1444
9100001445,Rohan Applicant1445
9100001446,Sara Applicant1446
9100001447,Vihaan Applicant1447
9100001448,Anaya Applicant1448
9100001449,Arjun Applicant1449
9100001450,Isha Applicant1450
9100001451,Aarav Applicant1451
9100001452,Diya Applicant1452
9100001453,Kabir Applicant1453
9100001454,Meera Applicant1454
9100001455,Rohan Applicant1455
9100001456,Sara Applicant1456
9100001457,Vihaan Applicant1457
9100001458,Anaya Applicant1458
9100001459,Arjun Applicant1459
9100001460,Isha Applicant1460
9100001461,Aarav Applicant1461
9100001462,Diya Applicant1462
9100001463,Kabir Applicant1463
9100001464,Meera Applicant1464
9100001465,Rohan Applicant1465
9100001466,Sara Applicant1466
9100001467,Vihaan Applicant1467
9100001468,Anaya Applicant1468
9100001469,Arjun Applicant1469
9100001470,Isha Applicant1470
9100001471,Aarav Applicant1471
9100001472,Diya Applicant1472
9100001473,Kabir Applicant1473
9100001474,Meera Applicant1474
9100001475,Rohan Applicant1475
9100001476,Sara Applicant1476
9100001477,Vihaan Applicant1477
9100001478,Anaya Applicant1478
9100001479,Arjun Applicant1479
9100001480,Isha Applicant1480
9100001481,Aarav Applicant1481
9100001482,Diya Applicant1482
9100001483,Kabir Applicant1483
9100001484,Meera Applicant1484
9100001485,Rohan Applicant1485
9100001486,Sara Applicant1486
9100001487,Vihaan Applicant1487
9100001488,Anaya Applicant1488
9100001489,Arjun Applicant1489
9100001490,Isha Applicant1490
9100001491,Aarav Applicant1491
9100001492,Diya Applicant1492
9100001493,Kabir Applicant1493
9100001494,Meera Applicant1494
9100001495,Rohan Applicant1495
9100001496,Sara Applicant1496
9100001497,Vihaan Applicant1497
9100001498,Anaya Applicant1498
9100001499,Arjun Applicant1499
9100001500,Isha Applicant1500
9100001501,Aarav Applicant1501
9100001502,Diya Applicant1502
9100001503,Kabir Applicant1503
9100001504,Meera Applicant1504
9100001505,Rohan Applicant1505
9100001506,Sara Applicant1506
9100001507,Vihaan Applicant1507
9100001508,Anaya Applicant1508
9100001509,Arjun Applicant1509
9100001510,Isha Applicant1510
9100001511,Aarav Applicant1511
9100001512,Diya Applicant1512
9100001513,Kabir Applicant1513
9100001514,Meera Applicant1514
9100001515,Rohan Applicant1515
9100001516,Sara Applicant1516
9100001517,Vihaan Applicant1517
9100001518,Anaya Applicant1518
9100001519,Arjun Applicant1519
9100001520,Isha Applicant1520
9100001521,Aarav Applicant1521
9100001522,Diya Applicant1522
9100001523,Kabir Applicant1523
9100001524,Meera Applicant1524
9100001525,Rohan Applicant1525
9100001526,Sara Applicant1526
9100001527,Vihaan Applicant1527
9100001528,Anaya Applicant1528
9100001529,Arjun Applicant1529
9100001530,Isha Applicant1530
9100001531,Aarav Applicant1531
9100001532,Diya Applicant1532
9100001533,Kabir Applicant1533
9100001534,Meera Applicant1534
9100001535,Rohan Applicant1535
9100001536,Sara Applicant1536
9100001537,Vihaan Applicant1537
9100001538,Anaya Applicant1538
9100001539,Arjun Applicant1539
9100001540,Isha Applicant1540
9100001541,Aarav Applicant1541
9100001542,Diya Applicant1542
9100001543,Kabir Applicant1543
9100001544,Meera Applicant1544
9100001545,Rohan Applicant1545
9100001546,Sara Applicant1546
9100001547,Vihaan Applicant1547
9100001548,Anaya Applicant1548
9100001549,Arjun Applicant1549
9100001550,Isha Applicant1550
9100001551,Aarav Applicant1551
9100001552,Diya Applicant1552
9100001553,Kabir Applicant1553
9100001554,Meera Applicant1554
9100001555,Rohan Applicant1555
9100001556,Sara Applicant1556
9100001557,Vihaan Applicant1557
9100001558,Anaya Applicant1558
9100001559,Arjun Applicant1559
9100001560,Isha Applicant1560
9100001561,Aarav Applicant1561
9100001562,Diya Applicant1562
9100001563,Kabir Applicant1563
9100001564,Meera Applicant1564
9100001565,Rohan Applicant1565
9100001566,Sara Applicant1566
9100001567,Vihaan Applicant1567
9100001568,Anaya Applicant1568
9100001569,Arjun Applicant1569
9100001570,Isha Applicant1570
9100001571,Aarav Applicant1571
9100001572,Diya Applicant1572
9100001573,Kabir Applicant1573
9100001574,Meera Applicant1574
9100001575,Rohan Applicant1575
9100001576,Sara Applicant1576
9100001577,Vihaan Applicant1577
9100001578,Anaya Applicant1578
9100001579,Arjun Applicant1579
9100001580,Isha Applicant1580
9100001581,Aarav Applicant1581
9100001582,Diya Applicant1582
9100001583,Kabir Applicant1583
9100001584,Meera Applicant1584
9100001585,Rohan Applicant1585
9100001586,Sara Applicant1586
9100001587,Vihaan Applicant1587
9100001588,Anaya Applicant1588
9100001589,Arjun Applicant1589
9100001590,Isha Applicant1590
9100001591,Aarav Applicant1591
9100001592,Diya Applicant1592
9100001593,Kabir Applicant1593
9100001594,Meera Applicant1594
9100001595,Rohan Applicant1595
9100001596,Sara Applicant1596
9100001597,Vihaan Applicant1597
9100001598,Anaya Applicant1598
9100001599,Arjun Applicant1599
9100001600,Isha Applicant1600
9100001601,Aarav Applicant1601
9100001602,Diya Applicant1602
9100001603,Kabir Applicant1603
9100001604,Meera Applicant1604
9100001605,Rohan Applicant1605
9100001606,Sara Applicant1606
9100001607,Vihaan Applicant1607
9100001608,Anaya Applicant1608
9100001609,Arjun Applicant1609
9100001610,Isha Applicant1610
9100001611,Aarav Applicant1611
9100001612,Diya Applicant1612
9100001613,Kabir Applicant1613
9100001614,Meera Applicant1614
9100001615,Rohan Applicant1615
9100001616,Sara Applicant1616
9100001617,Vihaan Applicant1617
9100001618,Anaya Applicant1618
9100001619,Arjun Applicant1619
9100001620,Isha Applicant1620
9100001621,Aarav Applicant1621
9100001622,Diya Applicant1622
9100001623,Kabir Applicant1623
9100001624,Meera Applicant1624
9100001625,Rohan Applicant1625
9100001626,Sara Applicant1626
9100001627,Vihaan Applicant1627
9100001628,Anaya Applicant1628
9100001629,Arjun Applicant1629
9100001630,Isha Applicant1630
9100001631,Aarav Applicant1631
9100001632,Diya Applicant1632
9100001633,Kabir Applicant1633
9100001634,Meera Applicant1634
9100001635,Rohan Applicant1635
9100001636,Sara Applicant1636
9100001637,Vihaan Applicant1637
9100001638,Anaya Applicant1638
9100001639,Arjun Applicant1639
9100001640,Isha Applicant1640
9100001641,Aarav Applicant1641
9100001642,Diya Applicant1642
9100001643,Kabir Applicant1643
9100001644,Meera Applicant1644
9100001645,Rohan Applicant1645
9100001646,Sara Applicant1646
9100001647,Vihaan Applicant1647
9100001648,Anaya Applicant1648
9100001649,Arjun Applicant1649
9100001650,Isha Applicant1650
9100001651,Aarav Applicant1651
9100001652,Diya Applicant1652
9100001653,Kabir Applicant1653
9100001654,Meera Applicant1654
9100001655,Rohan Applicant1655
9100001656,Sara Applicant1656
9100001657,Vihaan Applicant1657
9100001658,Anaya Applicant1658
9100001659,Arjun Applicant1659
9100001660,Isha Applicant1660
9100001661,Aarav Applicant1661
9100001662,Diya Applicant1662
9100001663,Kabir Applicant1663
9100001664,Meera Applicant1664
9100001665,Rohan Applicant1665
9100001666,Sara Applicant1666
9100001667,Vihaan Applicant1667
9100001668,Anaya Applicant1668
9100001669,Arjun Applicant1669
9100001670,Isha Applicant1670
9100001671,Aarav Applicant1671
9100001672,Diya Applicant1672
9100001673,Kabir Applicant1673
9100001674,Meera Applicant1674
9100001675,Rohan Applicant1675
9100001676,Sara Applicant1676
9100001677,Vihaan Applicant1677
9100001678,Anaya Applicant1678
9100001679,Arjun Applicant1679
9100001680,Isha Applicant1680
9100001681,Aarav Applicant1681
9100001682,Diya Applicant1682
9100001683,Kabir Applicant1683
9100001684,Meera Applicant1684
9100001685,Rohan Applicant1685
9100001686,Sara Applicant1686
9100001687,Vihaan Applicant1687
9100001688,Anaya Applicant1688
9100001689,Arjun Applicant1689
9100001690,Isha Applicant1690
9100001691,Aarav Applicant1691
9100001692,Diya Applicant1692
9100001693,Kabir Applicant1693
9100001694,Meera Applicant1694
9100001695,Rohan Applicant1695
9100001696,Sara Applicant1696
9100001697,Vihaan Applicant1697
9100001698,Anaya Applicant1698
9100001699,Arjun Applicant1699
9100001700,Isha Applicant1700
9100001701,Aarav Applicant1701
9100001702,Diya Applicant1702
9100001703,Kabir Applicant1703
9100001704,Meera Applicant1704
9100001705,Rohan Applicant1705
9100001706,Sara Applicant1706
9100001707,Vihaan Applicant1707
9100001708,Anaya Applicant1708
9100001709,Arjun Applicant1709
9100001710,Isha Applicant1710
9100001711,Aarav Applicant1711
9100001712,Diya Applicant1712
9100001713,Kabir Applicant1713
9100001714,Meera Applicant1714
9100001715,Rohan Applicant1715
9100001716,Sara Applicant1716
9100001717,Vihaan Applicant1717
9100001718,Anaya Applicant1718
9100001719,Arjun Applicant1719
9100001720,Isha Applicant1720
9100001721,Aarav Applicant1721
9100001722,Diya Applicant1722
9100001723,Kabir Applicant1723
9100001724,Meera Applicant1724
9100001725,Rohan Applicant1725
9100001726,Sara Applicant1726
9100001727,Vihaan Applicant1727
9100001728,Anaya Applicant1728
9100001729,Arjun Applicant1729
9100001730,Isha Applicant1730
9100001731,Aarav Applicant1731
9100001732,Diya Applicant1732
9100001733,Kabir Applicant1733
9100001734,Meera Applicant1734
9100001735,Rohan Applicant1735
9100001736,Sara Applicant1736
9100001737,Vihaan Applicant1737
9100001738,Anaya Applicant1738
9100001739,Arjun Applicant1739
9100001740,Isha Applicant1740
9100001741,Aarav Applicant1741
9100001742,Diya Applicant1742
9100001743,Kabir Applicant1743
9100001744,Meera Applicant1744
9100001745,Rohan Applicant1745
9100001746,Sara Applicant1746
9100001747,Vihaan Applicant1747
9100001748,Anaya Applicant1748
9100001749,Arjun Applicant1749
9100001750,Isha Applicant1750
9100001751,Aarav Applicant1751
9100001752,Diya Applicant1752
9100001753,Kabir Applicant1753
9100001754,Meera Applicant1754
9100001755,Rohan Applicant1755
9100001756,Sara Applicant1756
9100001757,Vihaan Applicant1757
9100001758,Anaya Applicant1758
9100001759,Arjun Applicant1759
9100001760,Isha Applicant1760
9100001761,Aarav Applicant1761
9100001762,Diya Applicant1762
9100001763,Kabir Applicant1763
9100001764,Meera Applicant1764
9100001765,Rohan Applicant1765
9100001766,Sara Applicant1766
9100001767,Vihaan Applicant1767
9100001768,Anaya Applicant1768
9100001769,Arjun Applicant1769
9100001770,Isha Applicant1770
9100001771,Aarav Applicant1771
9100001772,Diya Applicant1772
9100001773,Kabir Applicant1773
9100001774,Meera Applicant1774
9100001775,Rohan Applicant1775
9100001776,Sara Applicant1776
9100001777,Vihaan Applicant1777
9100001778,Anaya Applicant1778
9100001779,Arjun Applicant1779
9100001780,Isha Applicant1780
9100001781,Aarav Applicant1781
9100001782,Diya Applicant1782
9100001783,Kabir Applicant1783
9100001784,Meera Applicant1784
9100001785,Rohan Applicant1785
9100001786,Sara Applicant1786
9100001787,Vihaan Applicant1787
9100001788,Anaya Applicant1788
9100001789,Arjun Applicant1789
9100001790,Isha Applicant1790
9100001791,Aarav Applicant1791
9100001792,Diya Applicant1792
9100001793,Kabir Applicant1793
9100001794,Meera Applicant1794
9100001795,Rohan Applicant1795
9100001796,Sara Applicant1796
9100001797,Vihaan Applicant1797
9100001798,Anaya Applicant1798
9100001799,Arjun Applicant1799
9100001800,Isha Applicant1800
9100001801,Aarav Applicant1801
9100001802,Diya Applicant1802
9100001803,Kabir Applicant1803
9100001804,Meera Applicant1804
9100001805,Rohan Applicant1805
9100001806,Sara Applicant1806
9100001807,Vihaan Applicant1807
9100001808,Anaya Applicant1808
9100001809,Arjun Applicant1809
9100001810,Isha Applicant1810
9100001811,Aarav Applicant1811
9100001812,Diya Applicant1812
9100001813,Kabir Applicant1813
9100001814,Meera Applicant1814
9100001815,Rohan Applicant1815
9100001816,Sara Applicant1816
9100001817,Vihaan Applicant1817
9100001818,Anaya Applicant1818
9100001819,Arjun Applicant1819
9100001820,Isha Applicant1820
9100001821,Aarav Applicant1821
9100001822,Diya Applicant1822
9100001823,Kabir Applicant1823
9100001824,Meera Applicant1824
9100001825,Rohan Applicant1825
9100001826,Sara Applicant1826
9100001827,Vihaan Applicant1827
9100001828,Anaya Applicant1828
9100001829,Arjun Applicant1829
9100001830,Isha Applicant1830
9100001831,Aarav Applicant1831
9100001832,Diya Applicant1832
9100001833,Kabir Applicant1833
9100001834,Meera Applicant1834
9100001835,Rohan Applicant1835
9100001836,Sara Applicant1836
9100001837,Vihaan Applicant1837
9100001838,Anaya Applicant1838
9100001839,Arjun Applicant1839
9100001840,Isha Applicant1840
9100001841,Aarav Applicant1841
9100001842,Diya Applicant1842
9100001843,Kabir Applicant1843
9100001844,Meera Applicant1844
9100001845,Rohan Applicant1845
9100001846,Sara Applicant1846
9100001847,Vihaan Applicant1847
9100001848,Anaya Applicant1848
9100001849,Arjun Applicant1849
9100001850,Isha Applicant1850
9100001851,Aarav Applicant1851
9100001852,Diya Applicant1852
9100001853,Kabir Applicant1853
9100001854,Meera Applicant1854
9100001855,Rohan Applicant1855
9100001856,Sara Applicant1856
9100001857,Vihaan Applicant1857
9100001858,Anaya Applicant1858
9100001859,Arjun Applicant1859
9100001860,Isha Applicant1860
9100001861,Aarav Applicant1861
9100001862,Diya Applicant1862
9100001863,Kabir Applicant1863
9100001864,Meera Applicant1864
9100001865,Rohan Applicant1865
9100001866,Sara Applicant1866
9100001867,Vihaan Applicant1867
9100001868,Anaya Applicant1868
9100001869,Arjun Applicant1869
9100001870,Isha Applicant1870
9100001871,Aarav Applicant1871
9100001872,Diya Applicant1872
9100001873,Kabir Applicant1873
9100001874,Meera Applicant1874
9100001875,Rohan Applicant1875
9100001876,Sara Applicant1876
9100001877,Vihaan Applicant1877
9100001878,Anaya Applicant1878
9100001879,Arjun Applicant1879
9100001880,Isha Applicant1880
9100001881,Aarav Applicant1881
9100001882,Diya Applicant1882
9100001883,Kabir Applicant1883
9100001884,Meera Applicant1884
9100001885,Rohan Applicant1885
9100001886,Sara Applicant1886
9100001887,Vihaan Applicant1887
9100001888,Anaya Applicant1888
9100001889,Arjun Applicant1889
9100001890,Isha Applicant1890
9100001891,Aarav Applicant1891
9100001892,Diya Applicant1892
9100001893,Kabir Applicant1893
9100001894,Meera Applicant1894
9100001895,Rohan Applicant1895
9100001896,Sara Applicant1896
9100001897,Vihaan Applicant1897
9100001898,Anaya Applicant1898
9100001899,Arjun Applicant1899
9100001900,Isha Applicant1900
9100001901,Aarav Applicant1901
9100001902,Diya Applicant1902
9100001903,Kabir Applicant1903
9100001904,Meera Applicant1904
9100001905,Rohan Applicant1905
9100001906,Sara Applicant1906
9100001907,Vihaan Applicant1907
9100001908,Anaya Applicant1908
9100001909,Arjun Applicant1909
9100001910,Isha Applicant1910
9100001911,Aarav Applicant1911
9100001912,Diya Applicant1912
9100001913,Kabir Applicant1913
9100001914,Meera Applicant1914
9100001915,Rohan Applicant1915
9100001916,Sara Applicant1916
9100001917,Vihaan Applicant1917
9100001918,Anaya Applicant1918
9100001919,Arjun Applicant1919
9100001920,Isha Applicant1920
9100001921,Aarav Applicant1921
9100001922,Diya Applicant1922
9100001923,Kabir Applicant1923
9100001924,Meera Applicant1924
9100001925,Rohan Applicant1925
9100001926,Sara Applicant1926
9100001927,Vihaan Applicant1927
9100001928,Anaya Applicant1928
9100001929,Arjun Applicant1929
9100001930,Isha Applicant1930
9100001931,Aarav Applicant1931
9100001932,Diya Applicant1932
9100001933,Kabir Applicant1933
9100001934,Meera Applicant1934
9100001935,Rohan Applicant1935
9100001936,Sara Applicant1936
9100001937,Vihaan Applicant1937
9100001938,Anaya Applicant1938
9100001939,Arjun Applicant1939
9100001940,Isha Applicant1940
9100001941,Aarav Applicant1941
9100001942,Diya Applicant1942
9100001943,Kabir Applicant1943
9100001944,Meera Applicant1944
9100001945,Rohan Applicant1945
9100001946,Sara Applicant1946
9100001947,Vihaan Applicant1947
9100001948,Anaya Applicant1948
9100001949,Arjun Applicant1949
9100001950,Isha Applicant1950
9100001951,Aarav Applicant1951
9100001952,Diya Applicant1952
9100001953,Kabir Applicant1953
9100001954,Meera Applicant1954
9100001955,Rohan Applicant1955
9100001956,Sara Applicant1956
9100001957,Vihaan Applicant1957
9100001958,Anaya Applicant1958
9100001959,Arjun Applicant1959
9100001960,Isha Applicant1960
9100001961,Aarav Applicant1961
9100001962,Diya Applicant1962
9100001963,Kabir Applicant1963
9100001964,Meera Applicant1964
9100001965,Rohan Applicant1965
9100001966,Sara Applicant1966
9100001967,Vihaan Applicant1967
9100001968,Anaya Applicant1968
9100001969,Arjun Applicant1969
9100001970,Isha Applicant1970
9100001971,Aarav Applicant1971
9100001972,Diya Applicant1972
9100001973,Kabir Applicant1973
9100001974,Meera Applicant1974
9100001975,Rohan Applicant1975
9100001976,Sara Applicant1976
9100001977,Vihaan Applicant1977
9100001978,Anaya Applicant1978
9100001979,Arjun Applicant1979
9100001980,Isha Applicant1980
9100001981,Aarav Applicant1981
9100001982,Diya Applicant1982
9100001983,Kabir Applicant1983
9100001984,Meera Applicant1984
9100001985,Rohan Applicant1985
9100001986,Sara Applicant1986
9100001987,Vihaan Applicant1987
9100001988,Anaya Applicant1988
9100001989,Arjun Applicant1989
9100001990,Isha Applicant1990
9100001991,Aarav Applicant1991
9100001992,Diya Applicant1992
9100001993,Kabir Applicant1993
9100001994,Meera Applicant1994
9100001995,Rohan Applicant1995
9100001996,Sara Applicant1996
9100001997,Vihaan Applicant1997
9100001998,Anaya Applicant1998
9100001999,Arjun Applicant1999
9100002000,Isha Applicant2000
