rollNumber,dateOfBirth
26000008,2008-12-18
26000058,2008-10-29
26000108,2008-09-09
26000158,2008-07-21
26000208,2008-06-01
26000258,2008-04-12
26000308,2008-02-22
26000358,2008-01-03
26000408,2010-08-10
26000458,2010-06-21
26000508,2010-05-02
26000558,2010-03-13
26000608,2010-01-22
26000658,2009-12-03
26000708,2009-10-14
26000758,2009-08-25
26000808,2009-07-06
26000858,2009-05-17
26000908,2009-03-28
26000958,2009-02-06
26001008,2008-12-18
26001058,2008-10-29
26001108,2008-09-09
26001158,2008-07-21
26001208,2008-06-01
26001258,2008-04-12
26001308,2008-02-22
26001358,2008-01-03
26001408,2010-08-10
26001458,2010-06-21
26001508,2010-05-02
26001558,2010-03-13
26001608,2010-01-22
26001658,2009-12-03
26001708,2009-10-14
26001758,2009-08-25
26001808,2009-07-06
26001858,2009-05-17
26001908,2009-03-28
26001958,2009-02-06
26002008,2008-12-18
26002058,2008-10-29
26002108,2008-09-09
26002158,2008-07-21
26002208,2008-06-01
26002258,2008-04-12
26002308,2008-02-22
26002358,2008-01-03
26002408,2010-08-10
26002458,2010-06-21
26002508,2010-05-02
26002558,2010-03-13
26002608,2010-01-22
26002658,2009-12-03
26002708,2009-10-14
26002758,2009-08-25
26002808,2009-07-06
26002858,2009-05-17
26002908,2009-03-28
26002958,2009-02-06
26003008,2008-12-18
26003058,2008-10-29
26003108,2008-09-09
26003158,2008-07-21
26003208,2008-06-01
26003258,2008-04-12
26003308,2008-02-22
26003358,2008-01-03
26003408,2010-08-10
26003458,2010-06-21
26003508,2010-05-02
26003558,2010-03-13
26003608,2010-01-22
26003658,2009-12-03
26003708,2009-10-14
26003758,2009-08-25
26003808,2009-07-06
26003858,2009-05-17
26003908,2009-03-28
26003958,2009-02-06
26004008,2008-12-18
26004058,2008-10-29
26004108,2008-09-09
26004158,2008-07-21
26004208,2008-06-01
26004258,2008-04-12
26004308,2008-02-22
26004358,2008-01-03
26004408,2010-08-10
26004458,2010-06-21
26004508,2010-05-02
26004558,2010-03-13
26004608,2010-01-22
26004658,2009-12-03
26004708,2009-10-14
26004758,2009-08-25
26004808,2009-07-06
26004858,2009-05-17
26004908,2009-03-28
26004958,2009-02-06
26005008,2008-12-18
26005058,2008-10-29
26005108,2008-09-09
26005158,2008-07-21
26005208,2008-06-01
26005258,2008-04-12
26005308,2008-02-22
26005358,2008-01-03
26005408,2010-08-10
26005458,2010-06-21
26005508,2010-05-02
26005558,2010-03-13
26005608,2010-01-22
26005658,2009-12-03
26005708,2009-10-14
26005758,2009-08-25
26005808,2009-07-06
26005858,2009-05-17
26005908,2009-03-28
26005958,2009-02-06
26006008,2008-12-18
26006058,2008-10-29
26006108,2008-09-09
26006158,2008-07-21
26006208,2008-06-01
26006258,2008-04-12
26006308,2008-02-22
26006358,2008-01-03
26006408,2010-08-10
26006458,2010-06-21
26006508,2010-05-02
26006558,2010-03-13
26006608,2010-01-22
26006658,2009-12-03
26006708,2009-10-14
26006758,2009-08-25
26006808,2009-07-06
26006858,2009-05-17
26006908,2009-03-28
26006958,2009-02-06
26007008,2008-12-18
26007058,2008-10-29
26007108,2008-09-09
26007158,2008-07-21
26007208,2008-06-01
26007258,2008-04-12
26007308,2008-02-22
26007358,2008-01-03
26007408,2010-08-10
26007458,2010-06-21
26007508,2010-05-02
26007558,2010-03-13
26007608,2010-01-22
26007658,2009-12-03
26007708,2009-10-14
26007758,2009-08-25
26007808,2009-07-06
26007858,2009-05-17
26007908,2009-03-28
26007958,2009-02-06
26008008,2008-12-18
26008058,2008-10-29
26008108,2008-09-09
26008158,2008-07-21
26008208,2008-06-01
26008258,2008-04-12
26008308,2008-02-22
26008358,2008-01-03
26008408,2010-08-10
26008458,2010-06-21
26008508,2010-05-02
26008558,2010-03-13
26008608,2010-01-22
26008658,2009-12-03
26008708,2009-10-14
26008758,2009-08-25
26008808,2009-07-06
26008858,2009-05-17
26008908,2009-03-28
26008958,2009-02-06
26009008,2008-12-18
26009058,2008-10-29
26009108,2008-09-09
26009158,2008-07-21
26009208,2008-06-01
26009258,2008-04-12
26009308,2008-02-22
26009358,2008-01-03
26009408,2010-08-10
26009458,2010-06-21
26009508,2010-05-02
26009558,2010-03-13
26009608,2010-01-22
26009658,2009-12-03
26009708,2009-10-14
26009758,2009-08-25
26009808,2009-07-06
26009858,2009-05-17
26009908,2009-03-28
26009958,2009-02-06
26010008,2008-12-18
26010058,2008-10-29
26010108,2008-09-09
26010158,2008-07-21
26010208,2008-06-01
26010258,2008-04-12
26010308,2008-02-22
26010358,2008-01-03
26010408,2010-08-10
26010458,2010-06-21
26010508,2010-05-02
26010558,2010-03-13
26010608,2010-01-22
26010658,2009-12-03
26010708,2009-10-14
26010758,2009-08-25
26010808,2009-07-06
26010858,2009-05-17
26010908,2009-03-28
26010958,2009-02-06
26011008,2008-12-18
26011058,2008-10-29
26011108,2008-09-09
26011158,2008-07-21
26011208,2008-06-01
26011258,2008-04-12
26011308,2008-02-22
26011358,2008-01-03
26011408,2010-08-10
26011458,2010-06-21
26011508,2010-05-02
26011558,2010-03-13
26011608,2010-01-22
26011658,2009-12-03
26011708,2009-10-14
26011758,2009-08-25
26011808,2009-07-06
26011858,2009-05-17
26011908,2009-03-28
26011958,2009-02-06
26012008,2008-12-18
26012058,2008-10-29
26012108,2008-09-09
26012158,2008-07-21
26012208,2008-06-01
26012258,2008-04-12
26012308,2008-02-22
26012358,2008-01-03
26012408,2010-08-10
26012458,2010-06-21
26012508,2010-05-02
26012558,2010-03-13
26012608,2010-01-22
26012658,2009-12-03
26012708,2009-10-14
26012758,2009-08-25
26012808,2009-07-06
26012858,2009-05-17
26012908,2009-03-28
26012958,2009-02-06
26013008,2008-12-18
26013058,2008-10-29
26013108,2008-09-09
26013158,2008-07-21
26013208,2008-06-01
26013258,2008-04-12
26013308,2008-02-22
26013358,2008-01-03
26013408,2010-08-10
26013458,2010-06-21
26013508,2010-05-02
26013558,2010-03-13
26013608,2010-01-22
26013658,2009-12-03
26013708,2009-10-14
26013758,2009-08-25
26013808,2009-07-06
26013858,2009-05-17
26013908,2009-03-28
26013958,2009-02-06
26014008,2008-12-18
26014058,2008-10-29
26014108,2008-09-09
26014158,2008-07-21
26014208,2008-06-01
26014258,2008-04-12
26014308,2008-02-22
26014358,2008-01-03
26014408,2010-08-10
26014458,2010-06-21
26014508,2010-05-02
26014558,2010-03-13
26014608,2010-01-22
26014658,2009-12-03
26014708,2009-10-14
26014758,2009-08-25
26014808,2009-07-06
26014858,2009-05-17
26014908,2009-03-28
26014958,2009-02-06
26015008,2008-12-18
26015058,2008-10-29
26015108,2008-09-09
26015158,2008-07-21
26015208,2008-06-01
26015258,2008-04-12
26015308,2008-02-22
26015358,2008-01-03
26015408,2010-08-10
26015458,2010-06-21
26015508,2010-05-02
26015558,2010-03-13
26015608,2010-01-22
26015658,2009-12-03
26015708,2009-10-14
26015758,2009-08-25
26015808,2009-07-06
26015858,2009-05-17
26015908,2009-03-28
26015958,2009-02-06
26016008,2008-12-18
26016058,2008-10-29
26016108,2008-09-09
26016158,2008-07-21
26016208,2008-06-01
26016258,2008-04-12
26016308,2008-02-22
26016358,2008-01-03
26016408,2010-08-10
26016458,2010-06-21
26016508,2010-05-02
26016558,2010-03-13
26016608,2010-01-22
26016658,2009-12-03
26016708,2009-10-14
26016758,2009-08-25
26016808,2009-07-06
26016858,2009-05-17
26016908,2009-03-28
26016958,2009-02-06
26017008,2008-12-18
26017058,2008-10-29
26017108,2008-09-09
26017158,2008-07-21
26017208,2008-06-01
26017258,2008-04-12
26017308,2008-02-22
26017358,2008-01-03
26017408,2010-08-10
26017458,2010-06-21
26017508,2010-05-02
26017558,2010-03-13
26017608,2010-01-22
26017658,2009-12-03
26017708,2009-10-14
26017758,2009-08-25
26017808,2009-07-06
26017858,2009-05-17
26017908,2009-03-28
26017958,2009-02-06
26018008,2008-12-18
26018058,2008-10-29
26018108,2008-09-09
26018158,2008-07-21
26018208,2008-06-01
26018258,2008-04-12
26018308,2008-02-22
26018358,2008-01-03
26018408,2010-08-10
26018458,2010-06-21
26018508,2010-05-02
26018558,2010-03-13
26018608,2010-01-22
26018658,2009-12-03
26018708,2009-10-14
26018758,2009-08-25
26018808,2009-07-06
26018858,2009-05-17
26018908,2009-03-28
26018958,2009-02-06
26019008,2008-12-18
26019058,2008-10-29
26019108,2008-09-09
26019158,2008-07-21
26019208,2008-06-01
26019258,2008-04-12
26019308,2008-02-22
26019358,2008-01-03
26019408,2010-08-10
26019458,2010-06-21
26019508,2010-05-02
26019558,2010-03-13
26019608,2010-01-22
26019658,2009-12-03
26019708,2009-10-14
26019758,2009-08-25
26019808,2009-07-06
26019858,2009-05-17
26019908,2009-03-28
26019958,2009-02-06
26020008,2008-12-18
26020058,2008-10-29
26020108,2008-09-09
26020158,2008-07-21
26020208,2008-06-01
26020258,2008-04-12
26020308,2008-02-22
26020358,2008-01-03
26020408,2010-08-10
26020458,2010-06-21
26020508,2010-05-02
26020558,2010-03-13
26020608,2010-01-22
26020658,2009-12-03
26020708,2009-10-14
26020758,2009-08-25
26020808,2009-07-06
26020858,2009-05-17
26020908,2009-03-28
26020958,2009-02-06
26021008,2008-12-18
26021058,2008-10-29
26021108,2008-09-09
26021158,2008-07-21
26021208,2008-06-01
26021258,2008-04-12
26021308,2008-02-22
26021358,2008-01-03
26021408,2010-08-10
26021458,2010-06-21
26021508,2010-05-02
26021558,2010-03-13
26021608,2010-01-22
26021658,2009-12-03
26021708,2009-10-14
26021758,2009-08-25
26021808,2009-07-06
26021858,2009-05-17
26021908,2009-03-28
26021958,2009-02-06
26022008,2008-12-18
26022058,2008-10-29
26022108,2008-09-09
26022158,2008-07-21
26022208,2008-06-01
26022258,2008-04-12
26022308,2008-02-22
26022358,2008-01-03
26022408,2010-08-10
26022458,2010-06-21
26022508,2010-05-02
26022558,2010-03-13
26022608,2010-01-22
26022658,2009-12-03
26022708,2009-10-14
26022758,2009-08-25
26022808,2009-07-06
26022858,2009-05-17
26022908,2009-03-28
26022958,2009-02-06
26023008,2008-12-18
26023058,2008-10-29
26023108,2008-09-09
26023158,2008-07-21
26023208,2008-06-01
26023258,2008-04-12
26023308,2008-02-22
26023358,2008-01-03
26023408,2010-08-10
26023458,2010-06-21
26023508,2010-05-02
26023558,2010-03-13
26023608,2010-01-22
26023658,2009-12-03
26023708,2009-10-14
26023758,2009-08-25
26023808,2009-07-06
26023858,2009-05-17
26023908,2009-03-28
26023958,2009-02-06
26024008,2008-12-18
26024058,2008-10-29
26024108,2008-09-09
26024158,2008-07-21
26024208,2008-06-01
26024258,2008-04-12
26024308,2008-02-22
26024358,2008-01-03
26024408,2010-08-10
26024458,2010-06-21
26024508,2010-05-02
26024558,2010-03-13
26024608,2010-01-22
26024658,2009-12-03
26024708,2009-10-14
26024758,2009-08-25
26024808,2009-07-06
26024858,2009-05-17
26024908,2009-03-28
26024958,2009-02-06
26025008,2008-12-18
26025058,2008-10-29
26025108,2008-09-09
26025158,2008-07-21
26025208,2008-06-01
26025258,2008-04-12
26025308,2008-02-22
26025358,2008-01-03
26025408,2010-08-10
26025458,2010-06-21
26025508,2010-05-02
26025558,2010-03-13
26025608,2010-01-22
26025658,2009-12-03
26025708,2009-10-14
26025758,2009-08-25
26025808,2009-07-06
26025858,2009-05-17
26025908,2009-03-28
26025958,2009-02-06
26026008,2008-12-18
26026058,2008-10-29
26026108,2008-09-09
26026158,2008-07-21
26026208,2008-06-01
26026258,2008-04-12
26026308,2008-02-22
26026358,2008-01-03
26026408,2010-08-10
26026458,2010-06-21
26026508,2010-05-02
26026558,2010-03-13
26026608,2010-01-22
26026658,2009-12-03
26026708,2009-10-14
26026758,2009-08-25
26026808,2009-07-06
26026858,2009-05-17
26026908,2009-03-28
26026958,2009-02-06
26027008,2008-12-18
26027058,2008-10-29
26027108,2008-09-09
26027158,2008-07-21
26027208,2008-06-01
26027258,2008-04-12
26027308,2008-02-22
26027358,2008-01-03
26027408,2010-08-10
26027458,2010-06-21
26027508,2010-05-02
26027558,2010-03-13
26027608,2010-01-22
26027658,2009-12-03
26027708,2009-10-14
26027758,2009-08-25
26027808,2009-07-06
26027858,2009-05-17
26027908,2009-03-28
26027958,2009-02-06
26028008,2008-12-18
26028058,2008-10-29
26028108,2008-09-09
26028158,2008-07-21
26028208,2008-06-01
26028258,2008-04-12
26028308,2008-02-22
26028358,2008-01-03
26028408,2010-08-10
26028458,2010-06-21
26028508,2010-05-02
26028558,2010-03-13
26028608,2010-01-22
26028658,2009-12-03
26028708,2009-10-14
26028758,2009-08-25
26028808,2009-07-06
26028858,2009-05-17
26028908,2009-03-28
26028958,2009-02-06
26029008,2008-12-18
26029058,2008-10-29
26029108,2008-09-09
26029158,2008-07-21
26029208,2008-06-01
26029258,2008-04-12
26029308,2008-02-22
26029358,2008-01-03
26029408,2010-08-10
26029458,2010-06-21
26029508,2010-05-02
26029558,2010-03-13
26029608,2010-01-22
26029658,2009-12-03
26029708,2009-10-14
26029758,2009-08-25
26029808,2009-07-06
26029858,2009-05-17
26029908,2009-03-28
26029958,2009-02-06
26030008,2008-12-18
26030058,2008-10-29
26030108,2008-09-09
26030158,2008-07-21
26030208,2008-06-01
26030258,2008-04-12
26030308,2008-02-22
26030358,2008-01-03
26030408,2010-08-10
26030458,2010-06-21
26030508,2010-05-02
26030558,2010-03-13
26030608,2010-01-22
26030658,2009-12-03
26030708,2009-10-14
26030758,2009-08-25
26030808,2009-07-06
26030858,2009-05-17
26030908,2009-03-28
26030958,2009-02-06
26031008,2008-12-18
26031058,2008-10-29
26031108,2008-09-09
26031158,2008-07-21
26031208,2008-06-01
26031258,2008-04-12
26031308,2008-02-22
26031358,2008-01-03
26031408,2010-08-10
26031458,2010-06-21
26031508,2010-05-02
26031558,2010-03-13
26031608,2010-01-22
26031658,2009-12-03
26031708,2009-10-14
26031758,2009-08-25
26031808,2009-07-06
26031858,2009-05-17
26031908,2009-03-28
26031958,2009-02-06
26032008,2008-12-18
26032058,2008-10-29
26032108,2008-09-09
26032158,2008-07-21
26032208,2008-06-01
26032258,2008-04-12
26032308,2008-02-22
26032358,2008-01-03
26032408,2010-08-10
26032458,2010-06-21
26032508,2010-05-02
26032558,2010-03-13
26032608,2010-01-22
26032658,2009-12-03
26032708,2009-10-14
26032758,2009-08-25
26032808,2009-07-06
26032858,2009-05-17
26032908,2009-03-28
26032958,2009-02-06
26033008,2008-12-18
26033058,2008-10-29
26033108,2008-09-09
26033158,2008-07-21
26033208,2008-06-01
26033258,2008-04-12
26033308,2008-02-22
26033358,2008-01-03
26033408,2010-08-10
26033458,2010-06-21
26033508,2010-05-02
26033558,2010-03-13
26033608,2010-01-22
26033658,2009-12-03
26033708,2009-10-14
26033758,2009-08-25
26033808,2009-07-06
26033858,2009-05-17
26033908,2009-03-28
26033958,2009-02-06
26034008,2008-12-18
26034058,2008-10-29
26034108,2008-09-09
26034158,2008-07-21
26034208,2008-06-01
26034258,2008-04-12
26034308,2008-02-22
26034358,2008-01-03
26034408,2010-08-10
26034458,2010-06-21
26034508,2010-05-02
26034558,2010-03-13
26034608,2010-01-22
26034658,2009-12-03
26034708,2009-10-14
26034758,2009-08-25
26034808,2009-07-06
26034858,2009-05-17
26034908,2009-03-28
26034958,2009-02-06
26035008,2008-12-18
26035058,2008-10-29
26035108,2008-09-09
26035158,2008-07-21
26035208,2008-06-01
26035258,2008-04-12
26035308,2008-02-22
26035358,2008-01-03
26035408,2010-08-10
26035458,2010-06-21
26035508,2010-05-02
26035558,2010-03-13
26035608,2010-01-22
26035658,2009-12-03
26035708,2009-10-14
26035758,2009-08-25
26035808,2009-07-06
26035858,2009-05-17
26035908,2009-03-28
26035958,2009-02-06
26036008,2008-12-18
26036058,2008-10-29
26036108,2008-09-09
26036158,2008-07-21
26036208,2008-06-01
26036258,2008-04-12
26036308,2008-02-22
26036358,2008-01-03
26036408,2010-08-10
26036458,2010-06-21
26036508,2010-05-02
26036558,2010-03-13
26036608,2010-01-22
26036658,2009-12-03
26036708,2009-10-14
26036758,2009-08-25
26036808,2009-07-06
26036858,2009-05-17
26036908,2009-03-28
26036958,2009-02-06
26037008,2008-12-18
26037058,2008-10-29
26037108,2008-09-09
26037158,2008-07-21
26037208,2008-06-01
26037258,2008-04-12
26037308,2008-02-22
26037358,2008-01-03
26037408,2010-08-10
26037458,2010-06-21
26037508,2010-05-02
26037558,2010-03-13
26037608,2010-01-22
26037658,2009-12-03
26037708,2009-10-14
26037758,2009-08-25
26037808,2009-07-06
26037858,2009-05-17
26037908,2009-03-28
26037958,2009-02-06
26038008,2008-12-18
26038058,2008-10-29
26038108,2008-09-09
26038158,2008-07-21
26038208,2008-06-01
26038258,2008-04-12
26038308,2008-02-22
26038358,2008-01-03
26038408,2010-08-10
26038458,2010-06-21
26038508,2010-05-02
26038558,2010-03-13
26038608,2010-01-22
26038658,2009-12-03
26038708,2009-10-14
26038758,2009-08-25
26038808,2009-07-06
26038858,2009-05-17
26038908,2009-03-28
26038958,2009-02-06
26039008,2008-12-18
26039058,2008-10-29
26039108,2008-09-09
26039158,2008-07-21
26039208,2008-06-01
26039258,2008-04-12
26039308,2008-02-22
26039358,2008-01-03
26039408,2010-08-10
26039458,2010-06-21
26039508,2010-05-02
26039558,2010-03-13
26039608,2010-01-22
26039658,2009-12-03
26039708,2009-10-14
26039758,2009-08-25
26039808,2009-07-06
26039858,2009-05-17
26039908,2009-03-28
26039958,2009-02-06
26040008,2008-12-18
26040058,2008-10-29
26040108,2008-09-09
26040158,2008-07-21
26040208,2008-06-01
26040258,2008-04-12
26040308,2008-02-22
26040358,2008-01-03
26040408,2010-08-10
26040458,2010-06-21
26040508,2010-05-02
26040558,2010-03-13
26040608,2010-01-22
26040658,2009-12-03
26040708,2009-10-14
26040758,2009-08-25
26040808,2009-07-06
26040858,2009-05-17
26040908,2009-03-28
26040958,2009-02-06
26041008,2008-12-18
26041058,2008-10-29
26041108,2008-09-09
26041158,2008-07-21
26041208,2008-06-01
26041258,2008-04-12
26041308,2008-02-22
26041358,2008-01-03
26041408,2010-08-10
26041458,2010-06-21
26041508,2010-05-02
26041558,2010-03-13
26041608,2010-01-22
26041658,2009-12-03
26041708,2009-10-14
26041758,2009-08-25
26041808,2009-07-06
26041858,2009-05-17
26041908,2009-03-28
26041958,2009-02-06
26042008,2008-12-18
26042058,2008-10-29
26042108,2008-09-09
26042158,2008-07-21
26042208,2008-06-01
26042258,2008-04-12
26042308,2008-02-22
26042358,2008-01-03
26042408,2010-08-10
26042458,2010-06-21
26042508,2010-05-02
26042558,2010-03-13
26042608,2010-01-22
26042658,2009-12-03
26042708,2009-10-14
26042758,2009-08-25
26042808,2009-07-06
26042858,2009-05-17
26042908,2009-03-28
26042958,2009-02-06
26043008,2008-12-18
26043058,2008-10-29
26043108,2008-09-09
26043158,2008-07-21
26043208,2008-06-01
26043258,2008-04-12
26043308,2008-02-22
26043358,2008-01-03
26043408,2010-08-10
26043458,2010-06-21
26043508,2010-05-02
26043558,2010-03-13
26043608,2010-01-22
26043658,2009-12-03
26043708,2009-10-14
26043758,2009-08-25
26043808,2009-07-06
26043858,2009-05-17
26043908,2009-03-28
26043958,2009-02-06
26044008,2008-12-18
26044058,2008-10-29
26044108,2008-09-09
26044158,2008-07-21
26044208,2008-06-01
26044258,2008-04-12
26044308,2008-02-22
26044358,2008-01-03
26044408,2010-08-10
26044458,2010-06-21
26044508,2010-05-02
26044558,2010-03-13
26044608,2010-01-22
26044658,2009-12-03
26044708,2009-10-14
26044758,2009-08-25
26044808,2009-07-06
26044858,2009-05-17
26044908,2009-03-28
26044958,2009-02-06
26045008,2008-12-18
26045058,2008-10-29
26045108,2008-09-09
26045158,2008-07-21
26045208,2008-06-01
26045258,2008-04-12
26045308,2008-02-22
26045358,2008-01-03
26045408,2010-08-10
26045458,2010-06-21
26045508,2010-05-02
26045558,2010-03-13
26045608,2010-01-22
26045658,2009-12-03
26045708,2009-10-14
26045758,2009-08-25
26045808,2009-07-06
26045858,2009-05-17
26045908,2009-03-28
26045958,2009-02-06
26046008,2008-12-18
26046058,2008-10-29
26046108,2008-09-09
26046158,2008-07-21
26046208,2008-06-01
26046258,2008-04-12
26046308,2008-02-22
26046358,2008-01-03
26046408,2010-08-10
26046458,2010-06-21
26046508,2010-05-02
26046558,2010-03-13
26046608,2010-01-22
26046658,2009-12-03
26046708,2009-10-14
26046758,2009-08-25
26046808,2009-07-06
26046858,2009-05-17
26046908,2009-03-28
26046958,2009-02-06
26047008,2008-12-18
26047058,2008-10-29
26047108,2008-09-09
26047158,2008-07-21
26047208,2008-06-01
26047258,2008-04-12
26047308,2008-02-22
26047358,2008-01-03
26047408,2010-08-10
26047458,2010-06-21
26047508,2010-05-02
26047558,2010-03-13
26047608,2010-01-22
26047658,2009-12-03
26047708,2009-10-14
26047758,2009-08-25
26047808,2009-07-06
26047858,2009-05-17
26047908,2009-03-28
26047958,2009-02-06
26048008,2008-12-18
26048058,2008-10-29
26048108,2008-09-09
26048158,2008-07-21
26048208,2008-06-01
26048258,2008-04-12
26048308,2008-02-22
26048358,2008-01-03
26048408,2010-08-10
26048458,2010-06-21
26048508,2010-05-02
26048558,2010-03-13
26048608,2010-01-22
26048658,2009-12-03
26048708,2009-10-14
26048758,2009-08-25
26048808,2009-07-06
26048858,2009-05-17
26048908,2009-03-28
26048958,2009-02-06
26049008,2008-12-18
26049058,2008-10-29
26049108,2008-09-09
26049158,2008-07-21
26049208,2008-06-01
26049258,2008-04-12
26049308,2008-02-22
26049358,2008-01-03
26049408,2010-08-10
26049458,2010-06-21
26049508,2010-05-02
26049558,2010-03-13
26049608,2010-01-22
26049658,2009-12-03
26049708,2009-10-14
26049758,2009-08-25
26049808,2009-07-06
26049858,2009-05-17
26049908,2009-03-28
26049958,2009-02-06
26050008,2008-12-18
26050058,2008-10-29
26050108,2008-09-09
26050158,2008-07-21
26050208,2008-06-01
26050258,2008-04-12
26050308,2008-02-22
26050358,2008-01-03
26050408,2010-08-10
26050458,2010-06-21
26050508,2010-05-02
26050558,2010-03-13
26050608,2010-01-22
26050658,2009-12-03
26050708,2009-10-14
26050758,2009-08-25
26050808,2009-07-06
26050858,2009-05-17
26050908,2009-03-28
26050958,2009-02-06
26051008,2008-12-18
26051058,2008-10-29
26051108,2008-09-09
26051158,2008-07-21
26051208,2008-06-01
26051258,2008-04-12
26051308,2008-02-22
26051358,2008-01-03
26051408,2010-08-10
26051458,2010-06-21
26051508,2010-05-02
26051558,2010-03-13
26051608,2010-01-22
26051658,2009-12-03
26051708,2009-10-14
26051758,2009-08-25
26051808,2009-07-06
26051858,2009-05-17
26051908,2009-03-28
26051958,2009-02-06
26052008,2008-12-18
26052058,2008-10-29
26052108,2008-09-09
26052158,2008-07-21
26052208,2008-06-01
26052258,2008-04-12
26052308,2008-02-22
26052358,2008-01-03
26052408,2010-08-10
26052458,2010-06-21
26052508,2010-05-02
26052558,2010-03-13
26052608,2010-01-22
26052658,2009-12-03
26052708,2009-10-14
26052758,2009-08-25
26052808,2009-07-06
26052858,2009-05-17
26052908,2009-03-28
26052958,2009-02-06
26053008,2008-12-18
26053058,2008-10-29
26053108,2008-09-09
26053158,2008-07-21
26053208,2008-06-01
26053258,2008-04-12
26053308,2008-02-22
26053358,2008-01-03
26053408,2010-08-10
26053458,2010-06-21
26053508,2010-05-02
26053558,2010-03-13
26053608,2010-01-22
26053658,2009-12-03
26053708,2009-10-14
26053758,2009-08-25
26053808,2009-07-06
26053858,2009-05-17
26053908,2009-03-28
26053958,2009-02-06
26054008,2008-12-18
26054058,2008-10-29
26054108,2008-09-09
26054158,2008-07-21
26054208,2008-06-01
26054258,2008-04-12
26054308,2008-02-22
26054358,2008-01-03
26054408,2010-08-10
26054458,2010-06-21
26054508,2010-05-02
26054558,2010-03-13
26054608,2010-01-22
26054658,2009-12-03
26054708,2009-10-14
26054758,2009-08-25
26054808,2009-07-06
26054858,2009-05-17
26054908,2009-03-28
26054958,2009-02-06
26055008,2008-12-18
26055058,2008-10-29
26055108,2008-09-09
26055158,2008-07-21
26055208,2008-06-01
26055258,2008-04-12
26055308,2008-02-22
26055358,2008-01-03
26055408,2010-08-10
26055458,2010-06-21
26055508,2010-05-02
26055558,2010-03-13
26055608,2010-01-22
26055658,2009-12-03
26055708,2009-10-14
26055758,2009-08-25
26055808,2009-07-06
26055858,2009-05-17
26055908,2009-03-28
26055958,2009-02-06
26056008,2008-12-18
26056058,2008-10-29
26056108,2008-09-09
26056158,2008-07-21
26056208,2008-06-01
26056258,2008-04-12
26056308,2008-02-22
26056358,2008-01-03
26056408,2010-08-10
26056458,2010-06-21
26056508,2010-05-02
26056558,2010-03-13
26056608,2010-01-22
26056658,2009-12-03
26056708,2009-10-14
26056758,2009-08-25
26056808,2009-07-06
26056858,2009-05-17
26056908,2009-03-28
26056958,2009-02-06
26057008,2008-12-18
26057058,2008-10-29
26057108,2008-09-09
26057158,2008-07-21
26057208,2008-06-01
26057258,2008-04-12
26057308,2008-02-22
26057358,2008-01-03
26057408,2010-08-10
26057458,2010-06-21
26057508,2010-05-02
26057558,2010-03-13
26057608,2010-01-22
26057658,2009-12-03
26057708,2009-10-14
26057758,2009-08-25
26057808,2009-07-06
26057858,2009-05-17
26057908,2009-03-28
26057958,2009-02-06
26058008,2008-12-18
26058058,2008-10-29
26058108,2008-09-09
26058158,2008-07-21
26058208,2008-06-01
26058258,2008-04-12
26058308,2008-02-22
26058358,2008-01-03
26058408,2010-08-10
26058458,2010-06-21
26058508,2010-05-02
26058558,2010-03-13
26058608,2010-01-22
26058658,2009-12-03
26058708,2009-10-14
26058758,2009-08-25
26058808,2009-07-06
26058858,2009-05-17
26058908,2009-03-28
26058958,2009-02-06
26059008,2008-12-18
26059058,2008-10-29
26059108,2008-09-09
26059158,2008-07-21
26059208,2008-06-01
26059258,2008-04-12
26059308,2008-02-22
26059358,2008-01-03
26059408,2010-08-10
26059458,2010-06-21
26059508,2010-05-02
26059558,2010-03-13
26059608,2010-01-22
26059658,2009-12-03
26059708,2009-10-14
26059758,2009-08-25
26059808,2009-07-06
26059858,2009-05-17
26059908,2009-03-28
26059958,2009-02-06
26060008,2008-12-18
26060058,2008-10-29
26060108,2008-09-09
26060158,2008-07-21
26060208,2008-06-01
26060258,2008-04-12
26060308,2008-02-22
26060358,2008-01-03
26060408,2010-08-10
26060458,2010-06-21
26060508,2010-05-02
26060558,2010-03-13
26060608,2010-01-22
26060658,2009-12-03
26060708,2009-10-14
26060758,2009-08-25
26060808,2009-07-06
26060858,2009-05-17
26060908,2009-03-28
26060958,2009-02-06
26061008,2008-12-18
26061058,2008-10-29
26061108,2008-09-09
26061158,2008-07-21
26061208,2008-06-01
26061258,2008-04-12
26061308,2008-02-22
26061358,2008-01-03
26061408,2010-08-10
26061458,2010-06-21
26061508,2010-05-02
26061558,2010-03-13
26061608,2010-01-22
26061658,2009-12-03
26061708,2009-10-14
26061758,2009-08-25
26061808,2009-07-06
26061858,2009-05-17
26061908,2009-03-28
26061958,2009-02-06
26062008,2008-12-18
26062058,2008-10-29
26062108,2008-09-09
26062158,2008-07-21
26062208,2008-06-01
26062258,2008-04-12
26062308,2008-02-22
26062358,2008-01-03
26062408,2010-08-10
26062458,2010-06-21
26062508,2010-05-02
26062558,2010-03-13
26062608,2010-01-22
26062658,2009-12-03
26062708,2009-10-14
26062758,2009-08-25
26062808,2009-07-06
26062858,2009-05-17
26062908,2009-03-28
26062958,2009-02-06
26063008,2008-12-18
26063058,2008-10-29
26063108,2008-09-09
26063158,2008-07-21
26063208,2008-06-01
26063258,2008-04-12
26063308,2008-02-22
26063358,2008-01-03
26063408,2010-08-10
26063458,2010-06-21
26063508,2010-05-02
26063558,2010-03-13
26063608,2010-01-22
26063658,2009-12-03
26063708,2009-10-14
26063758,2009-08-25
26063808,2009-07-06
26063858,2009-05-17
26063908,2009-03-28
26063958,2009-02-06
26064008,2008-12-18
26064058,2008-10-29
26064108,2008-09-09
26064158,2008-07-21
26064208,2008-06-01
26064258,2008-04-12
26064308,2008-02-22
26064358,2008-01-03
26064408,2010-08-10
26064458,2010-06-21
26064508,2010-05-02
26064558,2010-03-13
26064608,2010-01-22
26064658,2009-12-03
26064708,2009-10-14
26064758,2009-08-25
26064808,2009-07-06
26064858,2009-05-17
26064908,2009-03-28
26064958,2009-02-06
26065008,2008-12-18
26065058,2008-10-29
26065108,2008-09-09
26065158,2008-07-21
26065208,2008-06-01
26065258,2008-04-12
26065308,2008-02-22
26065358,2008-01-03
26065408,2010-08-10
26065458,2010-06-21
26065508,2010-05-02
26065558,2010-03-13
26065608,2010-01-22
26065658,2009-12-03
26065708,2009-10-14
26065758,2009-08-25
26065808,2009-07-06
26065858,2009-05-17
26065908,2009-03-28
26065958,2009-02-06
26066008,2008-12-18
26066058,2008-10-29
26066108,2008-09-09
26066158,2008-07-21
26066208,2008-06-01
26066258,2008-04-12
26066308,2008-02-22
26066358,2008-01-03
26066408,2010-08-10
26066458,2010-06-21
26066508,2010-05-02
26066558,2010-03-13
26066608,2010-01-22
26066658,2009-12-03
26066708,2009-10-14
26066758,2009-08-25
26066808,2009-07-06
26066858,2009-05-17
26066908,2009-03-28
26066958,2009-02-06
26067008,2008-12-18
26067058,2008-10-29
26067108,2008-09-09
26067158,2008-07-21
26067208,2008-06-01
26067258,2008-04-12
26067308,2008-02-22
26067358,2008-01-03
26067408,2010-08-10
26067458,2010-06-21
26067508,2010-05-02
26067558,2010-03-13
26067608,2010-01-22
26067658,2009-12-03
26067708,2009-10-14
26067758,2009-08-25
26067808,2009-07-06
26067858,2009-05-17
26067908,2009-03-28
26067958,2009-02-06
26068008,2008-12-18
26068058,2008-10-29
26068108,2008-09-09
26068158,2008-07-21
26068208,2008-06-01
26068258,2008-04-12
26068308,2008-02-22
26068358,2008-01-03
26068408,2010-08-10
26068458,2010-06-21
26068508,2010-05-02
26068558,2010-03-13
26068608,2010-01-22
26068658,2009-12-03
26068708,2009-10-14
26068758,2009-08-25
26068808,2009-07-06
26068858,2009-05-17
26068908,2009-03-28
26068958,2009-02-06
26069008,2008-12-18
26069058,2008-10-29
26069108,2008-09-09
26069158,2008-07-21
26069208,2008-06-01
26069258,2008-04-12
26069308,2008-02-22
26069358,2008-01-03
26069408,2010-08-10
26069458,2010-06-21
26069508,2010-05-02
26069558,2010-03-13
26069608,2010-01-22
26069658,2009-12-03
26069708,2009-10-14
26069758,2009-08-25
26069808,2009-07-06
26069858,2009-05-17
26069908,2009-03-28
26069958,2009-02-06
26070008,2008-12-18
26070058,2008-10-29
26070108,2008-09-09
26070158,2008-07-21
26070208,2008-06-01
26070258,2008-04-12
26070308,2008-02-22
26070358,2008-01-03
26070408,2010-08-10
26070458,2010-06-21
26070508,2010-05-02
26070558,2010-03-13
26070608,2010-01-22
26070658,2009-12-03
26070708,2009-10-14
26070758,2009-08-25
26070808,2009-07-06
26070858,2009-05-17
26070908,2009-03-28
26070958,2009-02-06
26071008,2008-12-18
26071058,2008-10-29
26071108,2008-09-09
26071158,2008-07-21
26071208,2008-06-01
26071258,2008-04-12
26071308,2008-02-22
26071358,2008-01-03
26071408,2010-08-10
26071458,2010-06-21
26071508,2010-05-02
26071558,2010-03-13
26071608,2010-01-22
26071658,2009-12-03
26071708,2009-10-14
26071758,2009-08-25
26071808,2009-07-06
26071858,2009-05-17
26071908,2009-03-28
26071958,2009-02-06
26072008,2008-12-18
26072058,2008-10-29
26072108,2008-09-09
26072158,2008-07-21
26072208,2008-06-01
26072258,2008-04-12
26072308,2008-02-22
26072358,2008-01-03
26072408,2010-08-10
26072458,2010-06-21
26072508,2010-05-02
26072558,2010-03-13
26072608,2010-01-22
26072658,2009-12-03
26072708,2009-10-14
26072758,2009-08-25
26072808,2009-07-06
26072858,2009-05-17
26072908,2009-03-28
26072958,2009-02-06
26073008,2008-12-18
26073058,2008-10-29
26073108,2008-09-09
26073158,2008-07-21
26073208,2008-06-01
26073258,2008-04-12
26073308,2008-02-22
26073358,2008-01-03
26073408,2010-08-10
26073458,2010-06-21
26073508,2010-05-02
26073558,2010-03-13
26073608,2010-01-22
26073658,2009-12-03
26073708,2009-10-14
26073758,2009-08-25
26073808,2009-07-06
26073858,2009-05-17
26073908,2009-03-28
26073958,2009-02-06
26074008,2008-12-18
26074058,2008-10-29
26074108,2008-09-09
26074158,2008-07-21
26074208,2008-06-01
26074258,2008-04-12
26074308,2008-02-22
26074358,2008-01-03
26074408,2010-08-10
26074458,2010-06-21
26074508,2010-05-02
26074558,2010-03-13
26074608,2010-01-22
26074658,2009-12-03
26074708,2009-10-14
26074758,2009-08-25
26074808,2009-07-06
26074858,2009-05-17
26074908,2009-03-28
26074958,2009-02-06
26075008,2008-12-18
26075058,2008-10-29
26075108,2008-09-09
26075158,2008-07-21
26075208,2008-06-01
26075258,2008-04-12
26075308,2008-02-22
26075358,2008-01-03
26075408,2010-08-10
26075458,2010-06-21
26075508,2010-05-02
26075558,2010-03-13
26075608,2010-01-22
26075658,2009-12-03
26075708,2009-10-14
26075758,2009-08-25
26075808,2009-07-06
26075858,2009-05-17
26075908,2009-03-28
26075958,2009-02-06
26076008,2008-12-18
26076058,2008-10-29
26076108,2008-09-09
26076158,2008-07-21
26076208,2008-06-01
26076258,2008-04-12
26076308,2008-02-22
26076358,2008-01-03
26076408,2010-08-10
26076458,2010-06-21
26076508,2010-05-02
26076558,2010-03-13
26076608,2010-01-22
26076658,2009-12-03
26076708,2009-10-14
26076758,2009-08-25
26076808,2009-07-06
26076858,2009-05-17
26076908,2009-03-28
26076958,2009-02-06
26077008,2008-12-18
26077058,2008-10-29
26077108,2008-09-09
26077158,2008-07-21
26077208,2008-06-01
26077258,2008-04-12
26077308,2008-02-22
26077358,2008-01-03
26077408,2010-08-10
26077458,2010-06-21
26077508,2010-05-02
26077558,2010-03-13
26077608,2010-01-22
26077658,2009-12-03
26077708,2009-10-14
26077758,2009-08-25
26077808,2009-07-06
26077858,2009-05-17
26077908,2009-03-28
26077958,2009-02-06
26078008,2008-12-18
26078058,2008-10-29
26078108,2008-09-09
26078158,2008-07-21
26078208,2008-06-01
26078258,2008-04-12
26078308,2008-02-22
26078358,2008-01-03
26078408,2010-08-10
26078458,2010-06-21
26078508,2010-05-02
26078558,2010-03-13
26078608,2010-01-22
26078658,2009-12-03
26078708,2009-10-14
26078758,2009-08-25
26078808,2009-07-06
26078858,2009-05-17
26078908,2009-03-28
26078958,2009-02-06
26079008,2008-12-18
26079058,2008-10-29
26079108,2008-09-09
26079158,2008-07-21
26079208,2008-06-01
26079258,2008-04-12
26079308,2008-02-22
26079358,2008-01-03
26079408,2010-08-10
26079458,2010-06-21
26079508,2010-05-02
26079558,2010-03-13
26079608,2010-01-22
26079658,2009-12-03
26079708,2009-10-14
26079758,2009-08-25
26079808,2009-07-06
26079858,2009-05-17
26079908,2009-03-28
26079958,2009-02-06
26080008,2008-12-18
26080058,2008-10-29
26080108,2008-09-09
26080158,2008-07-21
26080208,2008-06-01
26080258,2008-04-12
26080308,2008-02-22
26080358,2008-01-03
26080408,2010-08-10
26080458,2010-06-21
26080508,2010-05-02
26080558,2010-03-13
26080608,2010-01-22
26080658,2009-12-03
26080708,2009-10-14
26080758,2009-08-25
26080808,2009-07-06
26080858,2009-05-17
26080908,2009-03-28
26080958,2009-02-06
26081008,2008-12-18
26081058,2008-10-29
26081108,2008-09-09
26081158,2008-07-21
26081208,2008-06-01
26081258,2008-04-12
26081308,2008-02-22
26081358,2008-01-03
26081408,2010-08-10
26081458,2010-06-21
26081508,2010-05-02
26081558,2010-03-13
26081608,2010-01-22
26081658,2009-12-03
26081708,2009-10-14
26081758,2009-08-25
26081808,2009-07-06
26081858,2009-05-17
26081908,2009-03-28
26081958,2009-02-06
26082008,2008-12-18
26082058,2008-10-29
26082108,2008-09-09
26082158,2008-07-21
26082208,2008-06-01
26082258,2008-04-12
26082308,2008-02-22
26082358,2008-01-03
26082408,2010-08-10
26082458,2010-06-21
26082508,2010-05-02
26082558,2010-03-13
26082608,2010-01-22
26082658,2009-12-03
26082708,2009-10-14
26082758,2009-08-25
26082808,2009-07-06
26082858,2009-05-17
26082908,2009-03-28
26082958,2009-02-06
26083008,2008-12-18
26083058,2008-10-29
26083108,2008-09-09
26083158,2008-07-21
26083208,2008-06-01
26083258,2008-04-12
26083308,2008-02-22
26083358,2008-01-03
26083408,2010-08-10
26083458,2010-06-21
26083508,2010-05-02
26083558,2010-03-13
26083608,2010-01-22
26083658,2009-12-03
26083708,2009-10-14
26083758,2009-08-25
26083808,2009-07-06
26083858,2009-05-17
26083908,2009-03-28
26083958,2009-02-06
26084008,2008-12-18
26084058,2008-10-29
26084108,2008-09-09
26084158,2008-07-21
26084208,2008-06-01
26084258,2008-04-12
26084308,2008-02-22
26084358,2008-01-03
26084408,2010-08-10
26084458,2010-06-21
26084508,2010-05-02
26084558,2010-03-13
26084608,2010-01-22
26084658,2009-12-03
26084708,2009-10-14
26084758,2009-08-25
26084808,2009-07-06
26084858,2009-05-17
26084908,2009-03-28
26084958,2009-02-06
26085008,2008-12-18
26085058,2008-10-29
26085108,2008-09-09
26085158,2008-07-21
26085208,2008-06-01
26085258,2008-04-12
26085308,2008-02-22
26085358,2008-01-03
26085408,2010-08-10
26085458,2010-06-21
26085508,2010-05-02
26085558,2010-03-13
26085608,2010-01-22
26085658,2009-12-03
26085708,2009-10-14
26085758,2009-08-25
26085808,2009-07-06
26085858,2009-05-17
26085908,2009-03-28
26085958,2009-02-06
26086008,2008-12-18
26086058,2008-10-29
26086108,2008-09-09
26086158,2008-07-21
26086208,2008-06-01
26086258,2008-04-12
26086308,2008-02-22
26086358,2008-01-03
26086408,2010-08-10
26086458,2010-06-21
26086508,2010-05-02
26086558,2010-03-13
26086608,2010-01-22
26086658,2009-12-03
26086708,2009-10-14
26086758,2009-08-25
26086808,2009-07-06
26086858,2009-05-17
26086908,2009-03-28
26086958,2009-02-06
26087008,2008-12-18
26087058,2008-10-29
26087108,2008-09-09
26087158,2008-07-21
26087208,2008-06-01
26087258,2008-04-12
26087308,2008-02-22
26087358,2008-01-03
26087408,2010-08-10
26087458,2010-06-21
26087508,2010-05-02
26087558,2010-03-13
26087608,2010-01-22
26087658,2009-12-03
26087708,2009-10-14
26087758,2009-08-25
26087808,2009-07-06
26087858,2009-05-17
26087908,2009-03-28
26087958,2009-02-06
26088008,2008-12-18
26088058,2008-10-29
26088108,2008-09-09
26088158,2008-07-21
26088208,2008-06-01
26088258,2008-04-12
26088308,2008-02-22
26088358,2008-01-03
26088408,2010-08-10
26088458,2010-06-21
26088508,2010-05-02
26088558,2010-03-13
26088608,2010-01-22
26088658,2009-12-03
26088708,2009-10-14
26088758,2009-08-25
26088808,2009-07-06
26088858,2009-05-17
26088908,2009-03-28
26088958,2009-02-06
26089008,2008-12-18
26089058,2008-10-29
26089108,2008-09-09
26089158,2008-07-21
26089208,2008-06-01
26089258,2008-04-12
26089308,2008-02-22
26089358,2008-01-03
26089408,2010-08-10
26089458,2010-06-21
26089508,2010-05-02
26089558,2010-03-13
26089608,2010-01-22
26089658,2009-12-03
26089708,2009-10-14
26089758,2009-08-25
26089808,2009-07-06
26089858,2009-05-17
26089908,2009-03-28
26089958,2009-02-06
26090008,2008-12-18
26090058,2008-10-29
26090108,2008-09-09
26090158,2008-07-21
26090208,2008-06-01
26090258,2008-04-12
26090308,2008-02-22
26090358,2008-01-03
26090408,2010-08-10
26090458,2010-06-21
26090508,2010-05-02
26090558,2010-03-13
26090608,2010-01-22
26090658,2009-12-03
26090708,2009-10-14
26090758,2009-08-25
26090808,2009-07-06
26090858,2009-05-17
26090908,2009-03-28
26090958,2009-02-06
26091008,2008-12-18
26091058,2008-10-29
26091108,2008-09-09
26091158,2008-07-21
26091208,2008-06-01
26091258,2008-04-12
26091308,2008-02-22
26091358,2008-01-03
26091408,2010-08-10
26091458,2010-06-21
26091508,2010-05-02
26091558,2010-03-13
26091608,2010-01-22
26091658,2009-12-03
26091708,2009-10-14
26091758,2009-08-25
26091808,2009-07-06
26091858,2009-05-17
26091908,2009-03-28
26091958,2009-02-06
26092008,2008-12-18
26092058,2008-10-29
26092108,2008-09-09
26092158,2008-07-21
26092208,2008-06-01
26092258,2008-04-12
26092308,2008-02-22
26092358,2008-01-03
26092408,2010-08-10
26092458,2010-06-21
26092508,2010-05-02
26092558,2010-03-13
26092608,2010-01-22
26092658,2009-12-03
26092708,2009-10-14
26092758,2009-08-25
26092808,2009-07-06
26092858,2009-05-17
26092908,2009-03-28
26092958,2009-02-06
26093008,2008-12-18
26093058,2008-10-29
26093108,2008-09-09
26093158,2008-07-21
26093208,2008-06-01
26093258,2008-04-12
26093308,2008-02-22
26093358,2008-01-03
26093408,2010-08-10
26093458,2010-06-21
26093508,2010-05-02
26093558,2010-03-13
26093608,2010-01-22
26093658,2009-12-03
26093708,2009-10-14
26093758,2009-08-25
26093808,2009-07-06
26093858,2009-05-17
26093908,2009-03-28
26093958,2009-02-06
26094008,2008-12-18
26094058,2008-10-29
26094108,2008-09-09
26094158,2008-07-21
26094208,2008-06-01
26094258,2008-04-12
26094308,2008-02-22
26094358,2008-01-03
26094408,2010-08-10
26094458,2010-06-21
26094508,2010-05-02
26094558,2010-03-13
26094608,2010-01-22
26094658,2009-12-03
26094708,2009-10-14
26094758,2009-08-25
26094808,2009-07-06
26094858,2009-05-17
26094908,2009-03-28
26094958,2009-02-06
26095008,2008-12-18
26095058,2008-10-29
26095108,2008-09-09
26095158,2008-07-21
26095208,2008-06-01
26095258,2008-04-12
26095308,2008-02-22
26095358,2008-01-03
26095408,2010-08-10
26095458,2010-06-21
26095508,2010-05-02
26095558,2010-03-13
26095608,2010-01-22
26095658,2009-12-03
26095708,2009-10-14
26095758,2009-08-25
26095808,2009-07-06
26095858,2009-05-17
26095908,2009-03-28
26095958,2009-02-06
26096008,2008-12-18
26096058,2008-10-29
26096108,2008-09-09
26096158,2008-07-21
26096208,2008-06-01
26096258,2008-04-12
26096308,2008-02-22
26096358,2008-01-03
26096408,2010-08-10
26096458,2010-06-21
26096508,2010-05-02
26096558,2010-03-13
26096608,2010-01-22
26096658,2009-12-03
26096708,2009-10-14
26096758,2009-08-25
26096808,2009-07-06
26096858,2009-05-17
26096908,2009-03-28
26096958,2009-02-06
26097008,2008-12-18
26097058,2008-10-29
26097108,2008-09-09
26097158,2008-07-21
26097208,2008-06-01
26097258,2008-04-12
26097308,2008-02-22
26097358,2008-01-03
26097408,2010-08-10
26097458,2010-06-21
26097508,2010-05-02
26097558,2010-03-13
26097608,2010-01-22
26097658,2009-12-03
26097708,2009-10-14
26097758,2009-08-25
26097808,2009-07-06
26097858,2009-05-17
26097908,2009-03-28
26097958,2009-02-06
26098008,2008-12-18
26098058,2008-10-29
26098108,2008-09-09
26098158,2008-07-21
26098208,2008-06-01
26098258,2008-04-12
26098308,2008-02-22
26098358,2008-01-03
26098408,2010-08-10
26098458,2010-06-21
26098508,2010-05-02
26098558,2010-03-13
26098608,2010-01-22
26098658,2009-12-03
26098708,2009-10-14
26098758,2009-08-25
26098808,2009-07-06
26098858,2009-05-17
26098908,2009-03-28
26098958,2009-02-06
26099008,2008-12-18
26099058,2008-10-29
26099108,2008-09-09
26099158,2008-07-21
26099208,2008-06-01
26099258,2008-04-12
26099308,2008-02-22
26099358,2008-01-03
26099408,2010-08-10
26099458,2010-06-21
26099508,2010-05-02
26099558,2010-03-13
26099608,2010-01-22
26099658,2009-12-03
26099708,2009-10-14
26099758,2009-08-25
26099808,2009-07-06
26099858,2009-05-17
26099908,2009-03-28
26099958,2009-02-06
