customerId,password,current,savings
c0001,banklab-pass,acc_0001_cur,acc_0001_sav
c0002,banklab-pass,acc_0002_cur,acc_0002_sav
c0003,banklab-pass,acc_0003_cur,acc_0003_sav
c0004,banklab-pass,acc_0004_cur,acc_0004_sav
c0005,banklab-pass,acc_0005_cur,acc_0005_sav
c0006,banklab-pass,acc_0006_cur,acc_0006_sav
c0007,banklab-pass,acc_0007_cur,acc_0007_sav
c0008,banklab-pass,acc_0008_cur,acc_0008_sav
c0009,banklab-pass,acc_0009_cur,acc_0009_sav
c0010,banklab-pass,acc_0010_cur,acc_0010_sav
c0011,banklab-pass,acc_0011_cur,acc_0011_sav
c0012,banklab-pass,acc_0012_cur,acc_0012_sav
c0013,banklab-pass,acc_0013_cur,acc_0013_sav
c0014,banklab-pass,acc_0014_cur,acc_0014_sav
c0015,banklab-pass,acc_0015_cur,acc_0015_sav
c0016,banklab-pass,acc_0016_cur,acc_0016_sav
c0017,banklab-pass,acc_0017_cur,acc_0017_sav
c0018,banklab-pass,acc_0018_cur,acc_0018_sav
c0019,banklab-pass,acc_0019_cur,acc_0019_sav
c0020,banklab-pass,acc_0020_cur,acc_0020_sav
c0021,banklab-pass,acc_0021_cur,acc_0021_sav
c0022,banklab-pass,acc_0022_cur,acc_0022_sav
c0023,banklab-pass,acc_0023_cur,acc_0023_sav
c0024,banklab-pass,acc_0024_cur,acc_0024_sav
c0025,banklab-pass,acc_0025_cur,acc_0025_sav
c0026,banklab-pass,acc_0026_cur,acc_0026_sav
c0027,banklab-pass,acc_0027_cur,acc_0027_sav
c0028,banklab-pass,acc_0028_cur,acc_0028_sav
c0029,banklab-pass,acc_0029_cur,acc_0029_sav
c0030,banklab-pass,acc_0030_cur,acc_0030_sav
c0031,banklab-pass,acc_0031_cur,acc_0031_sav
c0032,banklab-pass,acc_0032_cur,acc_0032_sav
c0033,banklab-pass,acc_0033_cur,acc_0033_sav
c0034,banklab-pass,acc_0034_cur,acc_0034_sav
c0035,banklab-pass,acc_0035_cur,acc_0035_sav
c0036,banklab-pass,acc_0036_cur,acc_0036_sav
c0037,banklab-pass,acc_0037_cur,acc_0037_sav
c0038,banklab-pass,acc_0038_cur,acc_0038_sav
c0039,banklab-pass,acc_0039_cur,acc_0039_sav
c0040,banklab-pass,acc_0040_cur,acc_0040_sav
c0041,banklab-pass,acc_0041_cur,acc_0041_sav
c0042,banklab-pass,acc_0042_cur,acc_0042_sav
c0043,banklab-pass,acc_0043_cur,acc_0043_sav
c0044,banklab-pass,acc_0044_cur,acc_0044_sav
c0045,banklab-pass,acc_0045_cur,acc_0045_sav
c0046,banklab-pass,acc_0046_cur,acc_0046_sav
c0047,banklab-pass,acc_0047_cur,acc_0047_sav
c0048,banklab-pass,acc_0048_cur,acc_0048_sav
c0049,banklab-pass,acc_0049_cur,acc_0049_sav
c0050,banklab-pass,acc_0050_cur,acc_0050_sav
c0051,banklab-pass,acc_0051_cur,acc_0051_sav
c0052,banklab-pass,acc_0052_cur,acc_0052_sav
c0053,banklab-pass,acc_0053_cur,acc_0053_sav
c0054,banklab-pass,acc_0054_cur,acc_0054_sav
c0055,banklab-pass,acc_0055_cur,acc_0055_sav
c0056,banklab-pass,acc_0056_cur,acc_0056_sav
c0057,banklab-pass,acc_0057_cur,acc_0057_sav
c0058,banklab-pass,acc_0058_cur,acc_0058_sav
c0059,banklab-pass,acc_0059_cur,acc_0059_sav
c0060,banklab-pass,acc_0060_cur,acc_0060_sav
c0061,banklab-pass,acc_0061_cur,acc_0061_sav
c0062,banklab-pass,acc_0062_cur,acc_0062_sav
c0063,banklab-pass,acc_0063_cur,acc_0063_sav
c0064,banklab-pass,acc_0064_cur,acc_0064_sav
c0065,banklab-pass,acc_0065_cur,acc_0065_sav
c0066,banklab-pass,acc_0066_cur,acc_0066_sav
c0067,banklab-pass,acc_0067_cur,acc_0067_sav
c0068,banklab-pass,acc_0068_cur,acc_0068_sav
c0069,banklab-pass,acc_0069_cur,acc_0069_sav
c0070,banklab-pass,acc_0070_cur,acc_0070_sav
c0071,banklab-pass,acc_0071_cur,acc_0071_sav
c0072,banklab-pass,acc_0072_cur,acc_0072_sav
c0073,banklab-pass,acc_0073_cur,acc_0073_sav
c0074,banklab-pass,acc_0074_cur,acc_0074_sav
c0075,banklab-pass,acc_0075_cur,acc_0075_sav
c0076,banklab-pass,acc_0076_cur,acc_0076_sav
c0077,banklab-pass,acc_0077_cur,acc_0077_sav
c0078,banklab-pass,acc_0078_cur,acc_0078_sav
c0079,banklab-pass,acc_0079_cur,acc_0079_sav
c0080,banklab-pass,acc_0080_cur,acc_0080_sav
c0081,banklab-pass,acc_0081_cur,acc_0081_sav
c0082,banklab-pass,acc_0082_cur,acc_0082_sav
c0083,banklab-pass,acc_0083_cur,acc_0083_sav
c0084,banklab-pass,acc_0084_cur,acc_0084_sav
c0085,banklab-pass,acc_0085_cur,acc_0085_sav
c0086,banklab-pass,acc_0086_cur,acc_0086_sav
c0087,banklab-pass,acc_0087_cur,acc_0087_sav
c0088,banklab-pass,acc_0088_cur,acc_0088_sav
c0089,banklab-pass,acc_0089_cur,acc_0089_sav
c0090,banklab-pass,acc_0090_cur,acc_0090_sav
c0091,banklab-pass,acc_0091_cur,acc_0091_sav
c0092,banklab-pass,acc_0092_cur,acc_0092_sav
c0093,banklab-pass,acc_0093_cur,acc_0093_sav
c0094,banklab-pass,acc_0094_cur,acc_0094_sav
c0095,banklab-pass,acc_0095_cur,acc_0095_sav
c0096,banklab-pass,acc_0096_cur,acc_0096_sav
c0097,banklab-pass,acc_0097_cur,acc_0097_sav
c0098,banklab-pass,acc_0098_cur,acc_0098_sav
c0099,banklab-pass,acc_0099_cur,acc_0099_sav
c0100,banklab-pass,acc_0100_cur,acc_0100_sav
c0101,banklab-pass,acc_0101_cur,acc_0101_sav
c0102,banklab-pass,acc_0102_cur,acc_0102_sav
c0103,banklab-pass,acc_0103_cur,acc_0103_sav
c0104,banklab-pass,acc_0104_cur,acc_0104_sav
c0105,banklab-pass,acc_0105_cur,acc_0105_sav
c0106,banklab-pass,acc_0106_cur,acc_0106_sav
c0107,banklab-pass,acc_0107_cur,acc_0107_sav
c0108,banklab-pass,acc_0108_cur,acc_0108_sav
c0109,banklab-pass,acc_0109_cur,acc_0109_sav
c0110,banklab-pass,acc_0110_cur,acc_0110_sav
c0111,banklab-pass,acc_0111_cur,acc_0111_sav
c0112,banklab-pass,acc_0112_cur,acc_0112_sav
c0113,banklab-pass,acc_0113_cur,acc_0113_sav
c0114,banklab-pass,acc_0114_cur,acc_0114_sav
c0115,banklab-pass,acc_0115_cur,acc_0115_sav
c0116,banklab-pass,acc_0116_cur,acc_0116_sav
c0117,banklab-pass,acc_0117_cur,acc_0117_sav
c0118,banklab-pass,acc_0118_cur,acc_0118_sav
c0119,banklab-pass,acc_0119_cur,acc_0119_sav
c0120,banklab-pass,acc_0120_cur,acc_0120_sav
c0121,banklab-pass,acc_0121_cur,acc_0121_sav
c0122,banklab-pass,acc_0122_cur,acc_0122_sav
c0123,banklab-pass,acc_0123_cur,acc_0123_sav
c0124,banklab-pass,acc_0124_cur,acc_0124_sav
c0125,banklab-pass,acc_0125_cur,acc_0125_sav
c0126,banklab-pass,acc_0126_cur,acc_0126_sav
c0127,banklab-pass,acc_0127_cur,acc_0127_sav
c0128,banklab-pass,acc_0128_cur,acc_0128_sav
c0129,banklab-pass,acc_0129_cur,acc_0129_sav
c0130,banklab-pass,acc_0130_cur,acc_0130_sav
c0131,banklab-pass,acc_0131_cur,acc_0131_sav
c0132,banklab-pass,acc_0132_cur,acc_0132_sav
c0133,banklab-pass,acc_0133_cur,acc_0133_sav
c0134,banklab-pass,acc_0134_cur,acc_0134_sav
c0135,banklab-pass,acc_0135_cur,acc_0135_sav
c0136,banklab-pass,acc_0136_cur,acc_0136_sav
c0137,banklab-pass,acc_0137_cur,acc_0137_sav
c0138,banklab-pass,acc_0138_cur,acc_0138_sav
c0139,banklab-pass,acc_0139_cur,acc_0139_sav
c0140,banklab-pass,acc_0140_cur,acc_0140_sav
c0141,banklab-pass,acc_0141_cur,acc_0141_sav
c0142,banklab-pass,acc_0142_cur,acc_0142_sav
c0143,banklab-pass,acc_0143_cur,acc_0143_sav
c0144,banklab-pass,acc_0144_cur,acc_0144_sav
c0145,banklab-pass,acc_0145_cur,acc_0145_sav
c0146,banklab-pass,acc_0146_cur,acc_0146_sav
c0147,banklab-pass,acc_0147_cur,acc_0147_sav
c0148,banklab-pass,acc_0148_cur,acc_0148_sav
c0149,banklab-pass,acc_0149_cur,acc_0149_sav
c0150,banklab-pass,acc_0150_cur,acc_0150_sav
c0151,banklab-pass,acc_0151_cur,acc_0151_sav
c0152,banklab-pass,acc_0152_cur,acc_0152_sav
c0153,banklab-pass,acc_0153_cur,acc_0153_sav
c0154,banklab-pass,acc_0154_cur,acc_0154_sav
c0155,banklab-pass,acc_0155_cur,acc_0155_sav
c0156,banklab-pass,acc_0156_cur,acc_0156_sav
c0157,banklab-pass,acc_0157_cur,acc_0157_sav
c0158,banklab-pass,acc_0158_cur,acc_0158_sav
c0159,banklab-pass,acc_0159_cur,acc_0159_sav
c0160,banklab-pass,acc_0160_cur,acc_0160_sav
c0161,banklab-pass,acc_0161_cur,acc_0161_sav
c0162,banklab-pass,acc_0162_cur,acc_0162_sav
c0163,banklab-pass,acc_0163_cur,acc_0163_sav
c0164,banklab-pass,acc_0164_cur,acc_0164_sav
c0165,banklab-pass,acc_0165_cur,acc_0165_sav
c0166,banklab-pass,acc_0166_cur,acc_0166_sav
c0167,banklab-pass,acc_0167_cur,acc_0167_sav
c0168,banklab-pass,acc_0168_cur,acc_0168_sav
c0169,banklab-pass,acc_0169_cur,acc_0169_sav
c0170,banklab-pass,acc_0170_cur,acc_0170_sav
c0171,banklab-pass,acc_0171_cur,acc_0171_sav
c0172,banklab-pass,acc_0172_cur,acc_0172_sav
c0173,banklab-pass,acc_0173_cur,acc_0173_sav
c0174,banklab-pass,acc_0174_cur,acc_0174_sav
c0175,banklab-pass,acc_0175_cur,acc_0175_sav
c0176,banklab-pass,acc_0176_cur,acc_0176_sav
c0177,banklab-pass,acc_0177_cur,acc_0177_sav
c0178,banklab-pass,acc_0178_cur,acc_0178_sav
c0179,banklab-pass,acc_0179_cur,acc_0179_sav
c0180,banklab-pass,acc_0180_cur,acc_0180_sav
c0181,banklab-pass,acc_0181_cur,acc_0181_sav
c0182,banklab-pass,acc_0182_cur,acc_0182_sav
c0183,banklab-pass,acc_0183_cur,acc_0183_sav
c0184,banklab-pass,acc_0184_cur,acc_0184_sav
c0185,banklab-pass,acc_0185_cur,acc_0185_sav
c0186,banklab-pass,acc_0186_cur,acc_0186_sav
c0187,banklab-pass,acc_0187_cur,acc_0187_sav
c0188,banklab-pass,acc_0188_cur,acc_0188_sav
c0189,banklab-pass,acc_0189_cur,acc_0189_sav
c0190,banklab-pass,acc_0190_cur,acc_0190_sav
c0191,banklab-pass,acc_0191_cur,acc_0191_sav
c0192,banklab-pass,acc_0192_cur,acc_0192_sav
c0193,banklab-pass,acc_0193_cur,acc_0193_sav
c0194,banklab-pass,acc_0194_cur,acc_0194_sav
c0195,banklab-pass,acc_0195_cur,acc_0195_sav
c0196,banklab-pass,acc_0196_cur,acc_0196_sav
c0197,banklab-pass,acc_0197_cur,acc_0197_sav
c0198,banklab-pass,acc_0198_cur,acc_0198_sav
c0199,banklab-pass,acc_0199_cur,acc_0199_sav
c0200,banklab-pass,acc_0200_cur,acc_0200_sav
c0201,banklab-pass,acc_0201_cur,acc_0201_sav
c0202,banklab-pass,acc_0202_cur,acc_0202_sav
c0203,banklab-pass,acc_0203_cur,acc_0203_sav
c0204,banklab-pass,acc_0204_cur,acc_0204_sav
c0205,banklab-pass,acc_0205_cur,acc_0205_sav
c0206,banklab-pass,acc_0206_cur,acc_0206_sav
c0207,banklab-pass,acc_0207_cur,acc_0207_sav
c0208,banklab-pass,acc_0208_cur,acc_0208_sav
c0209,banklab-pass,acc_0209_cur,acc_0209_sav
c0210,banklab-pass,acc_0210_cur,acc_0210_sav
c0211,banklab-pass,acc_0211_cur,acc_0211_sav
c0212,banklab-pass,acc_0212_cur,acc_0212_sav
c0213,banklab-pass,acc_0213_cur,acc_0213_sav
c0214,banklab-pass,acc_0214_cur,acc_0214_sav
c0215,banklab-pass,acc_0215_cur,acc_0215_sav
c0216,banklab-pass,acc_0216_cur,acc_0216_sav
c0217,banklab-pass,acc_0217_cur,acc_0217_sav
c0218,banklab-pass,acc_0218_cur,acc_0218_sav
c0219,banklab-pass,acc_0219_cur,acc_0219_sav
c0220,banklab-pass,acc_0220_cur,acc_0220_sav
c0221,banklab-pass,acc_0221_cur,acc_0221_sav
c0222,banklab-pass,acc_0222_cur,acc_0222_sav
c0223,banklab-pass,acc_0223_cur,acc_0223_sav
c0224,banklab-pass,acc_0224_cur,acc_0224_sav
c0225,banklab-pass,acc_0225_cur,acc_0225_sav
c0226,banklab-pass,acc_0226_cur,acc_0226_sav
c0227,banklab-pass,acc_0227_cur,acc_0227_sav
c0228,banklab-pass,acc_0228_cur,acc_0228_sav
c0229,banklab-pass,acc_0229_cur,acc_0229_sav
c0230,banklab-pass,acc_0230_cur,acc_0230_sav
c0231,banklab-pass,acc_0231_cur,acc_0231_sav
c0232,banklab-pass,acc_0232_cur,acc_0232_sav
c0233,banklab-pass,acc_0233_cur,acc_0233_sav
c0234,banklab-pass,acc_0234_cur,acc_0234_sav
c0235,banklab-pass,acc_0235_cur,acc_0235_sav
c0236,banklab-pass,acc_0236_cur,acc_0236_sav
c0237,banklab-pass,acc_0237_cur,acc_0237_sav
c0238,banklab-pass,acc_0238_cur,acc_0238_sav
c0239,banklab-pass,acc_0239_cur,acc_0239_sav
c0240,banklab-pass,acc_0240_cur,acc_0240_sav
c0241,banklab-pass,acc_0241_cur,acc_0241_sav
c0242,banklab-pass,acc_0242_cur,acc_0242_sav
c0243,banklab-pass,acc_0243_cur,acc_0243_sav
c0244,banklab-pass,acc_0244_cur,acc_0244_sav
c0245,banklab-pass,acc_0245_cur,acc_0245_sav
c0246,banklab-pass,acc_0246_cur,acc_0246_sav
c0247,banklab-pass,acc_0247_cur,acc_0247_sav
c0248,banklab-pass,acc_0248_cur,acc_0248_sav
c0249,banklab-pass,acc_0249_cur,acc_0249_sav
c0250,banklab-pass,acc_0250_cur,acc_0250_sav
c0251,banklab-pass,acc_0251_cur,acc_0251_sav
c0252,banklab-pass,acc_0252_cur,acc_0252_sav
c0253,banklab-pass,acc_0253_cur,acc_0253_sav
c0254,banklab-pass,acc_0254_cur,acc_0254_sav
c0255,banklab-pass,acc_0255_cur,acc_0255_sav
c0256,banklab-pass,acc_0256_cur,acc_0256_sav
c0257,banklab-pass,acc_0257_cur,acc_0257_sav
c0258,banklab-pass,acc_0258_cur,acc_0258_sav
c0259,banklab-pass,acc_0259_cur,acc_0259_sav
c0260,banklab-pass,acc_0260_cur,acc_0260_sav
c0261,banklab-pass,acc_0261_cur,acc_0261_sav
c0262,banklab-pass,acc_0262_cur,acc_0262_sav
c0263,banklab-pass,acc_0263_cur,acc_0263_sav
c0264,banklab-pass,acc_0264_cur,acc_0264_sav
c0265,banklab-pass,acc_0265_cur,acc_0265_sav
c0266,banklab-pass,acc_0266_cur,acc_0266_sav
c0267,banklab-pass,acc_0267_cur,acc_0267_sav
c0268,banklab-pass,acc_0268_cur,acc_0268_sav
c0269,banklab-pass,acc_0269_cur,acc_0269_sav
c0270,banklab-pass,acc_0270_cur,acc_0270_sav
c0271,banklab-pass,acc_0271_cur,acc_0271_sav
c0272,banklab-pass,acc_0272_cur,acc_0272_sav
c0273,banklab-pass,acc_0273_cur,acc_0273_sav
c0274,banklab-pass,acc_0274_cur,acc_0274_sav
c0275,banklab-pass,acc_0275_cur,acc_0275_sav
c0276,banklab-pass,acc_0276_cur,acc_0276_sav
c0277,banklab-pass,acc_0277_cur,acc_0277_sav
c0278,banklab-pass,acc_0278_cur,acc_0278_sav
c0279,banklab-pass,acc_0279_cur,acc_0279_sav
c0280,banklab-pass,acc_0280_cur,acc_0280_sav
c0281,banklab-pass,acc_0281_cur,acc_0281_sav
c0282,banklab-pass,acc_0282_cur,acc_0282_sav
c0283,banklab-pass,acc_0283_cur,acc_0283_sav
c0284,banklab-pass,acc_0284_cur,acc_0284_sav
c0285,banklab-pass,acc_0285_cur,acc_0285_sav
c0286,banklab-pass,acc_0286_cur,acc_0286_sav
c0287,banklab-pass,acc_0287_cur,acc_0287_sav
c0288,banklab-pass,acc_0288_cur,acc_0288_sav
c0289,banklab-pass,acc_0289_cur,acc_0289_sav
c0290,banklab-pass,acc_0290_cur,acc_0290_sav
c0291,banklab-pass,acc_0291_cur,acc_0291_sav
c0292,banklab-pass,acc_0292_cur,acc_0292_sav
c0293,banklab-pass,acc_0293_cur,acc_0293_sav
c0294,banklab-pass,acc_0294_cur,acc_0294_sav
c0295,banklab-pass,acc_0295_cur,acc_0295_sav
c0296,banklab-pass,acc_0296_cur,acc_0296_sav
c0297,banklab-pass,acc_0297_cur,acc_0297_sav
c0298,banklab-pass,acc_0298_cur,acc_0298_sav
c0299,banklab-pass,acc_0299_cur,acc_0299_sav
c0300,banklab-pass,acc_0300_cur,acc_0300_sav
c0301,banklab-pass,acc_0301_cur,acc_0301_sav
c0302,banklab-pass,acc_0302_cur,acc_0302_sav
c0303,banklab-pass,acc_0303_cur,acc_0303_sav
c0304,banklab-pass,acc_0304_cur,acc_0304_sav
c0305,banklab-pass,acc_0305_cur,acc_0305_sav
c0306,banklab-pass,acc_0306_cur,acc_0306_sav
c0307,banklab-pass,acc_0307_cur,acc_0307_sav
c0308,banklab-pass,acc_0308_cur,acc_0308_sav
c0309,banklab-pass,acc_0309_cur,acc_0309_sav
c0310,banklab-pass,acc_0310_cur,acc_0310_sav
c0311,banklab-pass,acc_0311_cur,acc_0311_sav
c0312,banklab-pass,acc_0312_cur,acc_0312_sav
c0313,banklab-pass,acc_0313_cur,acc_0313_sav
c0314,banklab-pass,acc_0314_cur,acc_0314_sav
c0315,banklab-pass,acc_0315_cur,acc_0315_sav
c0316,banklab-pass,acc_0316_cur,acc_0316_sav
c0317,banklab-pass,acc_0317_cur,acc_0317_sav
c0318,banklab-pass,acc_0318_cur,acc_0318_sav
c0319,banklab-pass,acc_0319_cur,acc_0319_sav
c0320,banklab-pass,acc_0320_cur,acc_0320_sav
c0321,banklab-pass,acc_0321_cur,acc_0321_sav
c0322,banklab-pass,acc_0322_cur,acc_0322_sav
c0323,banklab-pass,acc_0323_cur,acc_0323_sav
c0324,banklab-pass,acc_0324_cur,acc_0324_sav
c0325,banklab-pass,acc_0325_cur,acc_0325_sav
c0326,banklab-pass,acc_0326_cur,acc_0326_sav
c0327,banklab-pass,acc_0327_cur,acc_0327_sav
c0328,banklab-pass,acc_0328_cur,acc_0328_sav
c0329,banklab-pass,acc_0329_cur,acc_0329_sav
c0330,banklab-pass,acc_0330_cur,acc_0330_sav
c0331,banklab-pass,acc_0331_cur,acc_0331_sav
c0332,banklab-pass,acc_0332_cur,acc_0332_sav
c0333,banklab-pass,acc_0333_cur,acc_0333_sav
c0334,banklab-pass,acc_0334_cur,acc_0334_sav
c0335,banklab-pass,acc_0335_cur,acc_0335_sav
c0336,banklab-pass,acc_0336_cur,acc_0336_sav
c0337,banklab-pass,acc_0337_cur,acc_0337_sav
c0338,banklab-pass,acc_0338_cur,acc_0338_sav
c0339,banklab-pass,acc_0339_cur,acc_0339_sav
c0340,banklab-pass,acc_0340_cur,acc_0340_sav
c0341,banklab-pass,acc_0341_cur,acc_0341_sav
c0342,banklab-pass,acc_0342_cur,acc_0342_sav
c0343,banklab-pass,acc_0343_cur,acc_0343_sav
c0344,banklab-pass,acc_0344_cur,acc_0344_sav
c0345,banklab-pass,acc_0345_cur,acc_0345_sav
c0346,banklab-pass,acc_0346_cur,acc_0346_sav
c0347,banklab-pass,acc_0347_cur,acc_0347_sav
c0348,banklab-pass,acc_0348_cur,acc_0348_sav
c0349,banklab-pass,acc_0349_cur,acc_0349_sav
c0350,banklab-pass,acc_0350_cur,acc_0350_sav
c0351,banklab-pass,acc_0351_cur,acc_0351_sav
c0352,banklab-pass,acc_0352_cur,acc_0352_sav
c0353,banklab-pass,acc_0353_cur,acc_0353_sav
c0354,banklab-pass,acc_0354_cur,acc_0354_sav
c0355,banklab-pass,acc_0355_cur,acc_0355_sav
c0356,banklab-pass,acc_0356_cur,acc_0356_sav
c0357,banklab-pass,acc_0357_cur,acc_0357_sav
c0358,banklab-pass,acc_0358_cur,acc_0358_sav
c0359,banklab-pass,acc_0359_cur,acc_0359_sav
c0360,banklab-pass,acc_0360_cur,acc_0360_sav
c0361,banklab-pass,acc_0361_cur,acc_0361_sav
c0362,banklab-pass,acc_0362_cur,acc_0362_sav
c0363,banklab-pass,acc_0363_cur,acc_0363_sav
c0364,banklab-pass,acc_0364_cur,acc_0364_sav
c0365,banklab-pass,acc_0365_cur,acc_0365_sav
c0366,banklab-pass,acc_0366_cur,acc_0366_sav
c0367,banklab-pass,acc_0367_cur,acc_0367_sav
c0368,banklab-pass,acc_0368_cur,acc_0368_sav
c0369,banklab-pass,acc_0369_cur,acc_0369_sav
c0370,banklab-pass,acc_0370_cur,acc_0370_sav
c0371,banklab-pass,acc_0371_cur,acc_0371_sav
c0372,banklab-pass,acc_0372_cur,acc_0372_sav
c0373,banklab-pass,acc_0373_cur,acc_0373_sav
c0374,banklab-pass,acc_0374_cur,acc_0374_sav
c0375,banklab-pass,acc_0375_cur,acc_0375_sav
c0376,banklab-pass,acc_0376_cur,acc_0376_sav
c0377,banklab-pass,acc_0377_cur,acc_0377_sav
c0378,banklab-pass,acc_0378_cur,acc_0378_sav
c0379,banklab-pass,acc_0379_cur,acc_0379_sav
c0380,banklab-pass,acc_0380_cur,acc_0380_sav
c0381,banklab-pass,acc_0381_cur,acc_0381_sav
c0382,banklab-pass,acc_0382_cur,acc_0382_sav
c0383,banklab-pass,acc_0383_cur,acc_0383_sav
c0384,banklab-pass,acc_0384_cur,acc_0384_sav
c0385,banklab-pass,acc_0385_cur,acc_0385_sav
c0386,banklab-pass,acc_0386_cur,acc_0386_sav
c0387,banklab-pass,acc_0387_cur,acc_0387_sav
c0388,banklab-pass,acc_0388_cur,acc_0388_sav
c0389,banklab-pass,acc_0389_cur,acc_0389_sav
c0390,banklab-pass,acc_0390_cur,acc_0390_sav
c0391,banklab-pass,acc_0391_cur,acc_0391_sav
c0392,banklab-pass,acc_0392_cur,acc_0392_sav
c0393,banklab-pass,acc_0393_cur,acc_0393_sav
c0394,banklab-pass,acc_0394_cur,acc_0394_sav
c0395,banklab-pass,acc_0395_cur,acc_0395_sav
c0396,banklab-pass,acc_0396_cur,acc_0396_sav
c0397,banklab-pass,acc_0397_cur,acc_0397_sav
c0398,banklab-pass,acc_0398_cur,acc_0398_sav
c0399,banklab-pass,acc_0399_cur,acc_0399_sav
c0400,banklab-pass,acc_0400_cur,acc_0400_sav
c0401,banklab-pass,acc_0401_cur,acc_0401_sav
c0402,banklab-pass,acc_0402_cur,acc_0402_sav
c0403,banklab-pass,acc_0403_cur,acc_0403_sav
c0404,banklab-pass,acc_0404_cur,acc_0404_sav
c0405,banklab-pass,acc_0405_cur,acc_0405_sav
c0406,banklab-pass,acc_0406_cur,acc_0406_sav
c0407,banklab-pass,acc_0407_cur,acc_0407_sav
c0408,banklab-pass,acc_0408_cur,acc_0408_sav
c0409,banklab-pass,acc_0409_cur,acc_0409_sav
c0410,banklab-pass,acc_0410_cur,acc_0410_sav
c0411,banklab-pass,acc_0411_cur,acc_0411_sav
c0412,banklab-pass,acc_0412_cur,acc_0412_sav
c0413,banklab-pass,acc_0413_cur,acc_0413_sav
c0414,banklab-pass,acc_0414_cur,acc_0414_sav
c0415,banklab-pass,acc_0415_cur,acc_0415_sav
c0416,banklab-pass,acc_0416_cur,acc_0416_sav
c0417,banklab-pass,acc_0417_cur,acc_0417_sav
c0418,banklab-pass,acc_0418_cur,acc_0418_sav
c0419,banklab-pass,acc_0419_cur,acc_0419_sav
c0420,banklab-pass,acc_0420_cur,acc_0420_sav
c0421,banklab-pass,acc_0421_cur,acc_0421_sav
c0422,banklab-pass,acc_0422_cur,acc_0422_sav
c0423,banklab-pass,acc_0423_cur,acc_0423_sav
c0424,banklab-pass,acc_0424_cur,acc_0424_sav
c0425,banklab-pass,acc_0425_cur,acc_0425_sav
c0426,banklab-pass,acc_0426_cur,acc_0426_sav
c0427,banklab-pass,acc_0427_cur,acc_0427_sav
c0428,banklab-pass,acc_0428_cur,acc_0428_sav
c0429,banklab-pass,acc_0429_cur,acc_0429_sav
c0430,banklab-pass,acc_0430_cur,acc_0430_sav
c0431,banklab-pass,acc_0431_cur,acc_0431_sav
c0432,banklab-pass,acc_0432_cur,acc_0432_sav
c0433,banklab-pass,acc_0433_cur,acc_0433_sav
c0434,banklab-pass,acc_0434_cur,acc_0434_sav
c0435,banklab-pass,acc_0435_cur,acc_0435_sav
c0436,banklab-pass,acc_0436_cur,acc_0436_sav
c0437,banklab-pass,acc_0437_cur,acc_0437_sav
c0438,banklab-pass,acc_0438_cur,acc_0438_sav
c0439,banklab-pass,acc_0439_cur,acc_0439_sav
c0440,banklab-pass,acc_0440_cur,acc_0440_sav
c0441,banklab-pass,acc_0441_cur,acc_0441_sav
c0442,banklab-pass,acc_0442_cur,acc_0442_sav
c0443,banklab-pass,acc_0443_cur,acc_0443_sav
c0444,banklab-pass,acc_0444_cur,acc_0444_sav
c0445,banklab-pass,acc_0445_cur,acc_0445_sav
c0446,banklab-pass,acc_0446_cur,acc_0446_sav
c0447,banklab-pass,acc_0447_cur,acc_0447_sav
c0448,banklab-pass,acc_0448_cur,acc_0448_sav
c0449,banklab-pass,acc_0449_cur,acc_0449_sav
c0450,banklab-pass,acc_0450_cur,acc_0450_sav
c0451,banklab-pass,acc_0451_cur,acc_0451_sav
c0452,banklab-pass,acc_0452_cur,acc_0452_sav
c0453,banklab-pass,acc_0453_cur,acc_0453_sav
c0454,banklab-pass,acc_0454_cur,acc_0454_sav
c0455,banklab-pass,acc_0455_cur,acc_0455_sav
c0456,banklab-pass,acc_0456_cur,acc_0456_sav
c0457,banklab-pass,acc_0457_cur,acc_0457_sav
c0458,banklab-pass,acc_0458_cur,acc_0458_sav
c0459,banklab-pass,acc_0459_cur,acc_0459_sav
c0460,banklab-pass,acc_0460_cur,acc_0460_sav
c0461,banklab-pass,acc_0461_cur,acc_0461_sav
c0462,banklab-pass,acc_0462_cur,acc_0462_sav
c0463,banklab-pass,acc_0463_cur,acc_0463_sav
c0464,banklab-pass,acc_0464_cur,acc_0464_sav
c0465,banklab-pass,acc_0465_cur,acc_0465_sav
c0466,banklab-pass,acc_0466_cur,acc_0466_sav
c0467,banklab-pass,acc_0467_cur,acc_0467_sav
c0468,banklab-pass,acc_0468_cur,acc_0468_sav
c0469,banklab-pass,acc_0469_cur,acc_0469_sav
c0470,banklab-pass,acc_0470_cur,acc_0470_sav
c0471,banklab-pass,acc_0471_cur,acc_0471_sav
c0472,banklab-pass,acc_0472_cur,acc_0472_sav
c0473,banklab-pass,acc_0473_cur,acc_0473_sav
c0474,banklab-pass,acc_0474_cur,acc_0474_sav
c0475,banklab-pass,acc_0475_cur,acc_0475_sav
c0476,banklab-pass,acc_0476_cur,acc_0476_sav
c0477,banklab-pass,acc_0477_cur,acc_0477_sav
c0478,banklab-pass,acc_0478_cur,acc_0478_sav
c0479,banklab-pass,acc_0479_cur,acc_0479_sav
c0480,banklab-pass,acc_0480_cur,acc_0480_sav
c0481,banklab-pass,acc_0481_cur,acc_0481_sav
c0482,banklab-pass,acc_0482_cur,acc_0482_sav
c0483,banklab-pass,acc_0483_cur,acc_0483_sav
c0484,banklab-pass,acc_0484_cur,acc_0484_sav
c0485,banklab-pass,acc_0485_cur,acc_0485_sav
c0486,banklab-pass,acc_0486_cur,acc_0486_sav
c0487,banklab-pass,acc_0487_cur,acc_0487_sav
c0488,banklab-pass,acc_0488_cur,acc_0488_sav
c0489,banklab-pass,acc_0489_cur,acc_0489_sav
c0490,banklab-pass,acc_0490_cur,acc_0490_sav
c0491,banklab-pass,acc_0491_cur,acc_0491_sav
c0492,banklab-pass,acc_0492_cur,acc_0492_sav
c0493,banklab-pass,acc_0493_cur,acc_0493_sav
c0494,banklab-pass,acc_0494_cur,acc_0494_sav
c0495,banklab-pass,acc_0495_cur,acc_0495_sav
c0496,banklab-pass,acc_0496_cur,acc_0496_sav
c0497,banklab-pass,acc_0497_cur,acc_0497_sav
c0498,banklab-pass,acc_0498_cur,acc_0498_sav
c0499,banklab-pass,acc_0499_cur,acc_0499_sav
c0500,banklab-pass,acc_0500_cur,acc_0500_sav
c0501,banklab-pass,acc_0501_cur,acc_0501_sav
c0502,banklab-pass,acc_0502_cur,acc_0502_sav
c0503,banklab-pass,acc_0503_cur,acc_0503_sav
c0504,banklab-pass,acc_0504_cur,acc_0504_sav
c0505,banklab-pass,acc_0505_cur,acc_0505_sav
c0506,banklab-pass,acc_0506_cur,acc_0506_sav
c0507,banklab-pass,acc_0507_cur,acc_0507_sav
c0508,banklab-pass,acc_0508_cur,acc_0508_sav
c0509,banklab-pass,acc_0509_cur,acc_0509_sav
c0510,banklab-pass,acc_0510_cur,acc_0510_sav
c0511,banklab-pass,acc_0511_cur,acc_0511_sav
c0512,banklab-pass,acc_0512_cur,acc_0512_sav
c0513,banklab-pass,acc_0513_cur,acc_0513_sav
c0514,banklab-pass,acc_0514_cur,acc_0514_sav
c0515,banklab-pass,acc_0515_cur,acc_0515_sav
c0516,banklab-pass,acc_0516_cur,acc_0516_sav
c0517,banklab-pass,acc_0517_cur,acc_0517_sav
c0518,banklab-pass,acc_0518_cur,acc_0518_sav
c0519,banklab-pass,acc_0519_cur,acc_0519_sav
c0520,banklab-pass,acc_0520_cur,acc_0520_sav
c0521,banklab-pass,acc_0521_cur,acc_0521_sav
c0522,banklab-pass,acc_0522_cur,acc_0522_sav
c0523,banklab-pass,acc_0523_cur,acc_0523_sav
c0524,banklab-pass,acc_0524_cur,acc_0524_sav
c0525,banklab-pass,acc_0525_cur,acc_0525_sav
c0526,banklab-pass,acc_0526_cur,acc_0526_sav
c0527,banklab-pass,acc_0527_cur,acc_0527_sav
c0528,banklab-pass,acc_0528_cur,acc_0528_sav
c0529,banklab-pass,acc_0529_cur,acc_0529_sav
c0530,banklab-pass,acc_0530_cur,acc_0530_sav
c0531,banklab-pass,acc_0531_cur,acc_0531_sav
c0532,banklab-pass,acc_0532_cur,acc_0532_sav
c0533,banklab-pass,acc_0533_cur,acc_0533_sav
c0534,banklab-pass,acc_0534_cur,acc_0534_sav
c0535,banklab-pass,acc_0535_cur,acc_0535_sav
c0536,banklab-pass,acc_0536_cur,acc_0536_sav
c0537,banklab-pass,acc_0537_cur,acc_0537_sav
c0538,banklab-pass,acc_0538_cur,acc_0538_sav
c0539,banklab-pass,acc_0539_cur,acc_0539_sav
c0540,banklab-pass,acc_0540_cur,acc_0540_sav
c0541,banklab-pass,acc_0541_cur,acc_0541_sav
c0542,banklab-pass,acc_0542_cur,acc_0542_sav
c0543,banklab-pass,acc_0543_cur,acc_0543_sav
c0544,banklab-pass,acc_0544_cur,acc_0544_sav
c0545,banklab-pass,acc_0545_cur,acc_0545_sav
c0546,banklab-pass,acc_0546_cur,acc_0546_sav
c0547,banklab-pass,acc_0547_cur,acc_0547_sav
c0548,banklab-pass,acc_0548_cur,acc_0548_sav
c0549,banklab-pass,acc_0549_cur,acc_0549_sav
c0550,banklab-pass,acc_0550_cur,acc_0550_sav
c0551,banklab-pass,acc_0551_cur,acc_0551_sav
c0552,banklab-pass,acc_0552_cur,acc_0552_sav
c0553,banklab-pass,acc_0553_cur,acc_0553_sav
c0554,banklab-pass,acc_0554_cur,acc_0554_sav
c0555,banklab-pass,acc_0555_cur,acc_0555_sav
c0556,banklab-pass,acc_0556_cur,acc_0556_sav
c0557,banklab-pass,acc_0557_cur,acc_0557_sav
c0558,banklab-pass,acc_0558_cur,acc_0558_sav
c0559,banklab-pass,acc_0559_cur,acc_0559_sav
c0560,banklab-pass,acc_0560_cur,acc_0560_sav
c0561,banklab-pass,acc_0561_cur,acc_0561_sav
c0562,banklab-pass,acc_0562_cur,acc_0562_sav
c0563,banklab-pass,acc_0563_cur,acc_0563_sav
c0564,banklab-pass,acc_0564_cur,acc_0564_sav
c0565,banklab-pass,acc_0565_cur,acc_0565_sav
c0566,banklab-pass,acc_0566_cur,acc_0566_sav
c0567,banklab-pass,acc_0567_cur,acc_0567_sav
c0568,banklab-pass,acc_0568_cur,acc_0568_sav
c0569,banklab-pass,acc_0569_cur,acc_0569_sav
c0570,banklab-pass,acc_0570_cur,acc_0570_sav
c0571,banklab-pass,acc_0571_cur,acc_0571_sav
c0572,banklab-pass,acc_0572_cur,acc_0572_sav
c0573,banklab-pass,acc_0573_cur,acc_0573_sav
c0574,banklab-pass,acc_0574_cur,acc_0574_sav
c0575,banklab-pass,acc_0575_cur,acc_0575_sav
c0576,banklab-pass,acc_0576_cur,acc_0576_sav
c0577,banklab-pass,acc_0577_cur,acc_0577_sav
c0578,banklab-pass,acc_0578_cur,acc_0578_sav
c0579,banklab-pass,acc_0579_cur,acc_0579_sav
c0580,banklab-pass,acc_0580_cur,acc_0580_sav
c0581,banklab-pass,acc_0581_cur,acc_0581_sav
c0582,banklab-pass,acc_0582_cur,acc_0582_sav
c0583,banklab-pass,acc_0583_cur,acc_0583_sav
c0584,banklab-pass,acc_0584_cur,acc_0584_sav
c0585,banklab-pass,acc_0585_cur,acc_0585_sav
c0586,banklab-pass,acc_0586_cur,acc_0586_sav
c0587,banklab-pass,acc_0587_cur,acc_0587_sav
c0588,banklab-pass,acc_0588_cur,acc_0588_sav
c0589,banklab-pass,acc_0589_cur,acc_0589_sav
c0590,banklab-pass,acc_0590_cur,acc_0590_sav
c0591,banklab-pass,acc_0591_cur,acc_0591_sav
c0592,banklab-pass,acc_0592_cur,acc_0592_sav
c0593,banklab-pass,acc_0593_cur,acc_0593_sav
c0594,banklab-pass,acc_0594_cur,acc_0594_sav
c0595,banklab-pass,acc_0595_cur,acc_0595_sav
c0596,banklab-pass,acc_0596_cur,acc_0596_sav
c0597,banklab-pass,acc_0597_cur,acc_0597_sav
c0598,banklab-pass,acc_0598_cur,acc_0598_sav
c0599,banklab-pass,acc_0599_cur,acc_0599_sav
c0600,banklab-pass,acc_0600_cur,acc_0600_sav
c0601,banklab-pass,acc_0601_cur,acc_0601_sav
c0602,banklab-pass,acc_0602_cur,acc_0602_sav
c0603,banklab-pass,acc_0603_cur,acc_0603_sav
c0604,banklab-pass,acc_0604_cur,acc_0604_sav
c0605,banklab-pass,acc_0605_cur,acc_0605_sav
c0606,banklab-pass,acc_0606_cur,acc_0606_sav
c0607,banklab-pass,acc_0607_cur,acc_0607_sav
c0608,banklab-pass,acc_0608_cur,acc_0608_sav
c0609,banklab-pass,acc_0609_cur,acc_0609_sav
c0610,banklab-pass,acc_0610_cur,acc_0610_sav
c0611,banklab-pass,acc_0611_cur,acc_0611_sav
c0612,banklab-pass,acc_0612_cur,acc_0612_sav
c0613,banklab-pass,acc_0613_cur,acc_0613_sav
c0614,banklab-pass,acc_0614_cur,acc_0614_sav
c0615,banklab-pass,acc_0615_cur,acc_0615_sav
c0616,banklab-pass,acc_0616_cur,acc_0616_sav
c0617,banklab-pass,acc_0617_cur,acc_0617_sav
c0618,banklab-pass,acc_0618_cur,acc_0618_sav
c0619,banklab-pass,acc_0619_cur,acc_0619_sav
c0620,banklab-pass,acc_0620_cur,acc_0620_sav
c0621,banklab-pass,acc_0621_cur,acc_0621_sav
c0622,banklab-pass,acc_0622_cur,acc_0622_sav
c0623,banklab-pass,acc_0623_cur,acc_0623_sav
c0624,banklab-pass,acc_0624_cur,acc_0624_sav
c0625,banklab-pass,acc_0625_cur,acc_0625_sav
c0626,banklab-pass,acc_0626_cur,acc_0626_sav
c0627,banklab-pass,acc_0627_cur,acc_0627_sav
c0628,banklab-pass,acc_0628_cur,acc_0628_sav
c0629,banklab-pass,acc_0629_cur,acc_0629_sav
c0630,banklab-pass,acc_0630_cur,acc_0630_sav
c0631,banklab-pass,acc_0631_cur,acc_0631_sav
c0632,banklab-pass,acc_0632_cur,acc_0632_sav
c0633,banklab-pass,acc_0633_cur,acc_0633_sav
c0634,banklab-pass,acc_0634_cur,acc_0634_sav
c0635,banklab-pass,acc_0635_cur,acc_0635_sav
c0636,banklab-pass,acc_0636_cur,acc_0636_sav
c0637,banklab-pass,acc_0637_cur,acc_0637_sav
c0638,banklab-pass,acc_0638_cur,acc_0638_sav
c0639,banklab-pass,acc_0639_cur,acc_0639_sav
c0640,banklab-pass,acc_0640_cur,acc_0640_sav
c0641,banklab-pass,acc_0641_cur,acc_0641_sav
c0642,banklab-pass,acc_0642_cur,acc_0642_sav
c0643,banklab-pass,acc_0643_cur,acc_0643_sav
c0644,banklab-pass,acc_0644_cur,acc_0644_sav
c0645,banklab-pass,acc_0645_cur,acc_0645_sav
c0646,banklab-pass,acc_0646_cur,acc_0646_sav
c0647,banklab-pass,acc_0647_cur,acc_0647_sav
c0648,banklab-pass,acc_0648_cur,acc_0648_sav
c0649,banklab-pass,acc_0649_cur,acc_0649_sav
c0650,banklab-pass,acc_0650_cur,acc_0650_sav
c0651,banklab-pass,acc_0651_cur,acc_0651_sav
c0652,banklab-pass,acc_0652_cur,acc_0652_sav
c0653,banklab-pass,acc_0653_cur,acc_0653_sav
c0654,banklab-pass,acc_0654_cur,acc_0654_sav
c0655,banklab-pass,acc_0655_cur,acc_0655_sav
c0656,banklab-pass,acc_0656_cur,acc_0656_sav
c0657,banklab-pass,acc_0657_cur,acc_0657_sav
c0658,banklab-pass,acc_0658_cur,acc_0658_sav
c0659,banklab-pass,acc_0659_cur,acc_0659_sav
c0660,banklab-pass,acc_0660_cur,acc_0660_sav
c0661,banklab-pass,acc_0661_cur,acc_0661_sav
c0662,banklab-pass,acc_0662_cur,acc_0662_sav
c0663,banklab-pass,acc_0663_cur,acc_0663_sav
c0664,banklab-pass,acc_0664_cur,acc_0664_sav
c0665,banklab-pass,acc_0665_cur,acc_0665_sav
c0666,banklab-pass,acc_0666_cur,acc_0666_sav
c0667,banklab-pass,acc_0667_cur,acc_0667_sav
c0668,banklab-pass,acc_0668_cur,acc_0668_sav
c0669,banklab-pass,acc_0669_cur,acc_0669_sav
c0670,banklab-pass,acc_0670_cur,acc_0670_sav
c0671,banklab-pass,acc_0671_cur,acc_0671_sav
c0672,banklab-pass,acc_0672_cur,acc_0672_sav
c0673,banklab-pass,acc_0673_cur,acc_0673_sav
c0674,banklab-pass,acc_0674_cur,acc_0674_sav
c0675,banklab-pass,acc_0675_cur,acc_0675_sav
c0676,banklab-pass,acc_0676_cur,acc_0676_sav
c0677,banklab-pass,acc_0677_cur,acc_0677_sav
c0678,banklab-pass,acc_0678_cur,acc_0678_sav
c0679,banklab-pass,acc_0679_cur,acc_0679_sav
c0680,banklab-pass,acc_0680_cur,acc_0680_sav
c0681,banklab-pass,acc_0681_cur,acc_0681_sav
c0682,banklab-pass,acc_0682_cur,acc_0682_sav
c0683,banklab-pass,acc_0683_cur,acc_0683_sav
c0684,banklab-pass,acc_0684_cur,acc_0684_sav
c0685,banklab-pass,acc_0685_cur,acc_0685_sav
c0686,banklab-pass,acc_0686_cur,acc_0686_sav
c0687,banklab-pass,acc_0687_cur,acc_0687_sav
c0688,banklab-pass,acc_0688_cur,acc_0688_sav
c0689,banklab-pass,acc_0689_cur,acc_0689_sav
c0690,banklab-pass,acc_0690_cur,acc_0690_sav
c0691,banklab-pass,acc_0691_cur,acc_0691_sav
c0692,banklab-pass,acc_0692_cur,acc_0692_sav
c0693,banklab-pass,acc_0693_cur,acc_0693_sav
c0694,banklab-pass,acc_0694_cur,acc_0694_sav
c0695,banklab-pass,acc_0695_cur,acc_0695_sav
c0696,banklab-pass,acc_0696_cur,acc_0696_sav
c0697,banklab-pass,acc_0697_cur,acc_0697_sav
c0698,banklab-pass,acc_0698_cur,acc_0698_sav
c0699,banklab-pass,acc_0699_cur,acc_0699_sav
c0700,banklab-pass,acc_0700_cur,acc_0700_sav
c0701,banklab-pass,acc_0701_cur,acc_0701_sav
c0702,banklab-pass,acc_0702_cur,acc_0702_sav
c0703,banklab-pass,acc_0703_cur,acc_0703_sav
c0704,banklab-pass,acc_0704_cur,acc_0704_sav
c0705,banklab-pass,acc_0705_cur,acc_0705_sav
c0706,banklab-pass,acc_0706_cur,acc_0706_sav
c0707,banklab-pass,acc_0707_cur,acc_0707_sav
c0708,banklab-pass,acc_0708_cur,acc_0708_sav
c0709,banklab-pass,acc_0709_cur,acc_0709_sav
c0710,banklab-pass,acc_0710_cur,acc_0710_sav
c0711,banklab-pass,acc_0711_cur,acc_0711_sav
c0712,banklab-pass,acc_0712_cur,acc_0712_sav
c0713,banklab-pass,acc_0713_cur,acc_0713_sav
c0714,banklab-pass,acc_0714_cur,acc_0714_sav
c0715,banklab-pass,acc_0715_cur,acc_0715_sav
c0716,banklab-pass,acc_0716_cur,acc_0716_sav
c0717,banklab-pass,acc_0717_cur,acc_0717_sav
c0718,banklab-pass,acc_0718_cur,acc_0718_sav
c0719,banklab-pass,acc_0719_cur,acc_0719_sav
c0720,banklab-pass,acc_0720_cur,acc_0720_sav
c0721,banklab-pass,acc_0721_cur,acc_0721_sav
c0722,banklab-pass,acc_0722_cur,acc_0722_sav
c0723,banklab-pass,acc_0723_cur,acc_0723_sav
c0724,banklab-pass,acc_0724_cur,acc_0724_sav
c0725,banklab-pass,acc_0725_cur,acc_0725_sav
c0726,banklab-pass,acc_0726_cur,acc_0726_sav
c0727,banklab-pass,acc_0727_cur,acc_0727_sav
c0728,banklab-pass,acc_0728_cur,acc_0728_sav
c0729,banklab-pass,acc_0729_cur,acc_0729_sav
c0730,banklab-pass,acc_0730_cur,acc_0730_sav
c0731,banklab-pass,acc_0731_cur,acc_0731_sav
c0732,banklab-pass,acc_0732_cur,acc_0732_sav
c0733,banklab-pass,acc_0733_cur,acc_0733_sav
c0734,banklab-pass,acc_0734_cur,acc_0734_sav
c0735,banklab-pass,acc_0735_cur,acc_0735_sav
c0736,banklab-pass,acc_0736_cur,acc_0736_sav
c0737,banklab-pass,acc_0737_cur,acc_0737_sav
c0738,banklab-pass,acc_0738_cur,acc_0738_sav
c0739,banklab-pass,acc_0739_cur,acc_0739_sav
c0740,banklab-pass,acc_0740_cur,acc_0740_sav
c0741,banklab-pass,acc_0741_cur,acc_0741_sav
c0742,banklab-pass,acc_0742_cur,acc_0742_sav
c0743,banklab-pass,acc_0743_cur,acc_0743_sav
c0744,banklab-pass,acc_0744_cur,acc_0744_sav
c0745,banklab-pass,acc_0745_cur,acc_0745_sav
c0746,banklab-pass,acc_0746_cur,acc_0746_sav
c0747,banklab-pass,acc_0747_cur,acc_0747_sav
c0748,banklab-pass,acc_0748_cur,acc_0748_sav
c0749,banklab-pass,acc_0749_cur,acc_0749_sav
c0750,banklab-pass,acc_0750_cur,acc_0750_sav
c0751,banklab-pass,acc_0751_cur,acc_0751_sav
c0752,banklab-pass,acc_0752_cur,acc_0752_sav
c0753,banklab-pass,acc_0753_cur,acc_0753_sav
c0754,banklab-pass,acc_0754_cur,acc_0754_sav
c0755,banklab-pass,acc_0755_cur,acc_0755_sav
c0756,banklab-pass,acc_0756_cur,acc_0756_sav
c0757,banklab-pass,acc_0757_cur,acc_0757_sav
c0758,banklab-pass,acc_0758_cur,acc_0758_sav
c0759,banklab-pass,acc_0759_cur,acc_0759_sav
c0760,banklab-pass,acc_0760_cur,acc_0760_sav
c0761,banklab-pass,acc_0761_cur,acc_0761_sav
c0762,banklab-pass,acc_0762_cur,acc_0762_sav
c0763,banklab-pass,acc_0763_cur,acc_0763_sav
c0764,banklab-pass,acc_0764_cur,acc_0764_sav
c0765,banklab-pass,acc_0765_cur,acc_0765_sav
c0766,banklab-pass,acc_0766_cur,acc_0766_sav
c0767,banklab-pass,acc_0767_cur,acc_0767_sav
c0768,banklab-pass,acc_0768_cur,acc_0768_sav
c0769,banklab-pass,acc_0769_cur,acc_0769_sav
c0770,banklab-pass,acc_0770_cur,acc_0770_sav
c0771,banklab-pass,acc_0771_cur,acc_0771_sav
c0772,banklab-pass,acc_0772_cur,acc_0772_sav
c0773,banklab-pass,acc_0773_cur,acc_0773_sav
c0774,banklab-pass,acc_0774_cur,acc_0774_sav
c0775,banklab-pass,acc_0775_cur,acc_0775_sav
c0776,banklab-pass,acc_0776_cur,acc_0776_sav
c0777,banklab-pass,acc_0777_cur,acc_0777_sav
c0778,banklab-pass,acc_0778_cur,acc_0778_sav
c0779,banklab-pass,acc_0779_cur,acc_0779_sav
c0780,banklab-pass,acc_0780_cur,acc_0780_sav
c0781,banklab-pass,acc_0781_cur,acc_0781_sav
c0782,banklab-pass,acc_0782_cur,acc_0782_sav
c0783,banklab-pass,acc_0783_cur,acc_0783_sav
c0784,banklab-pass,acc_0784_cur,acc_0784_sav
c0785,banklab-pass,acc_0785_cur,acc_0785_sav
c0786,banklab-pass,acc_0786_cur,acc_0786_sav
c0787,banklab-pass,acc_0787_cur,acc_0787_sav
c0788,banklab-pass,acc_0788_cur,acc_0788_sav
c0789,banklab-pass,acc_0789_cur,acc_0789_sav
c0790,banklab-pass,acc_0790_cur,acc_0790_sav
c0791,banklab-pass,acc_0791_cur,acc_0791_sav
c0792,banklab-pass,acc_0792_cur,acc_0792_sav
c0793,banklab-pass,acc_0793_cur,acc_0793_sav
c0794,banklab-pass,acc_0794_cur,acc_0794_sav
c0795,banklab-pass,acc_0795_cur,acc_0795_sav
c0796,banklab-pass,acc_0796_cur,acc_0796_sav
c0797,banklab-pass,acc_0797_cur,acc_0797_sav
c0798,banklab-pass,acc_0798_cur,acc_0798_sav
c0799,banklab-pass,acc_0799_cur,acc_0799_sav
c0800,banklab-pass,acc_0800_cur,acc_0800_sav
c0801,banklab-pass,acc_0801_cur,acc_0801_sav
c0802,banklab-pass,acc_0802_cur,acc_0802_sav
c0803,banklab-pass,acc_0803_cur,acc_0803_sav
c0804,banklab-pass,acc_0804_cur,acc_0804_sav
c0805,banklab-pass,acc_0805_cur,acc_0805_sav
c0806,banklab-pass,acc_0806_cur,acc_0806_sav
c0807,banklab-pass,acc_0807_cur,acc_0807_sav
c0808,banklab-pass,acc_0808_cur,acc_0808_sav
c0809,banklab-pass,acc_0809_cur,acc_0809_sav
c0810,banklab-pass,acc_0810_cur,acc_0810_sav
c0811,banklab-pass,acc_0811_cur,acc_0811_sav
c0812,banklab-pass,acc_0812_cur,acc_0812_sav
c0813,banklab-pass,acc_0813_cur,acc_0813_sav
c0814,banklab-pass,acc_0814_cur,acc_0814_sav
c0815,banklab-pass,acc_0815_cur,acc_0815_sav
c0816,banklab-pass,acc_0816_cur,acc_0816_sav
c0817,banklab-pass,acc_0817_cur,acc_0817_sav
c0818,banklab-pass,acc_0818_cur,acc_0818_sav
c0819,banklab-pass,acc_0819_cur,acc_0819_sav
c0820,banklab-pass,acc_0820_cur,acc_0820_sav
c0821,banklab-pass,acc_0821_cur,acc_0821_sav
c0822,banklab-pass,acc_0822_cur,acc_0822_sav
c0823,banklab-pass,acc_0823_cur,acc_0823_sav
c0824,banklab-pass,acc_0824_cur,acc_0824_sav
c0825,banklab-pass,acc_0825_cur,acc_0825_sav
c0826,banklab-pass,acc_0826_cur,acc_0826_sav
c0827,banklab-pass,acc_0827_cur,acc_0827_sav
c0828,banklab-pass,acc_0828_cur,acc_0828_sav
c0829,banklab-pass,acc_0829_cur,acc_0829_sav
c0830,banklab-pass,acc_0830_cur,acc_0830_sav
c0831,banklab-pass,acc_0831_cur,acc_0831_sav
c0832,banklab-pass,acc_0832_cur,acc_0832_sav
c0833,banklab-pass,acc_0833_cur,acc_0833_sav
c0834,banklab-pass,acc_0834_cur,acc_0834_sav
c0835,banklab-pass,acc_0835_cur,acc_0835_sav
c0836,banklab-pass,acc_0836_cur,acc_0836_sav
c0837,banklab-pass,acc_0837_cur,acc_0837_sav
c0838,banklab-pass,acc_0838_cur,acc_0838_sav
c0839,banklab-pass,acc_0839_cur,acc_0839_sav
c0840,banklab-pass,acc_0840_cur,acc_0840_sav
c0841,banklab-pass,acc_0841_cur,acc_0841_sav
c0842,banklab-pass,acc_0842_cur,acc_0842_sav
c0843,banklab-pass,acc_0843_cur,acc_0843_sav
c0844,banklab-pass,acc_0844_cur,acc_0844_sav
c0845,banklab-pass,acc_0845_cur,acc_0845_sav
c0846,banklab-pass,acc_0846_cur,acc_0846_sav
c0847,banklab-pass,acc_0847_cur,acc_0847_sav
c0848,banklab-pass,acc_0848_cur,acc_0848_sav
c0849,banklab-pass,acc_0849_cur,acc_0849_sav
c0850,banklab-pass,acc_0850_cur,acc_0850_sav
c0851,banklab-pass,acc_0851_cur,acc_0851_sav
c0852,banklab-pass,acc_0852_cur,acc_0852_sav
c0853,banklab-pass,acc_0853_cur,acc_0853_sav
c0854,banklab-pass,acc_0854_cur,acc_0854_sav
c0855,banklab-pass,acc_0855_cur,acc_0855_sav
c0856,banklab-pass,acc_0856_cur,acc_0856_sav
c0857,banklab-pass,acc_0857_cur,acc_0857_sav
c0858,banklab-pass,acc_0858_cur,acc_0858_sav
c0859,banklab-pass,acc_0859_cur,acc_0859_sav
c0860,banklab-pass,acc_0860_cur,acc_0860_sav
c0861,banklab-pass,acc_0861_cur,acc_0861_sav
c0862,banklab-pass,acc_0862_cur,acc_0862_sav
c0863,banklab-pass,acc_0863_cur,acc_0863_sav
c0864,banklab-pass,acc_0864_cur,acc_0864_sav
c0865,banklab-pass,acc_0865_cur,acc_0865_sav
c0866,banklab-pass,acc_0866_cur,acc_0866_sav
c0867,banklab-pass,acc_0867_cur,acc_0867_sav
c0868,banklab-pass,acc_0868_cur,acc_0868_sav
c0869,banklab-pass,acc_0869_cur,acc_0869_sav
c0870,banklab-pass,acc_0870_cur,acc_0870_sav
c0871,banklab-pass,acc_0871_cur,acc_0871_sav
c0872,banklab-pass,acc_0872_cur,acc_0872_sav
c0873,banklab-pass,acc_0873_cur,acc_0873_sav
c0874,banklab-pass,acc_0874_cur,acc_0874_sav
c0875,banklab-pass,acc_0875_cur,acc_0875_sav
c0876,banklab-pass,acc_0876_cur,acc_0876_sav
c0877,banklab-pass,acc_0877_cur,acc_0877_sav
c0878,banklab-pass,acc_0878_cur,acc_0878_sav
c0879,banklab-pass,acc_0879_cur,acc_0879_sav
c0880,banklab-pass,acc_0880_cur,acc_0880_sav
c0881,banklab-pass,acc_0881_cur,acc_0881_sav
c0882,banklab-pass,acc_0882_cur,acc_0882_sav
c0883,banklab-pass,acc_0883_cur,acc_0883_sav
c0884,banklab-pass,acc_0884_cur,acc_0884_sav
c0885,banklab-pass,acc_0885_cur,acc_0885_sav
c0886,banklab-pass,acc_0886_cur,acc_0886_sav
c0887,banklab-pass,acc_0887_cur,acc_0887_sav
c0888,banklab-pass,acc_0888_cur,acc_0888_sav
c0889,banklab-pass,acc_0889_cur,acc_0889_sav
c0890,banklab-pass,acc_0890_cur,acc_0890_sav
c0891,banklab-pass,acc_0891_cur,acc_0891_sav
c0892,banklab-pass,acc_0892_cur,acc_0892_sav
c0893,banklab-pass,acc_0893_cur,acc_0893_sav
c0894,banklab-pass,acc_0894_cur,acc_0894_sav
c0895,banklab-pass,acc_0895_cur,acc_0895_sav
c0896,banklab-pass,acc_0896_cur,acc_0896_sav
c0897,banklab-pass,acc_0897_cur,acc_0897_sav
c0898,banklab-pass,acc_0898_cur,acc_0898_sav
c0899,banklab-pass,acc_0899_cur,acc_0899_sav
c0900,banklab-pass,acc_0900_cur,acc_0900_sav
c0901,banklab-pass,acc_0901_cur,acc_0901_sav
c0902,banklab-pass,acc_0902_cur,acc_0902_sav
c0903,banklab-pass,acc_0903_cur,acc_0903_sav
c0904,banklab-pass,acc_0904_cur,acc_0904_sav
c0905,banklab-pass,acc_0905_cur,acc_0905_sav
c0906,banklab-pass,acc_0906_cur,acc_0906_sav
c0907,banklab-pass,acc_0907_cur,acc_0907_sav
c0908,banklab-pass,acc_0908_cur,acc_0908_sav
c0909,banklab-pass,acc_0909_cur,acc_0909_sav
c0910,banklab-pass,acc_0910_cur,acc_0910_sav
c0911,banklab-pass,acc_0911_cur,acc_0911_sav
c0912,banklab-pass,acc_0912_cur,acc_0912_sav
c0913,banklab-pass,acc_0913_cur,acc_0913_sav
c0914,banklab-pass,acc_0914_cur,acc_0914_sav
c0915,banklab-pass,acc_0915_cur,acc_0915_sav
c0916,banklab-pass,acc_0916_cur,acc_0916_sav
c0917,banklab-pass,acc_0917_cur,acc_0917_sav
c0918,banklab-pass,acc_0918_cur,acc_0918_sav
c0919,banklab-pass,acc_0919_cur,acc_0919_sav
c0920,banklab-pass,acc_0920_cur,acc_0920_sav
c0921,banklab-pass,acc_0921_cur,acc_0921_sav
c0922,banklab-pass,acc_0922_cur,acc_0922_sav
c0923,banklab-pass,acc_0923_cur,acc_0923_sav
c0924,banklab-pass,acc_0924_cur,acc_0924_sav
c0925,banklab-pass,acc_0925_cur,acc_0925_sav
c0926,banklab-pass,acc_0926_cur,acc_0926_sav
c0927,banklab-pass,acc_0927_cur,acc_0927_sav
c0928,banklab-pass,acc_0928_cur,acc_0928_sav
c0929,banklab-pass,acc_0929_cur,acc_0929_sav
c0930,banklab-pass,acc_0930_cur,acc_0930_sav
c0931,banklab-pass,acc_0931_cur,acc_0931_sav
c0932,banklab-pass,acc_0932_cur,acc_0932_sav
c0933,banklab-pass,acc_0933_cur,acc_0933_sav
c0934,banklab-pass,acc_0934_cur,acc_0934_sav
c0935,banklab-pass,acc_0935_cur,acc_0935_sav
c0936,banklab-pass,acc_0936_cur,acc_0936_sav
c0937,banklab-pass,acc_0937_cur,acc_0937_sav
c0938,banklab-pass,acc_0938_cur,acc_0938_sav
c0939,banklab-pass,acc_0939_cur,acc_0939_sav
c0940,banklab-pass,acc_0940_cur,acc_0940_sav
c0941,banklab-pass,acc_0941_cur,acc_0941_sav
c0942,banklab-pass,acc_0942_cur,acc_0942_sav
c0943,banklab-pass,acc_0943_cur,acc_0943_sav
c0944,banklab-pass,acc_0944_cur,acc_0944_sav
c0945,banklab-pass,acc_0945_cur,acc_0945_sav
c0946,banklab-pass,acc_0946_cur,acc_0946_sav
c0947,banklab-pass,acc_0947_cur,acc_0947_sav
c0948,banklab-pass,acc_0948_cur,acc_0948_sav
c0949,banklab-pass,acc_0949_cur,acc_0949_sav
c0950,banklab-pass,acc_0950_cur,acc_0950_sav
c0951,banklab-pass,acc_0951_cur,acc_0951_sav
c0952,banklab-pass,acc_0952_cur,acc_0952_sav
c0953,banklab-pass,acc_0953_cur,acc_0953_sav
c0954,banklab-pass,acc_0954_cur,acc_0954_sav
c0955,banklab-pass,acc_0955_cur,acc_0955_sav
c0956,banklab-pass,acc_0956_cur,acc_0956_sav
c0957,banklab-pass,acc_0957_cur,acc_0957_sav
c0958,banklab-pass,acc_0958_cur,acc_0958_sav
c0959,banklab-pass,acc_0959_cur,acc_0959_sav
c0960,banklab-pass,acc_0960_cur,acc_0960_sav
c0961,banklab-pass,acc_0961_cur,acc_0961_sav
c0962,banklab-pass,acc_0962_cur,acc_0962_sav
c0963,banklab-pass,acc_0963_cur,acc_0963_sav
c0964,banklab-pass,acc_0964_cur,acc_0964_sav
c0965,banklab-pass,acc_0965_cur,acc_0965_sav
c0966,banklab-pass,acc_0966_cur,acc_0966_sav
c0967,banklab-pass,acc_0967_cur,acc_0967_sav
c0968,banklab-pass,acc_0968_cur,acc_0968_sav
c0969,banklab-pass,acc_0969_cur,acc_0969_sav
c0970,banklab-pass,acc_0970_cur,acc_0970_sav
c0971,banklab-pass,acc_0971_cur,acc_0971_sav
c0972,banklab-pass,acc_0972_cur,acc_0972_sav
c0973,banklab-pass,acc_0973_cur,acc_0973_sav
c0974,banklab-pass,acc_0974_cur,acc_0974_sav
c0975,banklab-pass,acc_0975_cur,acc_0975_sav
c0976,banklab-pass,acc_0976_cur,acc_0976_sav
c0977,banklab-pass,acc_0977_cur,acc_0977_sav
c0978,banklab-pass,acc_0978_cur,acc_0978_sav
c0979,banklab-pass,acc_0979_cur,acc_0979_sav
c0980,banklab-pass,acc_0980_cur,acc_0980_sav
c0981,banklab-pass,acc_0981_cur,acc_0981_sav
c0982,banklab-pass,acc_0982_cur,acc_0982_sav
c0983,banklab-pass,acc_0983_cur,acc_0983_sav
c0984,banklab-pass,acc_0984_cur,acc_0984_sav
c0985,banklab-pass,acc_0985_cur,acc_0985_sav
c0986,banklab-pass,acc_0986_cur,acc_0986_sav
c0987,banklab-pass,acc_0987_cur,acc_0987_sav
c0988,banklab-pass,acc_0988_cur,acc_0988_sav
c0989,banklab-pass,acc_0989_cur,acc_0989_sav
c0990,banklab-pass,acc_0990_cur,acc_0990_sav
c0991,banklab-pass,acc_0991_cur,acc_0991_sav
c0992,banklab-pass,acc_0992_cur,acc_0992_sav
c0993,banklab-pass,acc_0993_cur,acc_0993_sav
c0994,banklab-pass,acc_0994_cur,acc_0994_sav
c0995,banklab-pass,acc_0995_cur,acc_0995_sav
c0996,banklab-pass,acc_0996_cur,acc_0996_sav
c0997,banklab-pass,acc_0997_cur,acc_0997_sav
c0998,banklab-pass,acc_0998_cur,acc_0998_sav
c0999,banklab-pass,acc_0999_cur,acc_0999_sav
c1000,banklab-pass,acc_1000_cur,acc_1000_sav
