key,customerId,password,fromAccount,payee,amount
intent-001,c0655,banklab-pass,acc_0655_cur,electric,2600
intent-002,c0760,banklab-pass,acc_0760_cur,phone,8200
intent-003,c0229,banklab-pass,acc_0229_cur,water,4600
intent-004,c0693,banklab-pass,acc_0693_cur,insurance,4200
intent-005,c0605,banklab-pass,acc_0605_cur,internet,2800
intent-006,c0031,banklab-pass,acc_0031_cur,electric,7500
intent-007,c0239,banklab-pass,acc_0239_cur,insurance,2600
intent-008,c0575,banklab-pass,acc_0575_cur,water,12700
intent-009,c0226,banklab-pass,acc_0226_cur,internet,9100
intent-010,c0829,banklab-pass,acc_0829_cur,electric,6000
intent-011,c0715,banklab-pass,acc_0715_cur,internet,10700
intent-012,c0285,banklab-pass,acc_0285_cur,water,7500
intent-013,c0981,banklab-pass,acc_0981_cur,phone,4600
intent-014,c0095,banklab-pass,acc_0095_cur,internet,4400
intent-015,c0368,banklab-pass,acc_0368_cur,phone,8700
intent-016,c0827,banklab-pass,acc_0827_cur,electric,13700
intent-017,c0550,banklab-pass,acc_0550_cur,electric,11600
intent-018,c0081,banklab-pass,acc_0081_cur,insurance,9500
intent-019,c0850,banklab-pass,acc_0850_cur,insurance,11200
intent-020,c0592,banklab-pass,acc_0592_cur,water,3700
intent-021,c0047,banklab-pass,acc_0047_cur,water,9400
intent-022,c0082,banklab-pass,acc_0082_cur,water,4500
intent-023,c0390,banklab-pass,acc_0390_cur,phone,13600
intent-024,c0651,banklab-pass,acc_0651_cur,phone,6100
intent-025,c0380,banklab-pass,acc_0380_cur,phone,7300
intent-026,c0687,banklab-pass,acc_0687_cur,phone,3800
intent-027,c0624,banklab-pass,acc_0624_cur,water,8200
intent-028,c0168,banklab-pass,acc_0168_cur,internet,11700
intent-029,c0277,banklab-pass,acc_0277_cur,insurance,7600
intent-030,c0702,banklab-pass,acc_0702_cur,phone,3400
intent-031,c0235,banklab-pass,acc_0235_cur,electric,10000
intent-032,c0411,banklab-pass,acc_0411_cur,phone,3600
intent-033,c0217,banklab-pass,acc_0217_cur,insurance,10000
intent-034,c0218,banklab-pass,acc_0218_cur,internet,12100
intent-035,c0906,banklab-pass,acc_0906_cur,internet,5600
intent-036,c0272,banklab-pass,acc_0272_cur,water,8300
intent-037,c0763,banklab-pass,acc_0763_cur,insurance,8700
intent-038,c0765,banklab-pass,acc_0765_cur,insurance,12900
intent-039,c0920,banklab-pass,acc_0920_cur,insurance,12200
intent-040,c0371,banklab-pass,acc_0371_cur,water,5500
intent-041,c0522,banklab-pass,acc_0522_cur,internet,4300
intent-042,c0774,banklab-pass,acc_0774_cur,electric,4800
intent-043,c0157,banklab-pass,acc_0157_cur,water,12800
intent-044,c0611,banklab-pass,acc_0611_cur,electric,11800
intent-045,c0391,banklab-pass,acc_0391_cur,insurance,13900
intent-046,c0542,banklab-pass,acc_0542_cur,phone,2200
intent-047,c0697,banklab-pass,acc_0697_cur,electric,8800
intent-048,c0788,banklab-pass,acc_0788_cur,phone,4800
intent-049,c0301,banklab-pass,acc_0301_cur,internet,6000
intent-050,c0465,banklab-pass,acc_0465_cur,electric,8700
intent-051,c0996,banklab-pass,acc_0996_cur,insurance,6500
intent-052,c0520,banklab-pass,acc_0520_cur,electric,9600
intent-053,c0862,banklab-pass,acc_0862_cur,insurance,7000
intent-054,c0157,banklab-pass,acc_0157_cur,phone,6100
intent-055,c0553,banklab-pass,acc_0553_cur,insurance,2000
intent-056,c0614,banklab-pass,acc_0614_cur,phone,14500
intent-057,c0020,banklab-pass,acc_0020_cur,electric,11200
intent-058,c0900,banklab-pass,acc_0900_cur,phone,8100
intent-059,c0060,banklab-pass,acc_0060_cur,water,4000
intent-060,c0088,banklab-pass,acc_0088_cur,internet,3700
intent-061,c0779,banklab-pass,acc_0779_cur,insurance,5200
intent-062,c0132,banklab-pass,acc_0132_cur,internet,6200
intent-063,c0272,banklab-pass,acc_0272_cur,insurance,12800
intent-064,c0988,banklab-pass,acc_0988_cur,water,7100
intent-065,c0731,banklab-pass,acc_0731_cur,phone,12200
intent-066,c0688,banklab-pass,acc_0688_cur,phone,13200
intent-067,c0922,banklab-pass,acc_0922_cur,insurance,13500
intent-068,c0124,banklab-pass,acc_0124_cur,water,7700
intent-069,c0066,banklab-pass,acc_0066_cur,phone,2500
intent-070,c0603,banklab-pass,acc_0603_cur,insurance,7800
intent-071,c0603,banklab-pass,acc_0603_cur,water,2100
intent-072,c0073,banklab-pass,acc_0073_cur,electric,7800
intent-073,c0070,banklab-pass,acc_0070_cur,electric,10400
intent-074,c0073,banklab-pass,acc_0073_cur,insurance,8000
intent-075,c0286,banklab-pass,acc_0286_cur,internet,7400
intent-076,c0553,banklab-pass,acc_0553_cur,water,14100
intent-077,c0249,banklab-pass,acc_0249_cur,internet,12400
intent-078,c0195,banklab-pass,acc_0195_cur,electric,4400
intent-079,c0675,banklab-pass,acc_0675_cur,internet,11000
intent-080,c0434,banklab-pass,acc_0434_cur,internet,13900
intent-081,c0885,banklab-pass,acc_0885_cur,electric,4500
intent-082,c0063,banklab-pass,acc_0063_cur,internet,10600
intent-083,c0820,banklab-pass,acc_0820_cur,electric,8300
intent-084,c0197,banklab-pass,acc_0197_cur,water,13400
intent-085,c0144,banklab-pass,acc_0144_cur,internet,6600
intent-086,c0286,banklab-pass,acc_0286_cur,internet,8300
intent-087,c0896,banklab-pass,acc_0896_cur,electric,13300
intent-088,c0828,banklab-pass,acc_0828_cur,insurance,4500
intent-089,c0052,banklab-pass,acc_0052_cur,insurance,2300
intent-090,c0993,banklab-pass,acc_0993_cur,electric,8000
intent-091,c0171,banklab-pass,acc_0171_cur,internet,14400
intent-092,c0493,banklab-pass,acc_0493_cur,water,12200
intent-093,c0925,banklab-pass,acc_0925_cur,electric,6200
intent-094,c0389,banklab-pass,acc_0389_cur,electric,11900
intent-095,c0272,banklab-pass,acc_0272_cur,internet,9300
intent-096,c0434,banklab-pass,acc_0434_cur,insurance,14400
intent-097,c0159,banklab-pass,acc_0159_cur,water,9500
intent-098,c0223,banklab-pass,acc_0223_cur,electric,3500
intent-099,c0766,banklab-pass,acc_0766_cur,phone,3400
intent-100,c0052,banklab-pass,acc_0052_cur,insurance,14200
