userId,password,deviceId,platform
u00001,mobilelab-pass,device-00001,ios
u00002,mobilelab-pass,device-00002,android
u00003,mobilelab-pass,device-00003,ios
u00004,mobilelab-pass,device-00004,android
u00005,mobilelab-pass,device-00005,ios
u00006,mobilelab-pass,device-00006,android
u00007,mobilelab-pass,device-00007,ios
u00008,mobilelab-pass,device-00008,android
u00009,mobilelab-pass,device-00009,ios
u00010,mobilelab-pass,device-00010,android
u00011,mobilelab-pass,device-00011,ios
u00012,mobilelab-pass,device-00012,android
u00013,mobilelab-pass,device-00013,ios
u00014,mobilelab-pass,device-00014,android
u00015,mobilelab-pass,device-00015,ios
u00016,mobilelab-pass,device-00016,android
u00017,mobilelab-pass,device-00017,ios
u00018,mobilelab-pass,device-00018,android
u00019,mobilelab-pass,device-00019,ios
u00020,mobilelab-pass,device-00020,android
u00021,mobilelab-pass,device-00021,ios
u00022,mobilelab-pass,device-00022,android
u00023,mobilelab-pass,device-00023,ios
u00024,mobilelab-pass,device-00024,android
u00025,mobilelab-pass,device-00025,ios
u00026,mobilelab-pass,device-00026,android
u00027,mobilelab-pass,device-00027,ios
u00028,mobilelab-pass,device-00028,android
u00029,mobilelab-pass,device-00029,ios
u00030,mobilelab-pass,device-00030,android
u00031,mobilelab-pass,device-00031,ios
u00032,mobilelab-pass,device-00032,android
u00033,mobilelab-pass,device-00033,ios
u00034,mobilelab-pass,device-00034,android
u00035,mobilelab-pass,device-00035,ios
u00036,mobilelab-pass,device-00036,android
u00037,mobilelab-pass,device-00037,ios
u00038,mobilelab-pass,device-00038,android
u00039,mobilelab-pass,device-00039,ios
u00040,mobilelab-pass,device-00040,android
u00041,mobilelab-pass,device-00041,ios
u00042,mobilelab-pass,device-00042,android
u00043,mobilelab-pass,device-00043,ios
u00044,mobilelab-pass,device-00044,android
u00045,mobilelab-pass,device-00045,ios
u00046,mobilelab-pass,device-00046,android
u00047,mobilelab-pass,device-00047,ios
u00048,mobilelab-pass,device-00048,android
u00049,mobilelab-pass,device-00049,ios
u00050,mobilelab-pass,device-00050,android
u00051,mobilelab-pass,device-00051,ios
u00052,mobilelab-pass,device-00052,android
u00053,mobilelab-pass,device-00053,ios
u00054,mobilelab-pass,device-00054,android
u00055,mobilelab-pass,device-00055,ios
u00056,mobilelab-pass,device-00056,android
u00057,mobilelab-pass,device-00057,ios
u00058,mobilelab-pass,device-00058,android
u00059,mobilelab-pass,device-00059,ios
u00060,mobilelab-pass,device-00060,android
u00061,mobilelab-pass,device-00061,ios
u00062,mobilelab-pass,device-00062,android
u00063,mobilelab-pass,device-00063,ios
u00064,mobilelab-pass,device-00064,android
u00065,mobilelab-pass,device-00065,ios
u00066,mobilelab-pass,device-00066,android
u00067,mobilelab-pass,device-00067,ios
u00068,mobilelab-pass,device-00068,android
u00069,mobilelab-pass,device-00069,ios
u00070,mobilelab-pass,device-00070,android
u00071,mobilelab-pass,device-00071,ios
u00072,mobilelab-pass,device-00072,android
u00073,mobilelab-pass,device-00073,ios
u00074,mobilelab-pass,device-00074,android
u00075,mobilelab-pass,device-00075,ios
u00076,mobilelab-pass,device-00076,android
u00077,mobilelab-pass,device-00077,ios
u00078,mobilelab-pass,device-00078,android
u00079,mobilelab-pass,device-00079,ios
u00080,mobilelab-pass,device-00080,android
u00081,mobilelab-pass,device-00081,ios
u00082,mobilelab-pass,device-00082,android
u00083,mobilelab-pass,device-00083,ios
u00084,mobilelab-pass,device-00084,android
u00085,mobilelab-pass,device-00085,ios
u00086,mobilelab-pass,device-00086,android
u00087,mobilelab-pass,device-00087,ios
u00088,mobilelab-pass,device-00088,android
u00089,mobilelab-pass,device-00089,ios
u00090,mobilelab-pass,device-00090,android
u00091,mobilelab-pass,device-00091,ios
u00092,mobilelab-pass,device-00092,android
u00093,mobilelab-pass,device-00093,ios
u00094,mobilelab-pass,device-00094,android
u00095,mobilelab-pass,device-00095,ios
u00096,mobilelab-pass,device-00096,android
u00097,mobilelab-pass,device-00097,ios
u00098,mobilelab-pass,device-00098,android
u00099,mobilelab-pass,device-00099,ios
u00100,mobilelab-pass,device-00100,android
u00101,mobilelab-pass,device-00101,ios
u00102,mobilelab-pass,device-00102,android
u00103,mobilelab-pass,device-00103,ios
u00104,mobilelab-pass,device-00104,android
u00105,mobilelab-pass,device-00105,ios
u00106,mobilelab-pass,device-00106,android
u00107,mobilelab-pass,device-00107,ios
u00108,mobilelab-pass,device-00108,android
u00109,mobilelab-pass,device-00109,ios
u00110,mobilelab-pass,device-00110,android
u00111,mobilelab-pass,device-00111,ios
u00112,mobilelab-pass,device-00112,android
u00113,mobilelab-pass,device-00113,ios
u00114,mobilelab-pass,device-00114,android
u00115,mobilelab-pass,device-00115,ios
u00116,mobilelab-pass,device-00116,android
u00117,mobilelab-pass,device-00117,ios
u00118,mobilelab-pass,device-00118,android
u00119,mobilelab-pass,device-00119,ios
u00120,mobilelab-pass,device-00120,android
u00121,mobilelab-pass,device-00121,ios
u00122,mobilelab-pass,device-00122,android
u00123,mobilelab-pass,device-00123,ios
u00124,mobilelab-pass,device-00124,android
u00125,mobilelab-pass,device-00125,ios
u00126,mobilelab-pass,device-00126,android
u00127,mobilelab-pass,device-00127,ios
u00128,mobilelab-pass,device-00128,android
u00129,mobilelab-pass,device-00129,ios
u00130,mobilelab-pass,device-00130,android
u00131,mobilelab-pass,device-00131,ios
u00132,mobilelab-pass,device-00132,android
u00133,mobilelab-pass,device-00133,ios
u00134,mobilelab-pass,device-00134,android
u00135,mobilelab-pass,device-00135,ios
u00136,mobilelab-pass,device-00136,android
u00137,mobilelab-pass,device-00137,ios
u00138,mobilelab-pass,device-00138,android
u00139,mobilelab-pass,device-00139,ios
u00140,mobilelab-pass,device-00140,android
u00141,mobilelab-pass,device-00141,ios
u00142,mobilelab-pass,device-00142,android
u00143,mobilelab-pass,device-00143,ios
u00144,mobilelab-pass,device-00144,android
u00145,mobilelab-pass,device-00145,ios
u00146,mobilelab-pass,device-00146,android
u00147,mobilelab-pass,device-00147,ios
u00148,mobilelab-pass,device-00148,android
u00149,mobilelab-pass,device-00149,ios
u00150,mobilelab-pass,device-00150,android
u00151,mobilelab-pass,device-00151,ios
u00152,mobilelab-pass,device-00152,android
u00153,mobilelab-pass,device-00153,ios
u00154,mobilelab-pass,device-00154,android
u00155,mobilelab-pass,device-00155,ios
u00156,mobilelab-pass,device-00156,android
u00157,mobilelab-pass,device-00157,ios
u00158,mobilelab-pass,device-00158,android
u00159,mobilelab-pass,device-00159,ios
u00160,mobilelab-pass,device-00160,android
u00161,mobilelab-pass,device-00161,ios
u00162,mobilelab-pass,device-00162,android
u00163,mobilelab-pass,device-00163,ios
u00164,mobilelab-pass,device-00164,android
u00165,mobilelab-pass,device-00165,ios
u00166,mobilelab-pass,device-00166,android
u00167,mobilelab-pass,device-00167,ios
u00168,mobilelab-pass,device-00168,android
u00169,mobilelab-pass,device-00169,ios
u00170,mobilelab-pass,device-00170,android
u00171,mobilelab-pass,device-00171,ios
u00172,mobilelab-pass,device-00172,android
u00173,mobilelab-pass,device-00173,ios
u00174,mobilelab-pass,device-00174,android
u00175,mobilelab-pass,device-00175,ios
u00176,mobilelab-pass,device-00176,android
u00177,mobilelab-pass,device-00177,ios
u00178,mobilelab-pass,device-00178,android
u00179,mobilelab-pass,device-00179,ios
u00180,mobilelab-pass,device-00180,android
u00181,mobilelab-pass,device-00181,ios
u00182,mobilelab-pass,device-00182,android
u00183,mobilelab-pass,device-00183,ios
u00184,mobilelab-pass,device-00184,android
u00185,mobilelab-pass,device-00185,ios
u00186,mobilelab-pass,device-00186,android
u00187,mobilelab-pass,device-00187,ios
u00188,mobilelab-pass,device-00188,android
u00189,mobilelab-pass,device-00189,ios
u00190,mobilelab-pass,device-00190,android
u00191,mobilelab-pass,device-00191,ios
u00192,mobilelab-pass,device-00192,android
u00193,mobilelab-pass,device-00193,ios
u00194,mobilelab-pass,device-00194,android
u00195,mobilelab-pass,device-00195,ios
u00196,mobilelab-pass,device-00196,android
u00197,mobilelab-pass,device-00197,ios
u00198,mobilelab-pass,device-00198,android
u00199,mobilelab-pass,device-00199,ios
u00200,mobilelab-pass,device-00200,android
u00201,mobilelab-pass,device-00201,ios
u00202,mobilelab-pass,device-00202,android
u00203,mobilelab-pass,device-00203,ios
u00204,mobilelab-pass,device-00204,android
u00205,mobilelab-pass,device-00205,ios
u00206,mobilelab-pass,device-00206,android
u00207,mobilelab-pass,device-00207,ios
u00208,mobilelab-pass,device-00208,android
u00209,mobilelab-pass,device-00209,ios
u00210,mobilelab-pass,device-00210,android
u00211,mobilelab-pass,device-00211,ios
u00212,mobilelab-pass,device-00212,android
u00213,mobilelab-pass,device-00213,ios
u00214,mobilelab-pass,device-00214,android
u00215,mobilelab-pass,device-00215,ios
u00216,mobilelab-pass,device-00216,android
u00217,mobilelab-pass,device-00217,ios
u00218,mobilelab-pass,device-00218,android
u00219,mobilelab-pass,device-00219,ios
u00220,mobilelab-pass,device-00220,android
u00221,mobilelab-pass,device-00221,ios
u00222,mobilelab-pass,device-00222,android
u00223,mobilelab-pass,device-00223,ios
u00224,mobilelab-pass,device-00224,android
u00225,mobilelab-pass,device-00225,ios
u00226,mobilelab-pass,device-00226,android
u00227,mobilelab-pass,device-00227,ios
u00228,mobilelab-pass,device-00228,android
u00229,mobilelab-pass,device-00229,ios
u00230,mobilelab-pass,device-00230,android
u00231,mobilelab-pass,device-00231,ios
u00232,mobilelab-pass,device-00232,android
u00233,mobilelab-pass,device-00233,ios
u00234,mobilelab-pass,device-00234,android
u00235,mobilelab-pass,device-00235,ios
u00236,mobilelab-pass,device-00236,android
u00237,mobilelab-pass,device-00237,ios
u00238,mobilelab-pass,device-00238,android
u00239,mobilelab-pass,device-00239,ios
u00240,mobilelab-pass,device-00240,android
u00241,mobilelab-pass,device-00241,ios
u00242,mobilelab-pass,device-00242,android
u00243,mobilelab-pass,device-00243,ios
u00244,mobilelab-pass,device-00244,android
u00245,mobilelab-pass,device-00245,ios
u00246,mobilelab-pass,device-00246,android
u00247,mobilelab-pass,device-00247,ios
u00248,mobilelab-pass,device-00248,android
u00249,mobilelab-pass,device-00249,ios
u00250,mobilelab-pass,device-00250,android
u00251,mobilelab-pass,device-00251,ios
u00252,mobilelab-pass,device-00252,android
u00253,mobilelab-pass,device-00253,ios
u00254,mobilelab-pass,device-00254,android
u00255,mobilelab-pass,device-00255,ios
u00256,mobilelab-pass,device-00256,android
u00257,mobilelab-pass,device-00257,ios
u00258,mobilelab-pass,device-00258,android
u00259,mobilelab-pass,device-00259,ios
u00260,mobilelab-pass,device-00260,android
u00261,mobilelab-pass,device-00261,ios
u00262,mobilelab-pass,device-00262,android
u00263,mobilelab-pass,device-00263,ios
u00264,mobilelab-pass,device-00264,android
u00265,mobilelab-pass,device-00265,ios
u00266,mobilelab-pass,device-00266,android
u00267,mobilelab-pass,device-00267,ios
u00268,mobilelab-pass,device-00268,android
u00269,mobilelab-pass,device-00269,ios
u00270,mobilelab-pass,device-00270,android
u00271,mobilelab-pass,device-00271,ios
u00272,mobilelab-pass,device-00272,android
u00273,mobilelab-pass,device-00273,ios
u00274,mobilelab-pass,device-00274,android
u00275,mobilelab-pass,device-00275,ios
u00276,mobilelab-pass,device-00276,android
u00277,mobilelab-pass,device-00277,ios
u00278,mobilelab-pass,device-00278,android
u00279,mobilelab-pass,device-00279,ios
u00280,mobilelab-pass,device-00280,android
u00281,mobilelab-pass,device-00281,ios
u00282,mobilelab-pass,device-00282,android
u00283,mobilelab-pass,device-00283,ios
u00284,mobilelab-pass,device-00284,android
u00285,mobilelab-pass,device-00285,ios
u00286,mobilelab-pass,device-00286,android
u00287,mobilelab-pass,device-00287,ios
u00288,mobilelab-pass,device-00288,android
u00289,mobilelab-pass,device-00289,ios
u00290,mobilelab-pass,device-00290,android
u00291,mobilelab-pass,device-00291,ios
u00292,mobilelab-pass,device-00292,android
u00293,mobilelab-pass,device-00293,ios
u00294,mobilelab-pass,device-00294,android
u00295,mobilelab-pass,device-00295,ios
u00296,mobilelab-pass,device-00296,android
u00297,mobilelab-pass,device-00297,ios
u00298,mobilelab-pass,device-00298,android
u00299,mobilelab-pass,device-00299,ios
u00300,mobilelab-pass,device-00300,android
u00301,mobilelab-pass,device-00301,ios
u00302,mobilelab-pass,device-00302,android
u00303,mobilelab-pass,device-00303,ios
u00304,mobilelab-pass,device-00304,android
u00305,mobilelab-pass,device-00305,ios
u00306,mobilelab-pass,device-00306,android
u00307,mobilelab-pass,device-00307,ios
u00308,mobilelab-pass,device-00308,android
u00309,mobilelab-pass,device-00309,ios
u00310,mobilelab-pass,device-00310,android
u00311,mobilelab-pass,device-00311,ios
u00312,mobilelab-pass,device-00312,android
u00313,mobilelab-pass,device-00313,ios
u00314,mobilelab-pass,device-00314,android
u00315,mobilelab-pass,device-00315,ios
u00316,mobilelab-pass,device-00316,android
u00317,mobilelab-pass,device-00317,ios
u00318,mobilelab-pass,device-00318,android
u00319,mobilelab-pass,device-00319,ios
u00320,mobilelab-pass,device-00320,android
u00321,mobilelab-pass,device-00321,ios
u00322,mobilelab-pass,device-00322,android
u00323,mobilelab-pass,device-00323,ios
u00324,mobilelab-pass,device-00324,android
u00325,mobilelab-pass,device-00325,ios
u00326,mobilelab-pass,device-00326,android
u00327,mobilelab-pass,device-00327,ios
u00328,mobilelab-pass,device-00328,android
u00329,mobilelab-pass,device-00329,ios
u00330,mobilelab-pass,device-00330,android
u00331,mobilelab-pass,device-00331,ios
u00332,mobilelab-pass,device-00332,android
u00333,mobilelab-pass,device-00333,ios
u00334,mobilelab-pass,device-00334,android
u00335,mobilelab-pass,device-00335,ios
u00336,mobilelab-pass,device-00336,android
u00337,mobilelab-pass,device-00337,ios
u00338,mobilelab-pass,device-00338,android
u00339,mobilelab-pass,device-00339,ios
u00340,mobilelab-pass,device-00340,android
u00341,mobilelab-pass,device-00341,ios
u00342,mobilelab-pass,device-00342,android
u00343,mobilelab-pass,device-00343,ios
u00344,mobilelab-pass,device-00344,android
u00345,mobilelab-pass,device-00345,ios
u00346,mobilelab-pass,device-00346,android
u00347,mobilelab-pass,device-00347,ios
u00348,mobilelab-pass,device-00348,android
u00349,mobilelab-pass,device-00349,ios
u00350,mobilelab-pass,device-00350,android
u00351,mobilelab-pass,device-00351,ios
u00352,mobilelab-pass,device-00352,android
u00353,mobilelab-pass,device-00353,ios
u00354,mobilelab-pass,device-00354,android
u00355,mobilelab-pass,device-00355,ios
u00356,mobilelab-pass,device-00356,android
u00357,mobilelab-pass,device-00357,ios
u00358,mobilelab-pass,device-00358,android
u00359,mobilelab-pass,device-00359,ios
u00360,mobilelab-pass,device-00360,android
u00361,mobilelab-pass,device-00361,ios
u00362,mobilelab-pass,device-00362,android
u00363,mobilelab-pass,device-00363,ios
u00364,mobilelab-pass,device-00364,android
u00365,mobilelab-pass,device-00365,ios
u00366,mobilelab-pass,device-00366,android
u00367,mobilelab-pass,device-00367,ios
u00368,mobilelab-pass,device-00368,android
u00369,mobilelab-pass,device-00369,ios
u00370,mobilelab-pass,device-00370,android
u00371,mobilelab-pass,device-00371,ios
u00372,mobilelab-pass,device-00372,android
u00373,mobilelab-pass,device-00373,ios
u00374,mobilelab-pass,device-00374,android
u00375,mobilelab-pass,device-00375,ios
u00376,mobilelab-pass,device-00376,android
u00377,mobilelab-pass,device-00377,ios
u00378,mobilelab-pass,device-00378,android
u00379,mobilelab-pass,device-00379,ios
u00380,mobilelab-pass,device-00380,android
u00381,mobilelab-pass,device-00381,ios
u00382,mobilelab-pass,device-00382,android
u00383,mobilelab-pass,device-00383,ios
u00384,mobilelab-pass,device-00384,android
u00385,mobilelab-pass,device-00385,ios
u00386,mobilelab-pass,device-00386,android
u00387,mobilelab-pass,device-00387,ios
u00388,mobilelab-pass,device-00388,android
u00389,mobilelab-pass,device-00389,ios
u00390,mobilelab-pass,device-00390,android
u00391,mobilelab-pass,device-00391,ios
u00392,mobilelab-pass,device-00392,android
u00393,mobilelab-pass,device-00393,ios
u00394,mobilelab-pass,device-00394,android
u00395,mobilelab-pass,device-00395,ios
u00396,mobilelab-pass,device-00396,android
u00397,mobilelab-pass,device-00397,ios
u00398,mobilelab-pass,device-00398,android
u00399,mobilelab-pass,device-00399,ios
u00400,mobilelab-pass,device-00400,android
u00401,mobilelab-pass,device-00401,ios
u00402,mobilelab-pass,device-00402,android
u00403,mobilelab-pass,device-00403,ios
u00404,mobilelab-pass,device-00404,android
u00405,mobilelab-pass,device-00405,ios
u00406,mobilelab-pass,device-00406,android
u00407,mobilelab-pass,device-00407,ios
u00408,mobilelab-pass,device-00408,android
u00409,mobilelab-pass,device-00409,ios
u00410,mobilelab-pass,device-00410,android
u00411,mobilelab-pass,device-00411,ios
u00412,mobilelab-pass,device-00412,android
u00413,mobilelab-pass,device-00413,ios
u00414,mobilelab-pass,device-00414,android
u00415,mobilelab-pass,device-00415,ios
u00416,mobilelab-pass,device-00416,android
u00417,mobilelab-pass,device-00417,ios
u00418,mobilelab-pass,device-00418,android
u00419,mobilelab-pass,device-00419,ios
u00420,mobilelab-pass,device-00420,android
u00421,mobilelab-pass,device-00421,ios
u00422,mobilelab-pass,device-00422,android
u00423,mobilelab-pass,device-00423,ios
u00424,mobilelab-pass,device-00424,android
u00425,mobilelab-pass,device-00425,ios
u00426,mobilelab-pass,device-00426,android
u00427,mobilelab-pass,device-00427,ios
u00428,mobilelab-pass,device-00428,android
u00429,mobilelab-pass,device-00429,ios
u00430,mobilelab-pass,device-00430,android
u00431,mobilelab-pass,device-00431,ios
u00432,mobilelab-pass,device-00432,android
u00433,mobilelab-pass,device-00433,ios
u00434,mobilelab-pass,device-00434,android
u00435,mobilelab-pass,device-00435,ios
u00436,mobilelab-pass,device-00436,android
u00437,mobilelab-pass,device-00437,ios
u00438,mobilelab-pass,device-00438,android
u00439,mobilelab-pass,device-00439,ios
u00440,mobilelab-pass,device-00440,android
u00441,mobilelab-pass,device-00441,ios
u00442,mobilelab-pass,device-00442,android
u00443,mobilelab-pass,device-00443,ios
u00444,mobilelab-pass,device-00444,android
u00445,mobilelab-pass,device-00445,ios
u00446,mobilelab-pass,device-00446,android
u00447,mobilelab-pass,device-00447,ios
u00448,mobilelab-pass,device-00448,android
u00449,mobilelab-pass,device-00449,ios
u00450,mobilelab-pass,device-00450,android
u00451,mobilelab-pass,device-00451,ios
u00452,mobilelab-pass,device-00452,android
u00453,mobilelab-pass,device-00453,ios
u00454,mobilelab-pass,device-00454,android
u00455,mobilelab-pass,device-00455,ios
u00456,mobilelab-pass,device-00456,android
u00457,mobilelab-pass,device-00457,ios
u00458,mobilelab-pass,device-00458,android
u00459,mobilelab-pass,device-00459,ios
u00460,mobilelab-pass,device-00460,android
u00461,mobilelab-pass,device-00461,ios
u00462,mobilelab-pass,device-00462,android
u00463,mobilelab-pass,device-00463,ios
u00464,mobilelab-pass,device-00464,android
u00465,mobilelab-pass,device-00465,ios
u00466,mobilelab-pass,device-00466,android
u00467,mobilelab-pass,device-00467,ios
u00468,mobilelab-pass,device-00468,android
u00469,mobilelab-pass,device-00469,ios
u00470,mobilelab-pass,device-00470,android
u00471,mobilelab-pass,device-00471,ios
u00472,mobilelab-pass,device-00472,android
u00473,mobilelab-pass,device-00473,ios
u00474,mobilelab-pass,device-00474,android
u00475,mobilelab-pass,device-00475,ios
u00476,mobilelab-pass,device-00476,android
u00477,mobilelab-pass,device-00477,ios
u00478,mobilelab-pass,device-00478,android
u00479,mobilelab-pass,device-00479,ios
u00480,mobilelab-pass,device-00480,android
u00481,mobilelab-pass,device-00481,ios
u00482,mobilelab-pass,device-00482,android
u00483,mobilelab-pass,device-00483,ios
u00484,mobilelab-pass,device-00484,android
u00485,mobilelab-pass,device-00485,ios
u00486,mobilelab-pass,device-00486,android
u00487,mobilelab-pass,device-00487,ios
u00488,mobilelab-pass,device-00488,android
u00489,mobilelab-pass,device-00489,ios
u00490,mobilelab-pass,device-00490,android
u00491,mobilelab-pass,device-00491,ios
u00492,mobilelab-pass,device-00492,android
u00493,mobilelab-pass,device-00493,ios
u00494,mobilelab-pass,device-00494,android
u00495,mobilelab-pass,device-00495,ios
u00496,mobilelab-pass,device-00496,android
u00497,mobilelab-pass,device-00497,ios
u00498,mobilelab-pass,device-00498,android
u00499,mobilelab-pass,device-00499,ios
u00500,mobilelab-pass,device-00500,android
u00501,mobilelab-pass,device-00501,ios
u00502,mobilelab-pass,device-00502,android
u00503,mobilelab-pass,device-00503,ios
u00504,mobilelab-pass,device-00504,android
u00505,mobilelab-pass,device-00505,ios
u00506,mobilelab-pass,device-00506,android
u00507,mobilelab-pass,device-00507,ios
u00508,mobilelab-pass,device-00508,android
u00509,mobilelab-pass,device-00509,ios
u00510,mobilelab-pass,device-00510,android
u00511,mobilelab-pass,device-00511,ios
u00512,mobilelab-pass,device-00512,android
u00513,mobilelab-pass,device-00513,ios
u00514,mobilelab-pass,device-00514,android
u00515,mobilelab-pass,device-00515,ios
u00516,mobilelab-pass,device-00516,android
u00517,mobilelab-pass,device-00517,ios
u00518,mobilelab-pass,device-00518,android
u00519,mobilelab-pass,device-00519,ios
u00520,mobilelab-pass,device-00520,android
u00521,mobilelab-pass,device-00521,ios
u00522,mobilelab-pass,device-00522,android
u00523,mobilelab-pass,device-00523,ios
u00524,mobilelab-pass,device-00524,android
u00525,mobilelab-pass,device-00525,ios
u00526,mobilelab-pass,device-00526,android
u00527,mobilelab-pass,device-00527,ios
u00528,mobilelab-pass,device-00528,android
u00529,mobilelab-pass,device-00529,ios
u00530,mobilelab-pass,device-00530,android
u00531,mobilelab-pass,device-00531,ios
u00532,mobilelab-pass,device-00532,android
u00533,mobilelab-pass,device-00533,ios
u00534,mobilelab-pass,device-00534,android
u00535,mobilelab-pass,device-00535,ios
u00536,mobilelab-pass,device-00536,android
u00537,mobilelab-pass,device-00537,ios
u00538,mobilelab-pass,device-00538,android
u00539,mobilelab-pass,device-00539,ios
u00540,mobilelab-pass,device-00540,android
u00541,mobilelab-pass,device-00541,ios
u00542,mobilelab-pass,device-00542,android
u00543,mobilelab-pass,device-00543,ios
u00544,mobilelab-pass,device-00544,android
u00545,mobilelab-pass,device-00545,ios
u00546,mobilelab-pass,device-00546,android
u00547,mobilelab-pass,device-00547,ios
u00548,mobilelab-pass,device-00548,android
u00549,mobilelab-pass,device-00549,ios
u00550,mobilelab-pass,device-00550,android
u00551,mobilelab-pass,device-00551,ios
u00552,mobilelab-pass,device-00552,android
u00553,mobilelab-pass,device-00553,ios
u00554,mobilelab-pass,device-00554,android
u00555,mobilelab-pass,device-00555,ios
u00556,mobilelab-pass,device-00556,android
u00557,mobilelab-pass,device-00557,ios
u00558,mobilelab-pass,device-00558,android
u00559,mobilelab-pass,device-00559,ios
u00560,mobilelab-pass,device-00560,android
u00561,mobilelab-pass,device-00561,ios
u00562,mobilelab-pass,device-00562,android
u00563,mobilelab-pass,device-00563,ios
u00564,mobilelab-pass,device-00564,android
u00565,mobilelab-pass,device-00565,ios
u00566,mobilelab-pass,device-00566,android
u00567,mobilelab-pass,device-00567,ios
u00568,mobilelab-pass,device-00568,android
u00569,mobilelab-pass,device-00569,ios
u00570,mobilelab-pass,device-00570,android
u00571,mobilelab-pass,device-00571,ios
u00572,mobilelab-pass,device-00572,android
u00573,mobilelab-pass,device-00573,ios
u00574,mobilelab-pass,device-00574,android
u00575,mobilelab-pass,device-00575,ios
u00576,mobilelab-pass,device-00576,android
u00577,mobilelab-pass,device-00577,ios
u00578,mobilelab-pass,device-00578,android
u00579,mobilelab-pass,device-00579,ios
u00580,mobilelab-pass,device-00580,android
u00581,mobilelab-pass,device-00581,ios
u00582,mobilelab-pass,device-00582,android
u00583,mobilelab-pass,device-00583,ios
u00584,mobilelab-pass,device-00584,android
u00585,mobilelab-pass,device-00585,ios
u00586,mobilelab-pass,device-00586,android
u00587,mobilelab-pass,device-00587,ios
u00588,mobilelab-pass,device-00588,android
u00589,mobilelab-pass,device-00589,ios
u00590,mobilelab-pass,device-00590,android
u00591,mobilelab-pass,device-00591,ios
u00592,mobilelab-pass,device-00592,android
u00593,mobilelab-pass,device-00593,ios
u00594,mobilelab-pass,device-00594,android
u00595,mobilelab-pass,device-00595,ios
u00596,mobilelab-pass,device-00596,android
u00597,mobilelab-pass,device-00597,ios
u00598,mobilelab-pass,device-00598,android
u00599,mobilelab-pass,device-00599,ios
u00600,mobilelab-pass,device-00600,android
u00601,mobilelab-pass,device-00601,ios
u00602,mobilelab-pass,device-00602,android
u00603,mobilelab-pass,device-00603,ios
u00604,mobilelab-pass,device-00604,android
u00605,mobilelab-pass,device-00605,ios
u00606,mobilelab-pass,device-00606,android
u00607,mobilelab-pass,device-00607,ios
u00608,mobilelab-pass,device-00608,android
u00609,mobilelab-pass,device-00609,ios
u00610,mobilelab-pass,device-00610,android
u00611,mobilelab-pass,device-00611,ios
u00612,mobilelab-pass,device-00612,android
u00613,mobilelab-pass,device-00613,ios
u00614,mobilelab-pass,device-00614,android
u00615,mobilelab-pass,device-00615,ios
u00616,mobilelab-pass,device-00616,android
u00617,mobilelab-pass,device-00617,ios
u00618,mobilelab-pass,device-00618,android
u00619,mobilelab-pass,device-00619,ios
u00620,mobilelab-pass,device-00620,android
u00621,mobilelab-pass,device-00621,ios
u00622,mobilelab-pass,device-00622,android
u00623,mobilelab-pass,device-00623,ios
u00624,mobilelab-pass,device-00624,android
u00625,mobilelab-pass,device-00625,ios
u00626,mobilelab-pass,device-00626,android
u00627,mobilelab-pass,device-00627,ios
u00628,mobilelab-pass,device-00628,android
u00629,mobilelab-pass,device-00629,ios
u00630,mobilelab-pass,device-00630,android
u00631,mobilelab-pass,device-00631,ios
u00632,mobilelab-pass,device-00632,android
u00633,mobilelab-pass,device-00633,ios
u00634,mobilelab-pass,device-00634,android
u00635,mobilelab-pass,device-00635,ios
u00636,mobilelab-pass,device-00636,android
u00637,mobilelab-pass,device-00637,ios
u00638,mobilelab-pass,device-00638,android
u00639,mobilelab-pass,device-00639,ios
u00640,mobilelab-pass,device-00640,android
u00641,mobilelab-pass,device-00641,ios
u00642,mobilelab-pass,device-00642,android
u00643,mobilelab-pass,device-00643,ios
u00644,mobilelab-pass,device-00644,android
u00645,mobilelab-pass,device-00645,ios
u00646,mobilelab-pass,device-00646,android
u00647,mobilelab-pass,device-00647,ios
u00648,mobilelab-pass,device-00648,android
u00649,mobilelab-pass,device-00649,ios
u00650,mobilelab-pass,device-00650,android
u00651,mobilelab-pass,device-00651,ios
u00652,mobilelab-pass,device-00652,android
u00653,mobilelab-pass,device-00653,ios
u00654,mobilelab-pass,device-00654,android
u00655,mobilelab-pass,device-00655,ios
u00656,mobilelab-pass,device-00656,android
u00657,mobilelab-pass,device-00657,ios
u00658,mobilelab-pass,device-00658,android
u00659,mobilelab-pass,device-00659,ios
u00660,mobilelab-pass,device-00660,android
u00661,mobilelab-pass,device-00661,ios
u00662,mobilelab-pass,device-00662,android
u00663,mobilelab-pass,device-00663,ios
u00664,mobilelab-pass,device-00664,android
u00665,mobilelab-pass,device-00665,ios
u00666,mobilelab-pass,device-00666,android
u00667,mobilelab-pass,device-00667,ios
u00668,mobilelab-pass,device-00668,android
u00669,mobilelab-pass,device-00669,ios
u00670,mobilelab-pass,device-00670,android
u00671,mobilelab-pass,device-00671,ios
u00672,mobilelab-pass,device-00672,android
u00673,mobilelab-pass,device-00673,ios
u00674,mobilelab-pass,device-00674,android
u00675,mobilelab-pass,device-00675,ios
u00676,mobilelab-pass,device-00676,android
u00677,mobilelab-pass,device-00677,ios
u00678,mobilelab-pass,device-00678,android
u00679,mobilelab-pass,device-00679,ios
u00680,mobilelab-pass,device-00680,android
u00681,mobilelab-pass,device-00681,ios
u00682,mobilelab-pass,device-00682,android
u00683,mobilelab-pass,device-00683,ios
u00684,mobilelab-pass,device-00684,android
u00685,mobilelab-pass,device-00685,ios
u00686,mobilelab-pass,device-00686,android
u00687,mobilelab-pass,device-00687,ios
u00688,mobilelab-pass,device-00688,android
u00689,mobilelab-pass,device-00689,ios
u00690,mobilelab-pass,device-00690,android
u00691,mobilelab-pass,device-00691,ios
u00692,mobilelab-pass,device-00692,android
u00693,mobilelab-pass,device-00693,ios
u00694,mobilelab-pass,device-00694,android
u00695,mobilelab-pass,device-00695,ios
u00696,mobilelab-pass,device-00696,android
u00697,mobilelab-pass,device-00697,ios
u00698,mobilelab-pass,device-00698,android
u00699,mobilelab-pass,device-00699,ios
u00700,mobilelab-pass,device-00700,android
u00701,mobilelab-pass,device-00701,ios
u00702,mobilelab-pass,device-00702,android
u00703,mobilelab-pass,device-00703,ios
u00704,mobilelab-pass,device-00704,android
u00705,mobilelab-pass,device-00705,ios
u00706,mobilelab-pass,device-00706,android
u00707,mobilelab-pass,device-00707,ios
u00708,mobilelab-pass,device-00708,android
u00709,mobilelab-pass,device-00709,ios
u00710,mobilelab-pass,device-00710,android
u00711,mobilelab-pass,device-00711,ios
u00712,mobilelab-pass,device-00712,android
u00713,mobilelab-pass,device-00713,ios
u00714,mobilelab-pass,device-00714,android
u00715,mobilelab-pass,device-00715,ios
u00716,mobilelab-pass,device-00716,android
u00717,mobilelab-pass,device-00717,ios
u00718,mobilelab-pass,device-00718,android
u00719,mobilelab-pass,device-00719,ios
u00720,mobilelab-pass,device-00720,android
u00721,mobilelab-pass,device-00721,ios
u00722,mobilelab-pass,device-00722,android
u00723,mobilelab-pass,device-00723,ios
u00724,mobilelab-pass,device-00724,android
u00725,mobilelab-pass,device-00725,ios
u00726,mobilelab-pass,device-00726,android
u00727,mobilelab-pass,device-00727,ios
u00728,mobilelab-pass,device-00728,android
u00729,mobilelab-pass,device-00729,ios
u00730,mobilelab-pass,device-00730,android
u00731,mobilelab-pass,device-00731,ios
u00732,mobilelab-pass,device-00732,android
u00733,mobilelab-pass,device-00733,ios
u00734,mobilelab-pass,device-00734,android
u00735,mobilelab-pass,device-00735,ios
u00736,mobilelab-pass,device-00736,android
u00737,mobilelab-pass,device-00737,ios
u00738,mobilelab-pass,device-00738,android
u00739,mobilelab-pass,device-00739,ios
u00740,mobilelab-pass,device-00740,android
u00741,mobilelab-pass,device-00741,ios
u00742,mobilelab-pass,device-00742,android
u00743,mobilelab-pass,device-00743,ios
u00744,mobilelab-pass,device-00744,android
u00745,mobilelab-pass,device-00745,ios
u00746,mobilelab-pass,device-00746,android
u00747,mobilelab-pass,device-00747,ios
u00748,mobilelab-pass,device-00748,android
u00749,mobilelab-pass,device-00749,ios
u00750,mobilelab-pass,device-00750,android
u00751,mobilelab-pass,device-00751,ios
u00752,mobilelab-pass,device-00752,android
u00753,mobilelab-pass,device-00753,ios
u00754,mobilelab-pass,device-00754,android
u00755,mobilelab-pass,device-00755,ios
u00756,mobilelab-pass,device-00756,android
u00757,mobilelab-pass,device-00757,ios
u00758,mobilelab-pass,device-00758,android
u00759,mobilelab-pass,device-00759,ios
u00760,mobilelab-pass,device-00760,android
u00761,mobilelab-pass,device-00761,ios
u00762,mobilelab-pass,device-00762,android
u00763,mobilelab-pass,device-00763,ios
u00764,mobilelab-pass,device-00764,android
u00765,mobilelab-pass,device-00765,ios
u00766,mobilelab-pass,device-00766,android
u00767,mobilelab-pass,device-00767,ios
u00768,mobilelab-pass,device-00768,android
u00769,mobilelab-pass,device-00769,ios
u00770,mobilelab-pass,device-00770,android
u00771,mobilelab-pass,device-00771,ios
u00772,mobilelab-pass,device-00772,android
u00773,mobilelab-pass,device-00773,ios
u00774,mobilelab-pass,device-00774,android
u00775,mobilelab-pass,device-00775,ios
u00776,mobilelab-pass,device-00776,android
u00777,mobilelab-pass,device-00777,ios
u00778,mobilelab-pass,device-00778,android
u00779,mobilelab-pass,device-00779,ios
u00780,mobilelab-pass,device-00780,android
u00781,mobilelab-pass,device-00781,ios
u00782,mobilelab-pass,device-00782,android
u00783,mobilelab-pass,device-00783,ios
u00784,mobilelab-pass,device-00784,android
u00785,mobilelab-pass,device-00785,ios
u00786,mobilelab-pass,device-00786,android
u00787,mobilelab-pass,device-00787,ios
u00788,mobilelab-pass,device-00788,android
u00789,mobilelab-pass,device-00789,ios
u00790,mobilelab-pass,device-00790,android
u00791,mobilelab-pass,device-00791,ios
u00792,mobilelab-pass,device-00792,android
u00793,mobilelab-pass,device-00793,ios
u00794,mobilelab-pass,device-00794,android
u00795,mobilelab-pass,device-00795,ios
u00796,mobilelab-pass,device-00796,android
u00797,mobilelab-pass,device-00797,ios
u00798,mobilelab-pass,device-00798,android
u00799,mobilelab-pass,device-00799,ios
u00800,mobilelab-pass,device-00800,android
u00801,mobilelab-pass,device-00801,ios
u00802,mobilelab-pass,device-00802,android
u00803,mobilelab-pass,device-00803,ios
u00804,mobilelab-pass,device-00804,android
u00805,mobilelab-pass,device-00805,ios
u00806,mobilelab-pass,device-00806,android
u00807,mobilelab-pass,device-00807,ios
u00808,mobilelab-pass,device-00808,android
u00809,mobilelab-pass,device-00809,ios
u00810,mobilelab-pass,device-00810,android
u00811,mobilelab-pass,device-00811,ios
u00812,mobilelab-pass,device-00812,android
u00813,mobilelab-pass,device-00813,ios
u00814,mobilelab-pass,device-00814,android
u00815,mobilelab-pass,device-00815,ios
u00816,mobilelab-pass,device-00816,android
u00817,mobilelab-pass,device-00817,ios
u00818,mobilelab-pass,device-00818,android
u00819,mobilelab-pass,device-00819,ios
u00820,mobilelab-pass,device-00820,android
u00821,mobilelab-pass,device-00821,ios
u00822,mobilelab-pass,device-00822,android
u00823,mobilelab-pass,device-00823,ios
u00824,mobilelab-pass,device-00824,android
u00825,mobilelab-pass,device-00825,ios
u00826,mobilelab-pass,device-00826,android
u00827,mobilelab-pass,device-00827,ios
u00828,mobilelab-pass,device-00828,android
u00829,mobilelab-pass,device-00829,ios
u00830,mobilelab-pass,device-00830,android
u00831,mobilelab-pass,device-00831,ios
u00832,mobilelab-pass,device-00832,android
u00833,mobilelab-pass,device-00833,ios
u00834,mobilelab-pass,device-00834,android
u00835,mobilelab-pass,device-00835,ios
u00836,mobilelab-pass,device-00836,android
u00837,mobilelab-pass,device-00837,ios
u00838,mobilelab-pass,device-00838,android
u00839,mobilelab-pass,device-00839,ios
u00840,mobilelab-pass,device-00840,android
u00841,mobilelab-pass,device-00841,ios
u00842,mobilelab-pass,device-00842,android
u00843,mobilelab-pass,device-00843,ios
u00844,mobilelab-pass,device-00844,android
u00845,mobilelab-pass,device-00845,ios
u00846,mobilelab-pass,device-00846,android
u00847,mobilelab-pass,device-00847,ios
u00848,mobilelab-pass,device-00848,android
u00849,mobilelab-pass,device-00849,ios
u00850,mobilelab-pass,device-00850,android
u00851,mobilelab-pass,device-00851,ios
u00852,mobilelab-pass,device-00852,android
u00853,mobilelab-pass,device-00853,ios
u00854,mobilelab-pass,device-00854,android
u00855,mobilelab-pass,device-00855,ios
u00856,mobilelab-pass,device-00856,android
u00857,mobilelab-pass,device-00857,ios
u00858,mobilelab-pass,device-00858,android
u00859,mobilelab-pass,device-00859,ios
u00860,mobilelab-pass,device-00860,android
u00861,mobilelab-pass,device-00861,ios
u00862,mobilelab-pass,device-00862,android
u00863,mobilelab-pass,device-00863,ios
u00864,mobilelab-pass,device-00864,android
u00865,mobilelab-pass,device-00865,ios
u00866,mobilelab-pass,device-00866,android
u00867,mobilelab-pass,device-00867,ios
u00868,mobilelab-pass,device-00868,android
u00869,mobilelab-pass,device-00869,ios
u00870,mobilelab-pass,device-00870,android
u00871,mobilelab-pass,device-00871,ios
u00872,mobilelab-pass,device-00872,android
u00873,mobilelab-pass,device-00873,ios
u00874,mobilelab-pass,device-00874,android
u00875,mobilelab-pass,device-00875,ios
u00876,mobilelab-pass,device-00876,android
u00877,mobilelab-pass,device-00877,ios
u00878,mobilelab-pass,device-00878,android
u00879,mobilelab-pass,device-00879,ios
u00880,mobilelab-pass,device-00880,android
u00881,mobilelab-pass,device-00881,ios
u00882,mobilelab-pass,device-00882,android
u00883,mobilelab-pass,device-00883,ios
u00884,mobilelab-pass,device-00884,android
u00885,mobilelab-pass,device-00885,ios
u00886,mobilelab-pass,device-00886,android
u00887,mobilelab-pass,device-00887,ios
u00888,mobilelab-pass,device-00888,android
u00889,mobilelab-pass,device-00889,ios
u00890,mobilelab-pass,device-00890,android
u00891,mobilelab-pass,device-00891,ios
u00892,mobilelab-pass,device-00892,android
u00893,mobilelab-pass,device-00893,ios
u00894,mobilelab-pass,device-00894,android
u00895,mobilelab-pass,device-00895,ios
u00896,mobilelab-pass,device-00896,android
u00897,mobilelab-pass,device-00897,ios
u00898,mobilelab-pass,device-00898,android
u00899,mobilelab-pass,device-00899,ios
u00900,mobilelab-pass,device-00900,android
u00901,mobilelab-pass,device-00901,ios
u00902,mobilelab-pass,device-00902,android
u00903,mobilelab-pass,device-00903,ios
u00904,mobilelab-pass,device-00904,android
u00905,mobilelab-pass,device-00905,ios
u00906,mobilelab-pass,device-00906,android
u00907,mobilelab-pass,device-00907,ios
u00908,mobilelab-pass,device-00908,android
u00909,mobilelab-pass,device-00909,ios
u00910,mobilelab-pass,device-00910,android
u00911,mobilelab-pass,device-00911,ios
u00912,mobilelab-pass,device-00912,android
u00913,mobilelab-pass,device-00913,ios
u00914,mobilelab-pass,device-00914,android
u00915,mobilelab-pass,device-00915,ios
u00916,mobilelab-pass,device-00916,android
u00917,mobilelab-pass,device-00917,ios
u00918,mobilelab-pass,device-00918,android
u00919,mobilelab-pass,device-00919,ios
u00920,mobilelab-pass,device-00920,android
u00921,mobilelab-pass,device-00921,ios
u00922,mobilelab-pass,device-00922,android
u00923,mobilelab-pass,device-00923,ios
u00924,mobilelab-pass,device-00924,android
u00925,mobilelab-pass,device-00925,ios
u00926,mobilelab-pass,device-00926,android
u00927,mobilelab-pass,device-00927,ios
u00928,mobilelab-pass,device-00928,android
u00929,mobilelab-pass,device-00929,ios
u00930,mobilelab-pass,device-00930,android
u00931,mobilelab-pass,device-00931,ios
u00932,mobilelab-pass,device-00932,android
u00933,mobilelab-pass,device-00933,ios
u00934,mobilelab-pass,device-00934,android
u00935,mobilelab-pass,device-00935,ios
u00936,mobilelab-pass,device-00936,android
u00937,mobilelab-pass,device-00937,ios
u00938,mobilelab-pass,device-00938,android
u00939,mobilelab-pass,device-00939,ios
u00940,mobilelab-pass,device-00940,android
u00941,mobilelab-pass,device-00941,ios
u00942,mobilelab-pass,device-00942,android
u00943,mobilelab-pass,device-00943,ios
u00944,mobilelab-pass,device-00944,android
u00945,mobilelab-pass,device-00945,ios
u00946,mobilelab-pass,device-00946,android
u00947,mobilelab-pass,device-00947,ios
u00948,mobilelab-pass,device-00948,android
u00949,mobilelab-pass,device-00949,ios
u00950,mobilelab-pass,device-00950,android
u00951,mobilelab-pass,device-00951,ios
u00952,mobilelab-pass,device-00952,android
u00953,mobilelab-pass,device-00953,ios
u00954,mobilelab-pass,device-00954,android
u00955,mobilelab-pass,device-00955,ios
u00956,mobilelab-pass,device-00956,android
u00957,mobilelab-pass,device-00957,ios
u00958,mobilelab-pass,device-00958,android
u00959,mobilelab-pass,device-00959,ios
u00960,mobilelab-pass,device-00960,android
u00961,mobilelab-pass,device-00961,ios
u00962,mobilelab-pass,device-00962,android
u00963,mobilelab-pass,device-00963,ios
u00964,mobilelab-pass,device-00964,android
u00965,mobilelab-pass,device-00965,ios
u00966,mobilelab-pass,device-00966,android
u00967,mobilelab-pass,device-00967,ios
u00968,mobilelab-pass,device-00968,android
u00969,mobilelab-pass,device-00969,ios
u00970,mobilelab-pass,device-00970,android
u00971,mobilelab-pass,device-00971,ios
u00972,mobilelab-pass,device-00972,android
u00973,mobilelab-pass,device-00973,ios
u00974,mobilelab-pass,device-00974,android
u00975,mobilelab-pass,device-00975,ios
u00976,mobilelab-pass,device-00976,android
u00977,mobilelab-pass,device-00977,ios
u00978,mobilelab-pass,device-00978,android
u00979,mobilelab-pass,device-00979,ios
u00980,mobilelab-pass,device-00980,android
u00981,mobilelab-pass,device-00981,ios
u00982,mobilelab-pass,device-00982,android
u00983,mobilelab-pass,device-00983,ios
u00984,mobilelab-pass,device-00984,android
u00985,mobilelab-pass,device-00985,ios
u00986,mobilelab-pass,device-00986,android
u00987,mobilelab-pass,device-00987,ios
u00988,mobilelab-pass,device-00988,android
u00989,mobilelab-pass,device-00989,ios
u00990,mobilelab-pass,device-00990,android
u00991,mobilelab-pass,device-00991,ios
u00992,mobilelab-pass,device-00992,android
u00993,mobilelab-pass,device-00993,ios
u00994,mobilelab-pass,device-00994,android
u00995,mobilelab-pass,device-00995,ios
u00996,mobilelab-pass,device-00996,android
u00997,mobilelab-pass,device-00997,ios
u00998,mobilelab-pass,device-00998,android
u00999,mobilelab-pass,device-00999,ios
u01000,mobilelab-pass,device-01000,android
u01001,mobilelab-pass,device-01001,ios
u01002,mobilelab-pass,device-01002,android
u01003,mobilelab-pass,device-01003,ios
u01004,mobilelab-pass,device-01004,android
u01005,mobilelab-pass,device-01005,ios
u01006,mobilelab-pass,device-01006,android
u01007,mobilelab-pass,device-01007,ios
u01008,mobilelab-pass,device-01008,android
u01009,mobilelab-pass,device-01009,ios
u01010,mobilelab-pass,device-01010,android
u01011,mobilelab-pass,device-01011,ios
u01012,mobilelab-pass,device-01012,android
u01013,mobilelab-pass,device-01013,ios
u01014,mobilelab-pass,device-01014,android
u01015,mobilelab-pass,device-01015,ios
u01016,mobilelab-pass,device-01016,android
u01017,mobilelab-pass,device-01017,ios
u01018,mobilelab-pass,device-01018,android
u01019,mobilelab-pass,device-01019,ios
u01020,mobilelab-pass,device-01020,android
u01021,mobilelab-pass,device-01021,ios
u01022,mobilelab-pass,device-01022,android
u01023,mobilelab-pass,device-01023,ios
u01024,mobilelab-pass,device-01024,android
u01025,mobilelab-pass,device-01025,ios
u01026,mobilelab-pass,device-01026,android
u01027,mobilelab-pass,device-01027,ios
u01028,mobilelab-pass,device-01028,android
u01029,mobilelab-pass,device-01029,ios
u01030,mobilelab-pass,device-01030,android
u01031,mobilelab-pass,device-01031,ios
u01032,mobilelab-pass,device-01032,android
u01033,mobilelab-pass,device-01033,ios
u01034,mobilelab-pass,device-01034,android
u01035,mobilelab-pass,device-01035,ios
u01036,mobilelab-pass,device-01036,android
u01037,mobilelab-pass,device-01037,ios
u01038,mobilelab-pass,device-01038,android
u01039,mobilelab-pass,device-01039,ios
u01040,mobilelab-pass,device-01040,android
u01041,mobilelab-pass,device-01041,ios
u01042,mobilelab-pass,device-01042,android
u01043,mobilelab-pass,device-01043,ios
u01044,mobilelab-pass,device-01044,android
u01045,mobilelab-pass,device-01045,ios
u01046,mobilelab-pass,device-01046,android
u01047,mobilelab-pass,device-01047,ios
u01048,mobilelab-pass,device-01048,android
u01049,mobilelab-pass,device-01049,ios
u01050,mobilelab-pass,device-01050,android
u01051,mobilelab-pass,device-01051,ios
u01052,mobilelab-pass,device-01052,android
u01053,mobilelab-pass,device-01053,ios
u01054,mobilelab-pass,device-01054,android
u01055,mobilelab-pass,device-01055,ios
u01056,mobilelab-pass,device-01056,android
u01057,mobilelab-pass,device-01057,ios
u01058,mobilelab-pass,device-01058,android
u01059,mobilelab-pass,device-01059,ios
u01060,mobilelab-pass,device-01060,android
u01061,mobilelab-pass,device-01061,ios
u01062,mobilelab-pass,device-01062,android
u01063,mobilelab-pass,device-01063,ios
u01064,mobilelab-pass,device-01064,android
u01065,mobilelab-pass,device-01065,ios
u01066,mobilelab-pass,device-01066,android
u01067,mobilelab-pass,device-01067,ios
u01068,mobilelab-pass,device-01068,android
u01069,mobilelab-pass,device-01069,ios
u01070,mobilelab-pass,device-01070,android
u01071,mobilelab-pass,device-01071,ios
u01072,mobilelab-pass,device-01072,android
u01073,mobilelab-pass,device-01073,ios
u01074,mobilelab-pass,device-01074,android
u01075,mobilelab-pass,device-01075,ios
u01076,mobilelab-pass,device-01076,android
u01077,mobilelab-pass,device-01077,ios
u01078,mobilelab-pass,device-01078,android
u01079,mobilelab-pass,device-01079,ios
u01080,mobilelab-pass,device-01080,android
u01081,mobilelab-pass,device-01081,ios
u01082,mobilelab-pass,device-01082,android
u01083,mobilelab-pass,device-01083,ios
u01084,mobilelab-pass,device-01084,android
u01085,mobilelab-pass,device-01085,ios
u01086,mobilelab-pass,device-01086,android
u01087,mobilelab-pass,device-01087,ios
u01088,mobilelab-pass,device-01088,android
u01089,mobilelab-pass,device-01089,ios
u01090,mobilelab-pass,device-01090,android
u01091,mobilelab-pass,device-01091,ios
u01092,mobilelab-pass,device-01092,android
u01093,mobilelab-pass,device-01093,ios
u01094,mobilelab-pass,device-01094,android
u01095,mobilelab-pass,device-01095,ios
u01096,mobilelab-pass,device-01096,android
u01097,mobilelab-pass,device-01097,ios
u01098,mobilelab-pass,device-01098,android
u01099,mobilelab-pass,device-01099,ios
u01100,mobilelab-pass,device-01100,android
u01101,mobilelab-pass,device-01101,ios
u01102,mobilelab-pass,device-01102,android
u01103,mobilelab-pass,device-01103,ios
u01104,mobilelab-pass,device-01104,android
u01105,mobilelab-pass,device-01105,ios
u01106,mobilelab-pass,device-01106,android
u01107,mobilelab-pass,device-01107,ios
u01108,mobilelab-pass,device-01108,android
u01109,mobilelab-pass,device-01109,ios
u01110,mobilelab-pass,device-01110,android
u01111,mobilelab-pass,device-01111,ios
u01112,mobilelab-pass,device-01112,android
u01113,mobilelab-pass,device-01113,ios
u01114,mobilelab-pass,device-01114,android
u01115,mobilelab-pass,device-01115,ios
u01116,mobilelab-pass,device-01116,android
u01117,mobilelab-pass,device-01117,ios
u01118,mobilelab-pass,device-01118,android
u01119,mobilelab-pass,device-01119,ios
u01120,mobilelab-pass,device-01120,android
u01121,mobilelab-pass,device-01121,ios
u01122,mobilelab-pass,device-01122,android
u01123,mobilelab-pass,device-01123,ios
u01124,mobilelab-pass,device-01124,android
u01125,mobilelab-pass,device-01125,ios
u01126,mobilelab-pass,device-01126,android
u01127,mobilelab-pass,device-01127,ios
u01128,mobilelab-pass,device-01128,android
u01129,mobilelab-pass,device-01129,ios
u01130,mobilelab-pass,device-01130,android
u01131,mobilelab-pass,device-01131,ios
u01132,mobilelab-pass,device-01132,android
u01133,mobilelab-pass,device-01133,ios
u01134,mobilelab-pass,device-01134,android
u01135,mobilelab-pass,device-01135,ios
u01136,mobilelab-pass,device-01136,android
u01137,mobilelab-pass,device-01137,ios
u01138,mobilelab-pass,device-01138,android
u01139,mobilelab-pass,device-01139,ios
u01140,mobilelab-pass,device-01140,android
u01141,mobilelab-pass,device-01141,ios
u01142,mobilelab-pass,device-01142,android
u01143,mobilelab-pass,device-01143,ios
u01144,mobilelab-pass,device-01144,android
u01145,mobilelab-pass,device-01145,ios
u01146,mobilelab-pass,device-01146,android
u01147,mobilelab-pass,device-01147,ios
u01148,mobilelab-pass,device-01148,android
u01149,mobilelab-pass,device-01149,ios
u01150,mobilelab-pass,device-01150,android
u01151,mobilelab-pass,device-01151,ios
u01152,mobilelab-pass,device-01152,android
u01153,mobilelab-pass,device-01153,ios
u01154,mobilelab-pass,device-01154,android
u01155,mobilelab-pass,device-01155,ios
u01156,mobilelab-pass,device-01156,android
u01157,mobilelab-pass,device-01157,ios
u01158,mobilelab-pass,device-01158,android
u01159,mobilelab-pass,device-01159,ios
u01160,mobilelab-pass,device-01160,android
u01161,mobilelab-pass,device-01161,ios
u01162,mobilelab-pass,device-01162,android
u01163,mobilelab-pass,device-01163,ios
u01164,mobilelab-pass,device-01164,android
u01165,mobilelab-pass,device-01165,ios
u01166,mobilelab-pass,device-01166,android
u01167,mobilelab-pass,device-01167,ios
u01168,mobilelab-pass,device-01168,android
u01169,mobilelab-pass,device-01169,ios
u01170,mobilelab-pass,device-01170,android
u01171,mobilelab-pass,device-01171,ios
u01172,mobilelab-pass,device-01172,android
u01173,mobilelab-pass,device-01173,ios
u01174,mobilelab-pass,device-01174,android
u01175,mobilelab-pass,device-01175,ios
u01176,mobilelab-pass,device-01176,android
u01177,mobilelab-pass,device-01177,ios
u01178,mobilelab-pass,device-01178,android
u01179,mobilelab-pass,device-01179,ios
u01180,mobilelab-pass,device-01180,android
u01181,mobilelab-pass,device-01181,ios
u01182,mobilelab-pass,device-01182,android
u01183,mobilelab-pass,device-01183,ios
u01184,mobilelab-pass,device-01184,android
u01185,mobilelab-pass,device-01185,ios
u01186,mobilelab-pass,device-01186,android
u01187,mobilelab-pass,device-01187,ios
u01188,mobilelab-pass,device-01188,android
u01189,mobilelab-pass,device-01189,ios
u01190,mobilelab-pass,device-01190,android
u01191,mobilelab-pass,device-01191,ios
u01192,mobilelab-pass,device-01192,android
u01193,mobilelab-pass,device-01193,ios
u01194,mobilelab-pass,device-01194,android
u01195,mobilelab-pass,device-01195,ios
u01196,mobilelab-pass,device-01196,android
u01197,mobilelab-pass,device-01197,ios
u01198,mobilelab-pass,device-01198,android
u01199,mobilelab-pass,device-01199,ios
u01200,mobilelab-pass,device-01200,android
u01201,mobilelab-pass,device-01201,ios
u01202,mobilelab-pass,device-01202,android
u01203,mobilelab-pass,device-01203,ios
u01204,mobilelab-pass,device-01204,android
u01205,mobilelab-pass,device-01205,ios
u01206,mobilelab-pass,device-01206,android
u01207,mobilelab-pass,device-01207,ios
u01208,mobilelab-pass,device-01208,android
u01209,mobilelab-pass,device-01209,ios
u01210,mobilelab-pass,device-01210,android
u01211,mobilelab-pass,device-01211,ios
u01212,mobilelab-pass,device-01212,android
u01213,mobilelab-pass,device-01213,ios
u01214,mobilelab-pass,device-01214,android
u01215,mobilelab-pass,device-01215,ios
u01216,mobilelab-pass,device-01216,android
u01217,mobilelab-pass,device-01217,ios
u01218,mobilelab-pass,device-01218,android
u01219,mobilelab-pass,device-01219,ios
u01220,mobilelab-pass,device-01220,android
u01221,mobilelab-pass,device-01221,ios
u01222,mobilelab-pass,device-01222,android
u01223,mobilelab-pass,device-01223,ios
u01224,mobilelab-pass,device-01224,android
u01225,mobilelab-pass,device-01225,ios
u01226,mobilelab-pass,device-01226,android
u01227,mobilelab-pass,device-01227,ios
u01228,mobilelab-pass,device-01228,android
u01229,mobilelab-pass,device-01229,ios
u01230,mobilelab-pass,device-01230,android
u01231,mobilelab-pass,device-01231,ios
u01232,mobilelab-pass,device-01232,android
u01233,mobilelab-pass,device-01233,ios
u01234,mobilelab-pass,device-01234,android
u01235,mobilelab-pass,device-01235,ios
u01236,mobilelab-pass,device-01236,android
u01237,mobilelab-pass,device-01237,ios
u01238,mobilelab-pass,device-01238,android
u01239,mobilelab-pass,device-01239,ios
u01240,mobilelab-pass,device-01240,android
u01241,mobilelab-pass,device-01241,ios
u01242,mobilelab-pass,device-01242,android
u01243,mobilelab-pass,device-01243,ios
u01244,mobilelab-pass,device-01244,android
u01245,mobilelab-pass,device-01245,ios
u01246,mobilelab-pass,device-01246,android
u01247,mobilelab-pass,device-01247,ios
u01248,mobilelab-pass,device-01248,android
u01249,mobilelab-pass,device-01249,ios
u01250,mobilelab-pass,device-01250,android
u01251,mobilelab-pass,device-01251,ios
u01252,mobilelab-pass,device-01252,android
u01253,mobilelab-pass,device-01253,ios
u01254,mobilelab-pass,device-01254,android
u01255,mobilelab-pass,device-01255,ios
u01256,mobilelab-pass,device-01256,android
u01257,mobilelab-pass,device-01257,ios
u01258,mobilelab-pass,device-01258,android
u01259,mobilelab-pass,device-01259,ios
u01260,mobilelab-pass,device-01260,android
u01261,mobilelab-pass,device-01261,ios
u01262,mobilelab-pass,device-01262,android
u01263,mobilelab-pass,device-01263,ios
u01264,mobilelab-pass,device-01264,android
u01265,mobilelab-pass,device-01265,ios
u01266,mobilelab-pass,device-01266,android
u01267,mobilelab-pass,device-01267,ios
u01268,mobilelab-pass,device-01268,android
u01269,mobilelab-pass,device-01269,ios
u01270,mobilelab-pass,device-01270,android
u01271,mobilelab-pass,device-01271,ios
u01272,mobilelab-pass,device-01272,android
u01273,mobilelab-pass,device-01273,ios
u01274,mobilelab-pass,device-01274,android
u01275,mobilelab-pass,device-01275,ios
u01276,mobilelab-pass,device-01276,android
u01277,mobilelab-pass,device-01277,ios
u01278,mobilelab-pass,device-01278,android
u01279,mobilelab-pass,device-01279,ios
u01280,mobilelab-pass,device-01280,android
u01281,mobilelab-pass,device-01281,ios
u01282,mobilelab-pass,device-01282,android
u01283,mobilelab-pass,device-01283,ios
u01284,mobilelab-pass,device-01284,android
u01285,mobilelab-pass,device-01285,ios
u01286,mobilelab-pass,device-01286,android
u01287,mobilelab-pass,device-01287,ios
u01288,mobilelab-pass,device-01288,android
u01289,mobilelab-pass,device-01289,ios
u01290,mobilelab-pass,device-01290,android
u01291,mobilelab-pass,device-01291,ios
u01292,mobilelab-pass,device-01292,android
u01293,mobilelab-pass,device-01293,ios
u01294,mobilelab-pass,device-01294,android
u01295,mobilelab-pass,device-01295,ios
u01296,mobilelab-pass,device-01296,android
u01297,mobilelab-pass,device-01297,ios
u01298,mobilelab-pass,device-01298,android
u01299,mobilelab-pass,device-01299,ios
u01300,mobilelab-pass,device-01300,android
u01301,mobilelab-pass,device-01301,ios
u01302,mobilelab-pass,device-01302,android
u01303,mobilelab-pass,device-01303,ios
u01304,mobilelab-pass,device-01304,android
u01305,mobilelab-pass,device-01305,ios
u01306,mobilelab-pass,device-01306,android
u01307,mobilelab-pass,device-01307,ios
u01308,mobilelab-pass,device-01308,android
u01309,mobilelab-pass,device-01309,ios
u01310,mobilelab-pass,device-01310,android
u01311,mobilelab-pass,device-01311,ios
u01312,mobilelab-pass,device-01312,android
u01313,mobilelab-pass,device-01313,ios
u01314,mobilelab-pass,device-01314,android
u01315,mobilelab-pass,device-01315,ios
u01316,mobilelab-pass,device-01316,android
u01317,mobilelab-pass,device-01317,ios
u01318,mobilelab-pass,device-01318,android
u01319,mobilelab-pass,device-01319,ios
u01320,mobilelab-pass,device-01320,android
u01321,mobilelab-pass,device-01321,ios
u01322,mobilelab-pass,device-01322,android
u01323,mobilelab-pass,device-01323,ios
u01324,mobilelab-pass,device-01324,android
u01325,mobilelab-pass,device-01325,ios
u01326,mobilelab-pass,device-01326,android
u01327,mobilelab-pass,device-01327,ios
u01328,mobilelab-pass,device-01328,android
u01329,mobilelab-pass,device-01329,ios
u01330,mobilelab-pass,device-01330,android
u01331,mobilelab-pass,device-01331,ios
u01332,mobilelab-pass,device-01332,android
u01333,mobilelab-pass,device-01333,ios
u01334,mobilelab-pass,device-01334,android
u01335,mobilelab-pass,device-01335,ios
u01336,mobilelab-pass,device-01336,android
u01337,mobilelab-pass,device-01337,ios
u01338,mobilelab-pass,device-01338,android
u01339,mobilelab-pass,device-01339,ios
u01340,mobilelab-pass,device-01340,android
u01341,mobilelab-pass,device-01341,ios
u01342,mobilelab-pass,device-01342,android
u01343,mobilelab-pass,device-01343,ios
u01344,mobilelab-pass,device-01344,android
u01345,mobilelab-pass,device-01345,ios
u01346,mobilelab-pass,device-01346,android
u01347,mobilelab-pass,device-01347,ios
u01348,mobilelab-pass,device-01348,android
u01349,mobilelab-pass,device-01349,ios
u01350,mobilelab-pass,device-01350,android
u01351,mobilelab-pass,device-01351,ios
u01352,mobilelab-pass,device-01352,android
u01353,mobilelab-pass,device-01353,ios
u01354,mobilelab-pass,device-01354,android
u01355,mobilelab-pass,device-01355,ios
u01356,mobilelab-pass,device-01356,android
u01357,mobilelab-pass,device-01357,ios
u01358,mobilelab-pass,device-01358,android
u01359,mobilelab-pass,device-01359,ios
u01360,mobilelab-pass,device-01360,android
u01361,mobilelab-pass,device-01361,ios
u01362,mobilelab-pass,device-01362,android
u01363,mobilelab-pass,device-01363,ios
u01364,mobilelab-pass,device-01364,android
u01365,mobilelab-pass,device-01365,ios
u01366,mobilelab-pass,device-01366,android
u01367,mobilelab-pass,device-01367,ios
u01368,mobilelab-pass,device-01368,android
u01369,mobilelab-pass,device-01369,ios
u01370,mobilelab-pass,device-01370,android
u01371,mobilelab-pass,device-01371,ios
u01372,mobilelab-pass,device-01372,android
u01373,mobilelab-pass,device-01373,ios
u01374,mobilelab-pass,device-01374,android
u01375,mobilelab-pass,device-01375,ios
u01376,mobilelab-pass,device-01376,android
u01377,mobilelab-pass,device-01377,ios
u01378,mobilelab-pass,device-01378,android
u01379,mobilelab-pass,device-01379,ios
u01380,mobilelab-pass,device-01380,android
u01381,mobilelab-pass,device-01381,ios
u01382,mobilelab-pass,device-01382,android
u01383,mobilelab-pass,device-01383,ios
u01384,mobilelab-pass,device-01384,android
u01385,mobilelab-pass,device-01385,ios
u01386,mobilelab-pass,device-01386,android
u01387,mobilelab-pass,device-01387,ios
u01388,mobilelab-pass,device-01388,android
u01389,mobilelab-pass,device-01389,ios
u01390,mobilelab-pass,device-01390,android
u01391,mobilelab-pass,device-01391,ios
u01392,mobilelab-pass,device-01392,android
u01393,mobilelab-pass,device-01393,ios
u01394,mobilelab-pass,device-01394,android
u01395,mobilelab-pass,device-01395,ios
u01396,mobilelab-pass,device-01396,android
u01397,mobilelab-pass,device-01397,ios
u01398,mobilelab-pass,device-01398,android
u01399,mobilelab-pass,device-01399,ios
u01400,mobilelab-pass,device-01400,android
u01401,mobilelab-pass,device-01401,ios
u01402,mobilelab-pass,device-01402,android
u01403,mobilelab-pass,device-01403,ios
u01404,mobilelab-pass,device-01404,android
u01405,mobilelab-pass,device-01405,ios
u01406,mobilelab-pass,device-01406,android
u01407,mobilelab-pass,device-01407,ios
u01408,mobilelab-pass,device-01408,android
u01409,mobilelab-pass,device-01409,ios
u01410,mobilelab-pass,device-01410,android
u01411,mobilelab-pass,device-01411,ios
u01412,mobilelab-pass,device-01412,android
u01413,mobilelab-pass,device-01413,ios
u01414,mobilelab-pass,device-01414,android
u01415,mobilelab-pass,device-01415,ios
u01416,mobilelab-pass,device-01416,android
u01417,mobilelab-pass,device-01417,ios
u01418,mobilelab-pass,device-01418,android
u01419,mobilelab-pass,device-01419,ios
u01420,mobilelab-pass,device-01420,android
u01421,mobilelab-pass,device-01421,ios
u01422,mobilelab-pass,device-01422,android
u01423,mobilelab-pass,device-01423,ios
u01424,mobilelab-pass,device-01424,android
u01425,mobilelab-pass,device-01425,ios
u01426,mobilelab-pass,device-01426,android
u01427,mobilelab-pass,device-01427,ios
u01428,mobilelab-pass,device-01428,android
u01429,mobilelab-pass,device-01429,ios
u01430,mobilelab-pass,device-01430,android
u01431,mobilelab-pass,device-01431,ios
u01432,mobilelab-pass,device-01432,android
u01433,mobilelab-pass,device-01433,ios
u01434,mobilelab-pass,device-01434,android
u01435,mobilelab-pass,device-01435,ios
u01436,mobilelab-pass,device-01436,android
u01437,mobilelab-pass,device-01437,ios
u01438,mobilelab-pass,device-01438,android
u01439,mobilelab-pass,device-01439,ios
u01440,mobilelab-pass,device-01440,android
u01441,mobilelab-pass,device-01441,ios
u01442,mobilelab-pass,device-01442,android
u01443,mobilelab-pass,device-01443,ios
u01444,mobilelab-pass,device-01444,android
u01445,mobilelab-pass,device-01445,ios
u01446,mobilelab-pass,device-01446,android
u01447,mobilelab-pass,device-01447,ios
u01448,mobilelab-pass,device-01448,android
u01449,mobilelab-pass,device-01449,ios
u01450,mobilelab-pass,device-01450,android
u01451,mobilelab-pass,device-01451,ios
u01452,mobilelab-pass,device-01452,android
u01453,mobilelab-pass,device-01453,ios
u01454,mobilelab-pass,device-01454,android
u01455,mobilelab-pass,device-01455,ios
u01456,mobilelab-pass,device-01456,android
u01457,mobilelab-pass,device-01457,ios
u01458,mobilelab-pass,device-01458,android
u01459,mobilelab-pass,device-01459,ios
u01460,mobilelab-pass,device-01460,android
u01461,mobilelab-pass,device-01461,ios
u01462,mobilelab-pass,device-01462,android
u01463,mobilelab-pass,device-01463,ios
u01464,mobilelab-pass,device-01464,android
u01465,mobilelab-pass,device-01465,ios
u01466,mobilelab-pass,device-01466,android
u01467,mobilelab-pass,device-01467,ios
u01468,mobilelab-pass,device-01468,android
u01469,mobilelab-pass,device-01469,ios
u01470,mobilelab-pass,device-01470,android
u01471,mobilelab-pass,device-01471,ios
u01472,mobilelab-pass,device-01472,android
u01473,mobilelab-pass,device-01473,ios
u01474,mobilelab-pass,device-01474,android
u01475,mobilelab-pass,device-01475,ios
u01476,mobilelab-pass,device-01476,android
u01477,mobilelab-pass,device-01477,ios
u01478,mobilelab-pass,device-01478,android
u01479,mobilelab-pass,device-01479,ios
u01480,mobilelab-pass,device-01480,android
u01481,mobilelab-pass,device-01481,ios
u01482,mobilelab-pass,device-01482,android
u01483,mobilelab-pass,device-01483,ios
u01484,mobilelab-pass,device-01484,android
u01485,mobilelab-pass,device-01485,ios
u01486,mobilelab-pass,device-01486,android
u01487,mobilelab-pass,device-01487,ios
u01488,mobilelab-pass,device-01488,android
u01489,mobilelab-pass,device-01489,ios
u01490,mobilelab-pass,device-01490,android
u01491,mobilelab-pass,device-01491,ios
u01492,mobilelab-pass,device-01492,android
u01493,mobilelab-pass,device-01493,ios
u01494,mobilelab-pass,device-01494,android
u01495,mobilelab-pass,device-01495,ios
u01496,mobilelab-pass,device-01496,android
u01497,mobilelab-pass,device-01497,ios
u01498,mobilelab-pass,device-01498,android
u01499,mobilelab-pass,device-01499,ios
u01500,mobilelab-pass,device-01500,android
u01501,mobilelab-pass,device-01501,ios
u01502,mobilelab-pass,device-01502,android
u01503,mobilelab-pass,device-01503,ios
u01504,mobilelab-pass,device-01504,android
u01505,mobilelab-pass,device-01505,ios
u01506,mobilelab-pass,device-01506,android
u01507,mobilelab-pass,device-01507,ios
u01508,mobilelab-pass,device-01508,android
u01509,mobilelab-pass,device-01509,ios
u01510,mobilelab-pass,device-01510,android
u01511,mobilelab-pass,device-01511,ios
u01512,mobilelab-pass,device-01512,android
u01513,mobilelab-pass,device-01513,ios
u01514,mobilelab-pass,device-01514,android
u01515,mobilelab-pass,device-01515,ios
u01516,mobilelab-pass,device-01516,android
u01517,mobilelab-pass,device-01517,ios
u01518,mobilelab-pass,device-01518,android
u01519,mobilelab-pass,device-01519,ios
u01520,mobilelab-pass,device-01520,android
u01521,mobilelab-pass,device-01521,ios
u01522,mobilelab-pass,device-01522,android
u01523,mobilelab-pass,device-01523,ios
u01524,mobilelab-pass,device-01524,android
u01525,mobilelab-pass,device-01525,ios
u01526,mobilelab-pass,device-01526,android
u01527,mobilelab-pass,device-01527,ios
u01528,mobilelab-pass,device-01528,android
u01529,mobilelab-pass,device-01529,ios
u01530,mobilelab-pass,device-01530,android
u01531,mobilelab-pass,device-01531,ios
u01532,mobilelab-pass,device-01532,android
u01533,mobilelab-pass,device-01533,ios
u01534,mobilelab-pass,device-01534,android
u01535,mobilelab-pass,device-01535,ios
u01536,mobilelab-pass,device-01536,android
u01537,mobilelab-pass,device-01537,ios
u01538,mobilelab-pass,device-01538,android
u01539,mobilelab-pass,device-01539,ios
u01540,mobilelab-pass,device-01540,android
u01541,mobilelab-pass,device-01541,ios
u01542,mobilelab-pass,device-01542,android
u01543,mobilelab-pass,device-01543,ios
u01544,mobilelab-pass,device-01544,android
u01545,mobilelab-pass,device-01545,ios
u01546,mobilelab-pass,device-01546,android
u01547,mobilelab-pass,device-01547,ios
u01548,mobilelab-pass,device-01548,android
u01549,mobilelab-pass,device-01549,ios
u01550,mobilelab-pass,device-01550,android
u01551,mobilelab-pass,device-01551,ios
u01552,mobilelab-pass,device-01552,android
u01553,mobilelab-pass,device-01553,ios
u01554,mobilelab-pass,device-01554,android
u01555,mobilelab-pass,device-01555,ios
u01556,mobilelab-pass,device-01556,android
u01557,mobilelab-pass,device-01557,ios
u01558,mobilelab-pass,device-01558,android
u01559,mobilelab-pass,device-01559,ios
u01560,mobilelab-pass,device-01560,android
u01561,mobilelab-pass,device-01561,ios
u01562,mobilelab-pass,device-01562,android
u01563,mobilelab-pass,device-01563,ios
u01564,mobilelab-pass,device-01564,android
u01565,mobilelab-pass,device-01565,ios
u01566,mobilelab-pass,device-01566,android
u01567,mobilelab-pass,device-01567,ios
u01568,mobilelab-pass,device-01568,android
u01569,mobilelab-pass,device-01569,ios
u01570,mobilelab-pass,device-01570,android
u01571,mobilelab-pass,device-01571,ios
u01572,mobilelab-pass,device-01572,android
u01573,mobilelab-pass,device-01573,ios
u01574,mobilelab-pass,device-01574,android
u01575,mobilelab-pass,device-01575,ios
u01576,mobilelab-pass,device-01576,android
u01577,mobilelab-pass,device-01577,ios
u01578,mobilelab-pass,device-01578,android
u01579,mobilelab-pass,device-01579,ios
u01580,mobilelab-pass,device-01580,android
u01581,mobilelab-pass,device-01581,ios
u01582,mobilelab-pass,device-01582,android
u01583,mobilelab-pass,device-01583,ios
u01584,mobilelab-pass,device-01584,android
u01585,mobilelab-pass,device-01585,ios
u01586,mobilelab-pass,device-01586,android
u01587,mobilelab-pass,device-01587,ios
u01588,mobilelab-pass,device-01588,android
u01589,mobilelab-pass,device-01589,ios
u01590,mobilelab-pass,device-01590,android
u01591,mobilelab-pass,device-01591,ios
u01592,mobilelab-pass,device-01592,android
u01593,mobilelab-pass,device-01593,ios
u01594,mobilelab-pass,device-01594,android
u01595,mobilelab-pass,device-01595,ios
u01596,mobilelab-pass,device-01596,android
u01597,mobilelab-pass,device-01597,ios
u01598,mobilelab-pass,device-01598,android
u01599,mobilelab-pass,device-01599,ios
u01600,mobilelab-pass,device-01600,android
u01601,mobilelab-pass,device-01601,ios
u01602,mobilelab-pass,device-01602,android
u01603,mobilelab-pass,device-01603,ios
u01604,mobilelab-pass,device-01604,android
u01605,mobilelab-pass,device-01605,ios
u01606,mobilelab-pass,device-01606,android
u01607,mobilelab-pass,device-01607,ios
u01608,mobilelab-pass,device-01608,android
u01609,mobilelab-pass,device-01609,ios
u01610,mobilelab-pass,device-01610,android
u01611,mobilelab-pass,device-01611,ios
u01612,mobilelab-pass,device-01612,android
u01613,mobilelab-pass,device-01613,ios
u01614,mobilelab-pass,device-01614,android
u01615,mobilelab-pass,device-01615,ios
u01616,mobilelab-pass,device-01616,android
u01617,mobilelab-pass,device-01617,ios
u01618,mobilelab-pass,device-01618,android
u01619,mobilelab-pass,device-01619,ios
u01620,mobilelab-pass,device-01620,android
u01621,mobilelab-pass,device-01621,ios
u01622,mobilelab-pass,device-01622,android
u01623,mobilelab-pass,device-01623,ios
u01624,mobilelab-pass,device-01624,android
u01625,mobilelab-pass,device-01625,ios
u01626,mobilelab-pass,device-01626,android
u01627,mobilelab-pass,device-01627,ios
u01628,mobilelab-pass,device-01628,android
u01629,mobilelab-pass,device-01629,ios
u01630,mobilelab-pass,device-01630,android
u01631,mobilelab-pass,device-01631,ios
u01632,mobilelab-pass,device-01632,android
u01633,mobilelab-pass,device-01633,ios
u01634,mobilelab-pass,device-01634,android
u01635,mobilelab-pass,device-01635,ios
u01636,mobilelab-pass,device-01636,android
u01637,mobilelab-pass,device-01637,ios
u01638,mobilelab-pass,device-01638,android
u01639,mobilelab-pass,device-01639,ios
u01640,mobilelab-pass,device-01640,android
u01641,mobilelab-pass,device-01641,ios
u01642,mobilelab-pass,device-01642,android
u01643,mobilelab-pass,device-01643,ios
u01644,mobilelab-pass,device-01644,android
u01645,mobilelab-pass,device-01645,ios
u01646,mobilelab-pass,device-01646,android
u01647,mobilelab-pass,device-01647,ios
u01648,mobilelab-pass,device-01648,android
u01649,mobilelab-pass,device-01649,ios
u01650,mobilelab-pass,device-01650,android
u01651,mobilelab-pass,device-01651,ios
u01652,mobilelab-pass,device-01652,android
u01653,mobilelab-pass,device-01653,ios
u01654,mobilelab-pass,device-01654,android
u01655,mobilelab-pass,device-01655,ios
u01656,mobilelab-pass,device-01656,android
u01657,mobilelab-pass,device-01657,ios
u01658,mobilelab-pass,device-01658,android
u01659,mobilelab-pass,device-01659,ios
u01660,mobilelab-pass,device-01660,android
u01661,mobilelab-pass,device-01661,ios
u01662,mobilelab-pass,device-01662,android
u01663,mobilelab-pass,device-01663,ios
u01664,mobilelab-pass,device-01664,android
u01665,mobilelab-pass,device-01665,ios
u01666,mobilelab-pass,device-01666,android
u01667,mobilelab-pass,device-01667,ios
u01668,mobilelab-pass,device-01668,android
u01669,mobilelab-pass,device-01669,ios
u01670,mobilelab-pass,device-01670,android
u01671,mobilelab-pass,device-01671,ios
u01672,mobilelab-pass,device-01672,android
u01673,mobilelab-pass,device-01673,ios
u01674,mobilelab-pass,device-01674,android
u01675,mobilelab-pass,device-01675,ios
u01676,mobilelab-pass,device-01676,android
u01677,mobilelab-pass,device-01677,ios
u01678,mobilelab-pass,device-01678,android
u01679,mobilelab-pass,device-01679,ios
u01680,mobilelab-pass,device-01680,android
u01681,mobilelab-pass,device-01681,ios
u01682,mobilelab-pass,device-01682,android
u01683,mobilelab-pass,device-01683,ios
u01684,mobilelab-pass,device-01684,android
u01685,mobilelab-pass,device-01685,ios
u01686,mobilelab-pass,device-01686,android
u01687,mobilelab-pass,device-01687,ios
u01688,mobilelab-pass,device-01688,android
u01689,mobilelab-pass,device-01689,ios
u01690,mobilelab-pass,device-01690,android
u01691,mobilelab-pass,device-01691,ios
u01692,mobilelab-pass,device-01692,android
u01693,mobilelab-pass,device-01693,ios
u01694,mobilelab-pass,device-01694,android
u01695,mobilelab-pass,device-01695,ios
u01696,mobilelab-pass,device-01696,android
u01697,mobilelab-pass,device-01697,ios
u01698,mobilelab-pass,device-01698,android
u01699,mobilelab-pass,device-01699,ios
u01700,mobilelab-pass,device-01700,android
u01701,mobilelab-pass,device-01701,ios
u01702,mobilelab-pass,device-01702,android
u01703,mobilelab-pass,device-01703,ios
u01704,mobilelab-pass,device-01704,android
u01705,mobilelab-pass,device-01705,ios
u01706,mobilelab-pass,device-01706,android
u01707,mobilelab-pass,device-01707,ios
u01708,mobilelab-pass,device-01708,android
u01709,mobilelab-pass,device-01709,ios
u01710,mobilelab-pass,device-01710,android
u01711,mobilelab-pass,device-01711,ios
u01712,mobilelab-pass,device-01712,android
u01713,mobilelab-pass,device-01713,ios
u01714,mobilelab-pass,device-01714,android
u01715,mobilelab-pass,device-01715,ios
u01716,mobilelab-pass,device-01716,android
u01717,mobilelab-pass,device-01717,ios
u01718,mobilelab-pass,device-01718,android
u01719,mobilelab-pass,device-01719,ios
u01720,mobilelab-pass,device-01720,android
u01721,mobilelab-pass,device-01721,ios
u01722,mobilelab-pass,device-01722,android
u01723,mobilelab-pass,device-01723,ios
u01724,mobilelab-pass,device-01724,android
u01725,mobilelab-pass,device-01725,ios
u01726,mobilelab-pass,device-01726,android
u01727,mobilelab-pass,device-01727,ios
u01728,mobilelab-pass,device-01728,android
u01729,mobilelab-pass,device-01729,ios
u01730,mobilelab-pass,device-01730,android
u01731,mobilelab-pass,device-01731,ios
u01732,mobilelab-pass,device-01732,android
u01733,mobilelab-pass,device-01733,ios
u01734,mobilelab-pass,device-01734,android
u01735,mobilelab-pass,device-01735,ios
u01736,mobilelab-pass,device-01736,android
u01737,mobilelab-pass,device-01737,ios
u01738,mobilelab-pass,device-01738,android
u01739,mobilelab-pass,device-01739,ios
u01740,mobilelab-pass,device-01740,android
u01741,mobilelab-pass,device-01741,ios
u01742,mobilelab-pass,device-01742,android
u01743,mobilelab-pass,device-01743,ios
u01744,mobilelab-pass,device-01744,android
u01745,mobilelab-pass,device-01745,ios
u01746,mobilelab-pass,device-01746,android
u01747,mobilelab-pass,device-01747,ios
u01748,mobilelab-pass,device-01748,android
u01749,mobilelab-pass,device-01749,ios
u01750,mobilelab-pass,device-01750,android
u01751,mobilelab-pass,device-01751,ios
u01752,mobilelab-pass,device-01752,android
u01753,mobilelab-pass,device-01753,ios
u01754,mobilelab-pass,device-01754,android
u01755,mobilelab-pass,device-01755,ios
u01756,mobilelab-pass,device-01756,android
u01757,mobilelab-pass,device-01757,ios
u01758,mobilelab-pass,device-01758,android
u01759,mobilelab-pass,device-01759,ios
u01760,mobilelab-pass,device-01760,android
u01761,mobilelab-pass,device-01761,ios
u01762,mobilelab-pass,device-01762,android
u01763,mobilelab-pass,device-01763,ios
u01764,mobilelab-pass,device-01764,android
u01765,mobilelab-pass,device-01765,ios
u01766,mobilelab-pass,device-01766,android
u01767,mobilelab-pass,device-01767,ios
u01768,mobilelab-pass,device-01768,android
u01769,mobilelab-pass,device-01769,ios
u01770,mobilelab-pass,device-01770,android
u01771,mobilelab-pass,device-01771,ios
u01772,mobilelab-pass,device-01772,android
u01773,mobilelab-pass,device-01773,ios
u01774,mobilelab-pass,device-01774,android
u01775,mobilelab-pass,device-01775,ios
u01776,mobilelab-pass,device-01776,android
u01777,mobilelab-pass,device-01777,ios
u01778,mobilelab-pass,device-01778,android
u01779,mobilelab-pass,device-01779,ios
u01780,mobilelab-pass,device-01780,android
u01781,mobilelab-pass,device-01781,ios
u01782,mobilelab-pass,device-01782,android
u01783,mobilelab-pass,device-01783,ios
u01784,mobilelab-pass,device-01784,android
u01785,mobilelab-pass,device-01785,ios
u01786,mobilelab-pass,device-01786,android
u01787,mobilelab-pass,device-01787,ios
u01788,mobilelab-pass,device-01788,android
u01789,mobilelab-pass,device-01789,ios
u01790,mobilelab-pass,device-01790,android
u01791,mobilelab-pass,device-01791,ios
u01792,mobilelab-pass,device-01792,android
u01793,mobilelab-pass,device-01793,ios
u01794,mobilelab-pass,device-01794,android
u01795,mobilelab-pass,device-01795,ios
u01796,mobilelab-pass,device-01796,android
u01797,mobilelab-pass,device-01797,ios
u01798,mobilelab-pass,device-01798,android
u01799,mobilelab-pass,device-01799,ios
u01800,mobilelab-pass,device-01800,android
u01801,mobilelab-pass,device-01801,ios
u01802,mobilelab-pass,device-01802,android
u01803,mobilelab-pass,device-01803,ios
u01804,mobilelab-pass,device-01804,android
u01805,mobilelab-pass,device-01805,ios
u01806,mobilelab-pass,device-01806,android
u01807,mobilelab-pass,device-01807,ios
u01808,mobilelab-pass,device-01808,android
u01809,mobilelab-pass,device-01809,ios
u01810,mobilelab-pass,device-01810,android
u01811,mobilelab-pass,device-01811,ios
u01812,mobilelab-pass,device-01812,android
u01813,mobilelab-pass,device-01813,ios
u01814,mobilelab-pass,device-01814,android
u01815,mobilelab-pass,device-01815,ios
u01816,mobilelab-pass,device-01816,android
u01817,mobilelab-pass,device-01817,ios
u01818,mobilelab-pass,device-01818,android
u01819,mobilelab-pass,device-01819,ios
u01820,mobilelab-pass,device-01820,android
u01821,mobilelab-pass,device-01821,ios
u01822,mobilelab-pass,device-01822,android
u01823,mobilelab-pass,device-01823,ios
u01824,mobilelab-pass,device-01824,android
u01825,mobilelab-pass,device-01825,ios
u01826,mobilelab-pass,device-01826,android
u01827,mobilelab-pass,device-01827,ios
u01828,mobilelab-pass,device-01828,android
u01829,mobilelab-pass,device-01829,ios
u01830,mobilelab-pass,device-01830,android
u01831,mobilelab-pass,device-01831,ios
u01832,mobilelab-pass,device-01832,android
u01833,mobilelab-pass,device-01833,ios
u01834,mobilelab-pass,device-01834,android
u01835,mobilelab-pass,device-01835,ios
u01836,mobilelab-pass,device-01836,android
u01837,mobilelab-pass,device-01837,ios
u01838,mobilelab-pass,device-01838,android
u01839,mobilelab-pass,device-01839,ios
u01840,mobilelab-pass,device-01840,android
u01841,mobilelab-pass,device-01841,ios
u01842,mobilelab-pass,device-01842,android
u01843,mobilelab-pass,device-01843,ios
u01844,mobilelab-pass,device-01844,android
u01845,mobilelab-pass,device-01845,ios
u01846,mobilelab-pass,device-01846,android
u01847,mobilelab-pass,device-01847,ios
u01848,mobilelab-pass,device-01848,android
u01849,mobilelab-pass,device-01849,ios
u01850,mobilelab-pass,device-01850,android
u01851,mobilelab-pass,device-01851,ios
u01852,mobilelab-pass,device-01852,android
u01853,mobilelab-pass,device-01853,ios
u01854,mobilelab-pass,device-01854,android
u01855,mobilelab-pass,device-01855,ios
u01856,mobilelab-pass,device-01856,android
u01857,mobilelab-pass,device-01857,ios
u01858,mobilelab-pass,device-01858,android
u01859,mobilelab-pass,device-01859,ios
u01860,mobilelab-pass,device-01860,android
u01861,mobilelab-pass,device-01861,ios
u01862,mobilelab-pass,device-01862,android
u01863,mobilelab-pass,device-01863,ios
u01864,mobilelab-pass,device-01864,android
u01865,mobilelab-pass,device-01865,ios
u01866,mobilelab-pass,device-01866,android
u01867,mobilelab-pass,device-01867,ios
u01868,mobilelab-pass,device-01868,android
u01869,mobilelab-pass,device-01869,ios
u01870,mobilelab-pass,device-01870,android
u01871,mobilelab-pass,device-01871,ios
u01872,mobilelab-pass,device-01872,android
u01873,mobilelab-pass,device-01873,ios
u01874,mobilelab-pass,device-01874,android
u01875,mobilelab-pass,device-01875,ios
u01876,mobilelab-pass,device-01876,android
u01877,mobilelab-pass,device-01877,ios
u01878,mobilelab-pass,device-01878,android
u01879,mobilelab-pass,device-01879,ios
u01880,mobilelab-pass,device-01880,android
u01881,mobilelab-pass,device-01881,ios
u01882,mobilelab-pass,device-01882,android
u01883,mobilelab-pass,device-01883,ios
u01884,mobilelab-pass,device-01884,android
u01885,mobilelab-pass,device-01885,ios
u01886,mobilelab-pass,device-01886,android
u01887,mobilelab-pass,device-01887,ios
u01888,mobilelab-pass,device-01888,android
u01889,mobilelab-pass,device-01889,ios
u01890,mobilelab-pass,device-01890,android
u01891,mobilelab-pass,device-01891,ios
u01892,mobilelab-pass,device-01892,android
u01893,mobilelab-pass,device-01893,ios
u01894,mobilelab-pass,device-01894,android
u01895,mobilelab-pass,device-01895,ios
u01896,mobilelab-pass,device-01896,android
u01897,mobilelab-pass,device-01897,ios
u01898,mobilelab-pass,device-01898,android
u01899,mobilelab-pass,device-01899,ios
u01900,mobilelab-pass,device-01900,android
u01901,mobilelab-pass,device-01901,ios
u01902,mobilelab-pass,device-01902,android
u01903,mobilelab-pass,device-01903,ios
u01904,mobilelab-pass,device-01904,android
u01905,mobilelab-pass,device-01905,ios
u01906,mobilelab-pass,device-01906,android
u01907,mobilelab-pass,device-01907,ios
u01908,mobilelab-pass,device-01908,android
u01909,mobilelab-pass,device-01909,ios
u01910,mobilelab-pass,device-01910,android
u01911,mobilelab-pass,device-01911,ios
u01912,mobilelab-pass,device-01912,android
u01913,mobilelab-pass,device-01913,ios
u01914,mobilelab-pass,device-01914,android
u01915,mobilelab-pass,device-01915,ios
u01916,mobilelab-pass,device-01916,android
u01917,mobilelab-pass,device-01917,ios
u01918,mobilelab-pass,device-01918,android
u01919,mobilelab-pass,device-01919,ios
u01920,mobilelab-pass,device-01920,android
u01921,mobilelab-pass,device-01921,ios
u01922,mobilelab-pass,device-01922,android
u01923,mobilelab-pass,device-01923,ios
u01924,mobilelab-pass,device-01924,android
u01925,mobilelab-pass,device-01925,ios
u01926,mobilelab-pass,device-01926,android
u01927,mobilelab-pass,device-01927,ios
u01928,mobilelab-pass,device-01928,android
u01929,mobilelab-pass,device-01929,ios
u01930,mobilelab-pass,device-01930,android
u01931,mobilelab-pass,device-01931,ios
u01932,mobilelab-pass,device-01932,android
u01933,mobilelab-pass,device-01933,ios
u01934,mobilelab-pass,device-01934,android
u01935,mobilelab-pass,device-01935,ios
u01936,mobilelab-pass,device-01936,android
u01937,mobilelab-pass,device-01937,ios
u01938,mobilelab-pass,device-01938,android
u01939,mobilelab-pass,device-01939,ios
u01940,mobilelab-pass,device-01940,android
u01941,mobilelab-pass,device-01941,ios
u01942,mobilelab-pass,device-01942,android
u01943,mobilelab-pass,device-01943,ios
u01944,mobilelab-pass,device-01944,android
u01945,mobilelab-pass,device-01945,ios
u01946,mobilelab-pass,device-01946,android
u01947,mobilelab-pass,device-01947,ios
u01948,mobilelab-pass,device-01948,android
u01949,mobilelab-pass,device-01949,ios
u01950,mobilelab-pass,device-01950,android
u01951,mobilelab-pass,device-01951,ios
u01952,mobilelab-pass,device-01952,android
u01953,mobilelab-pass,device-01953,ios
u01954,mobilelab-pass,device-01954,android
u01955,mobilelab-pass,device-01955,ios
u01956,mobilelab-pass,device-01956,android
u01957,mobilelab-pass,device-01957,ios
u01958,mobilelab-pass,device-01958,android
u01959,mobilelab-pass,device-01959,ios
u01960,mobilelab-pass,device-01960,android
u01961,mobilelab-pass,device-01961,ios
u01962,mobilelab-pass,device-01962,android
u01963,mobilelab-pass,device-01963,ios
u01964,mobilelab-pass,device-01964,android
u01965,mobilelab-pass,device-01965,ios
u01966,mobilelab-pass,device-01966,android
u01967,mobilelab-pass,device-01967,ios
u01968,mobilelab-pass,device-01968,android
u01969,mobilelab-pass,device-01969,ios
u01970,mobilelab-pass,device-01970,android
u01971,mobilelab-pass,device-01971,ios
u01972,mobilelab-pass,device-01972,android
u01973,mobilelab-pass,device-01973,ios
u01974,mobilelab-pass,device-01974,android
u01975,mobilelab-pass,device-01975,ios
u01976,mobilelab-pass,device-01976,android
u01977,mobilelab-pass,device-01977,ios
u01978,mobilelab-pass,device-01978,android
u01979,mobilelab-pass,device-01979,ios
u01980,mobilelab-pass,device-01980,android
u01981,mobilelab-pass,device-01981,ios
u01982,mobilelab-pass,device-01982,android
u01983,mobilelab-pass,device-01983,ios
u01984,mobilelab-pass,device-01984,android
u01985,mobilelab-pass,device-01985,ios
u01986,mobilelab-pass,device-01986,android
u01987,mobilelab-pass,device-01987,ios
u01988,mobilelab-pass,device-01988,android
u01989,mobilelab-pass,device-01989,ios
u01990,mobilelab-pass,device-01990,android
u01991,mobilelab-pass,device-01991,ios
u01992,mobilelab-pass,device-01992,android
u01993,mobilelab-pass,device-01993,ios
u01994,mobilelab-pass,device-01994,android
u01995,mobilelab-pass,device-01995,ios
u01996,mobilelab-pass,device-01996,android
u01997,mobilelab-pass,device-01997,ios
u01998,mobilelab-pass,device-01998,android
u01999,mobilelab-pass,device-01999,ios
u02000,mobilelab-pass,device-02000,android
