username,password
user0021,sociallab-pass
user0022,sociallab-pass
user0023,sociallab-pass
user0024,sociallab-pass
user0025,sociallab-pass
user0026,sociallab-pass
user0027,sociallab-pass
user0028,sociallab-pass
user0029,sociallab-pass
user0030,sociallab-pass
user0031,sociallab-pass
user0032,sociallab-pass
user0033,sociallab-pass
user0034,sociallab-pass
user0035,sociallab-pass
user0036,sociallab-pass
user0037,sociallab-pass
user0038,sociallab-pass
user0039,sociallab-pass
user0040,sociallab-pass
user0041,sociallab-pass
user0042,sociallab-pass
user0043,sociallab-pass
user0044,sociallab-pass
user0045,sociallab-pass
user0046,sociallab-pass
user0047,sociallab-pass
user0048,sociallab-pass
user0049,sociallab-pass
user0050,sociallab-pass
user0051,sociallab-pass
user0052,sociallab-pass
user0053,sociallab-pass
user0054,sociallab-pass
user0055,sociallab-pass
user0056,sociallab-pass
user0057,sociallab-pass
user0058,sociallab-pass
user0059,sociallab-pass
user0060,sociallab-pass
user0061,sociallab-pass
user0062,sociallab-pass
user0063,sociallab-pass
user0064,sociallab-pass
user0065,sociallab-pass
user0066,sociallab-pass
user0067,sociallab-pass
user0068,sociallab-pass
user0069,sociallab-pass
user0070,sociallab-pass
user0071,sociallab-pass
user0072,sociallab-pass
user0073,sociallab-pass
user0074,sociallab-pass
user0075,sociallab-pass
user0076,sociallab-pass
user0077,sociallab-pass
user0078,sociallab-pass
user0079,sociallab-pass
user0080,sociallab-pass
user0081,sociallab-pass
user0082,sociallab-pass
user0083,sociallab-pass
user0084,sociallab-pass
user0085,sociallab-pass
user0086,sociallab-pass
user0087,sociallab-pass
user0088,sociallab-pass
user0089,sociallab-pass
user0090,sociallab-pass
user0091,sociallab-pass
user0092,sociallab-pass
user0093,sociallab-pass
user0094,sociallab-pass
user0095,sociallab-pass
user0096,sociallab-pass
user0097,sociallab-pass
user0098,sociallab-pass
user0099,sociallab-pass
user0100,sociallab-pass
user0101,sociallab-pass
user0102,sociallab-pass
user0103,sociallab-pass
user0104,sociallab-pass
user0105,sociallab-pass
user0106,sociallab-pass
user0107,sociallab-pass
user0108,sociallab-pass
user0109,sociallab-pass
user0110,sociallab-pass
user0111,sociallab-pass
user0112,sociallab-pass
user0113,sociallab-pass
user0114,sociallab-pass
user0115,sociallab-pass
user0116,sociallab-pass
user0117,sociallab-pass
user0118,sociallab-pass
user0119,sociallab-pass
user0120,sociallab-pass
user0121,sociallab-pass
user0122,sociallab-pass
user0123,sociallab-pass
user0124,sociallab-pass
user0125,sociallab-pass
user0126,sociallab-pass
user0127,sociallab-pass
user0128,sociallab-pass
user0129,sociallab-pass
user0130,sociallab-pass
user0131,sociallab-pass
user0132,sociallab-pass
user0133,sociallab-pass
user0134,sociallab-pass
user0135,sociallab-pass
user0136,sociallab-pass
user0137,sociallab-pass
user0138,sociallab-pass
user0139,sociallab-pass
user0140,sociallab-pass
user0141,sociallab-pass
user0142,sociallab-pass
user0143,sociallab-pass
user0144,sociallab-pass
user0145,sociallab-pass
user0146,sociallab-pass
user0147,sociallab-pass
user0148,sociallab-pass
user0149,sociallab-pass
user0150,sociallab-pass
user0151,sociallab-pass
user0152,sociallab-pass
user0153,sociallab-pass
user0154,sociallab-pass
user0155,sociallab-pass
user0156,sociallab-pass
user0157,sociallab-pass
user0158,sociallab-pass
user0159,sociallab-pass
user0160,sociallab-pass
user0161,sociallab-pass
user0162,sociallab-pass
user0163,sociallab-pass
user0164,sociallab-pass
user0165,sociallab-pass
user0166,sociallab-pass
user0167,sociallab-pass
user0168,sociallab-pass
user0169,sociallab-pass
user0170,sociallab-pass
user0171,sociallab-pass
user0172,sociallab-pass
user0173,sociallab-pass
user0174,sociallab-pass
user0175,sociallab-pass
user0176,sociallab-pass
user0177,sociallab-pass
user0178,sociallab-pass
user0179,sociallab-pass
user0180,sociallab-pass
user0181,sociallab-pass
user0182,sociallab-pass
user0183,sociallab-pass
user0184,sociallab-pass
user0185,sociallab-pass
user0186,sociallab-pass
user0187,sociallab-pass
user0188,sociallab-pass
user0189,sociallab-pass
user0190,sociallab-pass
user0191,sociallab-pass
user0192,sociallab-pass
user0193,sociallab-pass
user0194,sociallab-pass
user0195,sociallab-pass
user0196,sociallab-pass
user0197,sociallab-pass
user0198,sociallab-pass
user0199,sociallab-pass
user0200,sociallab-pass
user0201,sociallab-pass
user0202,sociallab-pass
user0203,sociallab-pass
user0204,sociallab-pass
user0205,sociallab-pass
user0206,sociallab-pass
user0207,sociallab-pass
user0208,sociallab-pass
user0209,sociallab-pass
user0210,sociallab-pass
user0211,sociallab-pass
user0212,sociallab-pass
user0213,sociallab-pass
user0214,sociallab-pass
user0215,sociallab-pass
user0216,sociallab-pass
user0217,sociallab-pass
user0218,sociallab-pass
user0219,sociallab-pass
user0220,sociallab-pass
user0221,sociallab-pass
user0222,sociallab-pass
user0223,sociallab-pass
user0224,sociallab-pass
user0225,sociallab-pass
user0226,sociallab-pass
user0227,sociallab-pass
user0228,sociallab-pass
user0229,sociallab-pass
user0230,sociallab-pass
user0231,sociallab-pass
user0232,sociallab-pass
user0233,sociallab-pass
user0234,sociallab-pass
user0235,sociallab-pass
user0236,sociallab-pass
user0237,sociallab-pass
user0238,sociallab-pass
user0239,sociallab-pass
user0240,sociallab-pass
user0241,sociallab-pass
user0242,sociallab-pass
user0243,sociallab-pass
user0244,sociallab-pass
user0245,sociallab-pass
user0246,sociallab-pass
user0247,sociallab-pass
user0248,sociallab-pass
user0249,sociallab-pass
user0250,sociallab-pass
user0251,sociallab-pass
user0252,sociallab-pass
user0253,sociallab-pass
user0254,sociallab-pass
user0255,sociallab-pass
user0256,sociallab-pass
user0257,sociallab-pass
user0258,sociallab-pass
user0259,sociallab-pass
user0260,sociallab-pass
user0261,sociallab-pass
user0262,sociallab-pass
user0263,sociallab-pass
user0264,sociallab-pass
user0265,sociallab-pass
user0266,sociallab-pass
user0267,sociallab-pass
user0268,sociallab-pass
user0269,sociallab-pass
user0270,sociallab-pass
user0271,sociallab-pass
user0272,sociallab-pass
user0273,sociallab-pass
user0274,sociallab-pass
user0275,sociallab-pass
user0276,sociallab-pass
user0277,sociallab-pass
user0278,sociallab-pass
user0279,sociallab-pass
user0280,sociallab-pass
user0281,sociallab-pass
user0282,sociallab-pass
user0283,sociallab-pass
user0284,sociallab-pass
user0285,sociallab-pass
user0286,sociallab-pass
user0287,sociallab-pass
user0288,sociallab-pass
user0289,sociallab-pass
user0290,sociallab-pass
user0291,sociallab-pass
user0292,sociallab-pass
user0293,sociallab-pass
user0294,sociallab-pass
user0295,sociallab-pass
user0296,sociallab-pass
user0297,sociallab-pass
user0298,sociallab-pass
user0299,sociallab-pass
user0300,sociallab-pass
user0301,sociallab-pass
user0302,sociallab-pass
user0303,sociallab-pass
user0304,sociallab-pass
user0305,sociallab-pass
user0306,sociallab-pass
user0307,sociallab-pass
user0308,sociallab-pass
user0309,sociallab-pass
user0310,sociallab-pass
user0311,sociallab-pass
user0312,sociallab-pass
user0313,sociallab-pass
user0314,sociallab-pass
user0315,sociallab-pass
user0316,sociallab-pass
user0317,sociallab-pass
user0318,sociallab-pass
user0319,sociallab-pass
user0320,sociallab-pass
user0321,sociallab-pass
user0322,sociallab-pass
user0323,sociallab-pass
user0324,sociallab-pass
user0325,sociallab-pass
user0326,sociallab-pass
user0327,sociallab-pass
user0328,sociallab-pass
user0329,sociallab-pass
user0330,sociallab-pass
user0331,sociallab-pass
user0332,sociallab-pass
user0333,sociallab-pass
user0334,sociallab-pass
user0335,sociallab-pass
user0336,sociallab-pass
user0337,sociallab-pass
user0338,sociallab-pass
user0339,sociallab-pass
user0340,sociallab-pass
user0341,sociallab-pass
user0342,sociallab-pass
user0343,sociallab-pass
user0344,sociallab-pass
user0345,sociallab-pass
user0346,sociallab-pass
user0347,sociallab-pass
user0348,sociallab-pass
user0349,sociallab-pass
user0350,sociallab-pass
user0351,sociallab-pass
user0352,sociallab-pass
user0353,sociallab-pass
user0354,sociallab-pass
user0355,sociallab-pass
user0356,sociallab-pass
user0357,sociallab-pass
user0358,sociallab-pass
user0359,sociallab-pass
user0360,sociallab-pass
user0361,sociallab-pass
user0362,sociallab-pass
user0363,sociallab-pass
user0364,sociallab-pass
user0365,sociallab-pass
user0366,sociallab-pass
user0367,sociallab-pass
user0368,sociallab-pass
user0369,sociallab-pass
user0370,sociallab-pass
user0371,sociallab-pass
user0372,sociallab-pass
user0373,sociallab-pass
user0374,sociallab-pass
user0375,sociallab-pass
user0376,sociallab-pass
user0377,sociallab-pass
user0378,sociallab-pass
user0379,sociallab-pass
user0380,sociallab-pass
user0381,sociallab-pass
user0382,sociallab-pass
user0383,sociallab-pass
user0384,sociallab-pass
user0385,sociallab-pass
user0386,sociallab-pass
user0387,sociallab-pass
user0388,sociallab-pass
user0389,sociallab-pass
user0390,sociallab-pass
user0391,sociallab-pass
user0392,sociallab-pass
user0393,sociallab-pass
user0394,sociallab-pass
user0395,sociallab-pass
user0396,sociallab-pass
user0397,sociallab-pass
user0398,sociallab-pass
user0399,sociallab-pass
user0400,sociallab-pass
user0401,sociallab-pass
user0402,sociallab-pass
user0403,sociallab-pass
user0404,sociallab-pass
user0405,sociallab-pass
user0406,sociallab-pass
user0407,sociallab-pass
user0408,sociallab-pass
user0409,sociallab-pass
user0410,sociallab-pass
user0411,sociallab-pass
user0412,sociallab-pass
user0413,sociallab-pass
user0414,sociallab-pass
user0415,sociallab-pass
user0416,sociallab-pass
user0417,sociallab-pass
user0418,sociallab-pass
user0419,sociallab-pass
user0420,sociallab-pass
user0421,sociallab-pass
user0422,sociallab-pass
user0423,sociallab-pass
user0424,sociallab-pass
user0425,sociallab-pass
user0426,sociallab-pass
user0427,sociallab-pass
user0428,sociallab-pass
user0429,sociallab-pass
user0430,sociallab-pass
user0431,sociallab-pass
user0432,sociallab-pass
user0433,sociallab-pass
user0434,sociallab-pass
user0435,sociallab-pass
user0436,sociallab-pass
user0437,sociallab-pass
user0438,sociallab-pass
user0439,sociallab-pass
user0440,sociallab-pass
user0441,sociallab-pass
user0442,sociallab-pass
user0443,sociallab-pass
user0444,sociallab-pass
user0445,sociallab-pass
user0446,sociallab-pass
user0447,sociallab-pass
user0448,sociallab-pass
user0449,sociallab-pass
user0450,sociallab-pass
user0451,sociallab-pass
user0452,sociallab-pass
user0453,sociallab-pass
user0454,sociallab-pass
user0455,sociallab-pass
user0456,sociallab-pass
user0457,sociallab-pass
user0458,sociallab-pass
user0459,sociallab-pass
user0460,sociallab-pass
user0461,sociallab-pass
user0462,sociallab-pass
user0463,sociallab-pass
user0464,sociallab-pass
user0465,sociallab-pass
user0466,sociallab-pass
user0467,sociallab-pass
user0468,sociallab-pass
user0469,sociallab-pass
user0470,sociallab-pass
user0471,sociallab-pass
user0472,sociallab-pass
user0473,sociallab-pass
user0474,sociallab-pass
user0475,sociallab-pass
user0476,sociallab-pass
user0477,sociallab-pass
user0478,sociallab-pass
user0479,sociallab-pass
user0480,sociallab-pass
user0481,sociallab-pass
user0482,sociallab-pass
user0483,sociallab-pass
user0484,sociallab-pass
user0485,sociallab-pass
user0486,sociallab-pass
user0487,sociallab-pass
user0488,sociallab-pass
user0489,sociallab-pass
user0490,sociallab-pass
user0491,sociallab-pass
user0492,sociallab-pass
user0493,sociallab-pass
user0494,sociallab-pass
user0495,sociallab-pass
user0496,sociallab-pass
user0497,sociallab-pass
user0498,sociallab-pass
user0499,sociallab-pass
user0500,sociallab-pass
user0501,sociallab-pass
user0502,sociallab-pass
user0503,sociallab-pass
user0504,sociallab-pass
user0505,sociallab-pass
user0506,sociallab-pass
user0507,sociallab-pass
user0508,sociallab-pass
user0509,sociallab-pass
user0510,sociallab-pass
user0511,sociallab-pass
user0512,sociallab-pass
user0513,sociallab-pass
user0514,sociallab-pass
user0515,sociallab-pass
user0516,sociallab-pass
user0517,sociallab-pass
user0518,sociallab-pass
user0519,sociallab-pass
user0520,sociallab-pass
user0521,sociallab-pass
user0522,sociallab-pass
user0523,sociallab-pass
user0524,sociallab-pass
user0525,sociallab-pass
user0526,sociallab-pass
user0527,sociallab-pass
user0528,sociallab-pass
user0529,sociallab-pass
user0530,sociallab-pass
user0531,sociallab-pass
user0532,sociallab-pass
user0533,sociallab-pass
user0534,sociallab-pass
user0535,sociallab-pass
user0536,sociallab-pass
user0537,sociallab-pass
user0538,sociallab-pass
user0539,sociallab-pass
user0540,sociallab-pass
user0541,sociallab-pass
user0542,sociallab-pass
user0543,sociallab-pass
user0544,sociallab-pass
user0545,sociallab-pass
user0546,sociallab-pass
user0547,sociallab-pass
user0548,sociallab-pass
user0549,sociallab-pass
user0550,sociallab-pass
user0551,sociallab-pass
user0552,sociallab-pass
user0553,sociallab-pass
user0554,sociallab-pass
user0555,sociallab-pass
user0556,sociallab-pass
user0557,sociallab-pass
user0558,sociallab-pass
user0559,sociallab-pass
user0560,sociallab-pass
user0561,sociallab-pass
user0562,sociallab-pass
user0563,sociallab-pass
user0564,sociallab-pass
user0565,sociallab-pass
user0566,sociallab-pass
user0567,sociallab-pass
user0568,sociallab-pass
user0569,sociallab-pass
user0570,sociallab-pass
user0571,sociallab-pass
user0572,sociallab-pass
user0573,sociallab-pass
user0574,sociallab-pass
user0575,sociallab-pass
user0576,sociallab-pass
user0577,sociallab-pass
user0578,sociallab-pass
user0579,sociallab-pass
user0580,sociallab-pass
user0581,sociallab-pass
user0582,sociallab-pass
user0583,sociallab-pass
user0584,sociallab-pass
user0585,sociallab-pass
user0586,sociallab-pass
user0587,sociallab-pass
user0588,sociallab-pass
user0589,sociallab-pass
user0590,sociallab-pass
user0591,sociallab-pass
user0592,sociallab-pass
user0593,sociallab-pass
user0594,sociallab-pass
user0595,sociallab-pass
user0596,sociallab-pass
user0597,sociallab-pass
user0598,sociallab-pass
user0599,sociallab-pass
user0600,sociallab-pass
user0601,sociallab-pass
user0602,sociallab-pass
user0603,sociallab-pass
user0604,sociallab-pass
user0605,sociallab-pass
user0606,sociallab-pass
user0607,sociallab-pass
user0608,sociallab-pass
user0609,sociallab-pass
user0610,sociallab-pass
user0611,sociallab-pass
user0612,sociallab-pass
user0613,sociallab-pass
user0614,sociallab-pass
user0615,sociallab-pass
user0616,sociallab-pass
user0617,sociallab-pass
user0618,sociallab-pass
user0619,sociallab-pass
user0620,sociallab-pass
user0621,sociallab-pass
user0622,sociallab-pass
user0623,sociallab-pass
user0624,sociallab-pass
user0625,sociallab-pass
user0626,sociallab-pass
user0627,sociallab-pass
user0628,sociallab-pass
user0629,sociallab-pass
user0630,sociallab-pass
user0631,sociallab-pass
user0632,sociallab-pass
user0633,sociallab-pass
user0634,sociallab-pass
user0635,sociallab-pass
user0636,sociallab-pass
user0637,sociallab-pass
user0638,sociallab-pass
user0639,sociallab-pass
user0640,sociallab-pass
user0641,sociallab-pass
user0642,sociallab-pass
user0643,sociallab-pass
user0644,sociallab-pass
user0645,sociallab-pass
user0646,sociallab-pass
user0647,sociallab-pass
user0648,sociallab-pass
user0649,sociallab-pass
user0650,sociallab-pass
user0651,sociallab-pass
user0652,sociallab-pass
user0653,sociallab-pass
user0654,sociallab-pass
user0655,sociallab-pass
user0656,sociallab-pass
user0657,sociallab-pass
user0658,sociallab-pass
user0659,sociallab-pass
user0660,sociallab-pass
user0661,sociallab-pass
user0662,sociallab-pass
user0663,sociallab-pass
user0664,sociallab-pass
user0665,sociallab-pass
user0666,sociallab-pass
user0667,sociallab-pass
user0668,sociallab-pass
user0669,sociallab-pass
user0670,sociallab-pass
user0671,sociallab-pass
user0672,sociallab-pass
user0673,sociallab-pass
user0674,sociallab-pass
user0675,sociallab-pass
user0676,sociallab-pass
user0677,sociallab-pass
user0678,sociallab-pass
user0679,sociallab-pass
user0680,sociallab-pass
user0681,sociallab-pass
user0682,sociallab-pass
user0683,sociallab-pass
user0684,sociallab-pass
user0685,sociallab-pass
user0686,sociallab-pass
user0687,sociallab-pass
user0688,sociallab-pass
user0689,sociallab-pass
user0690,sociallab-pass
user0691,sociallab-pass
user0692,sociallab-pass
user0693,sociallab-pass
user0694,sociallab-pass
user0695,sociallab-pass
user0696,sociallab-pass
user0697,sociallab-pass
user0698,sociallab-pass
user0699,sociallab-pass
user0700,sociallab-pass
user0701,sociallab-pass
user0702,sociallab-pass
user0703,sociallab-pass
user0704,sociallab-pass
user0705,sociallab-pass
user0706,sociallab-pass
user0707,sociallab-pass
user0708,sociallab-pass
user0709,sociallab-pass
user0710,sociallab-pass
user0711,sociallab-pass
user0712,sociallab-pass
user0713,sociallab-pass
user0714,sociallab-pass
user0715,sociallab-pass
user0716,sociallab-pass
user0717,sociallab-pass
user0718,sociallab-pass
user0719,sociallab-pass
user0720,sociallab-pass
user0721,sociallab-pass
user0722,sociallab-pass
user0723,sociallab-pass
user0724,sociallab-pass
user0725,sociallab-pass
user0726,sociallab-pass
user0727,sociallab-pass
user0728,sociallab-pass
user0729,sociallab-pass
user0730,sociallab-pass
user0731,sociallab-pass
user0732,sociallab-pass
user0733,sociallab-pass
user0734,sociallab-pass
user0735,sociallab-pass
user0736,sociallab-pass
user0737,sociallab-pass
user0738,sociallab-pass
user0739,sociallab-pass
user0740,sociallab-pass
user0741,sociallab-pass
user0742,sociallab-pass
user0743,sociallab-pass
user0744,sociallab-pass
user0745,sociallab-pass
user0746,sociallab-pass
user0747,sociallab-pass
user0748,sociallab-pass
user0749,sociallab-pass
user0750,sociallab-pass
user0751,sociallab-pass
user0752,sociallab-pass
user0753,sociallab-pass
user0754,sociallab-pass
user0755,sociallab-pass
user0756,sociallab-pass
user0757,sociallab-pass
user0758,sociallab-pass
user0759,sociallab-pass
user0760,sociallab-pass
user0761,sociallab-pass
user0762,sociallab-pass
user0763,sociallab-pass
user0764,sociallab-pass
user0765,sociallab-pass
user0766,sociallab-pass
user0767,sociallab-pass
user0768,sociallab-pass
user0769,sociallab-pass
user0770,sociallab-pass
user0771,sociallab-pass
user0772,sociallab-pass
user0773,sociallab-pass
user0774,sociallab-pass
user0775,sociallab-pass
user0776,sociallab-pass
user0777,sociallab-pass
user0778,sociallab-pass
user0779,sociallab-pass
user0780,sociallab-pass
user0781,sociallab-pass
user0782,sociallab-pass
user0783,sociallab-pass
user0784,sociallab-pass
user0785,sociallab-pass
user0786,sociallab-pass
user0787,sociallab-pass
user0788,sociallab-pass
user0789,sociallab-pass
user0790,sociallab-pass
user0791,sociallab-pass
user0792,sociallab-pass
user0793,sociallab-pass
user0794,sociallab-pass
user0795,sociallab-pass
user0796,sociallab-pass
user0797,sociallab-pass
user0798,sociallab-pass
user0799,sociallab-pass
user0800,sociallab-pass
user0801,sociallab-pass
user0802,sociallab-pass
user0803,sociallab-pass
user0804,sociallab-pass
user0805,sociallab-pass
user0806,sociallab-pass
user0807,sociallab-pass
user0808,sociallab-pass
user0809,sociallab-pass
user0810,sociallab-pass
user0811,sociallab-pass
user0812,sociallab-pass
user0813,sociallab-pass
user0814,sociallab-pass
user0815,sociallab-pass
user0816,sociallab-pass
user0817,sociallab-pass
user0818,sociallab-pass
user0819,sociallab-pass
user0820,sociallab-pass
user0821,sociallab-pass
user0822,sociallab-pass
user0823,sociallab-pass
user0824,sociallab-pass
user0825,sociallab-pass
user0826,sociallab-pass
user0827,sociallab-pass
user0828,sociallab-pass
user0829,sociallab-pass
user0830,sociallab-pass
user0831,sociallab-pass
user0832,sociallab-pass
user0833,sociallab-pass
user0834,sociallab-pass
user0835,sociallab-pass
user0836,sociallab-pass
user0837,sociallab-pass
user0838,sociallab-pass
user0839,sociallab-pass
user0840,sociallab-pass
user0841,sociallab-pass
user0842,sociallab-pass
user0843,sociallab-pass
user0844,sociallab-pass
user0845,sociallab-pass
user0846,sociallab-pass
user0847,sociallab-pass
user0848,sociallab-pass
user0849,sociallab-pass
user0850,sociallab-pass
user0851,sociallab-pass
user0852,sociallab-pass
user0853,sociallab-pass
user0854,sociallab-pass
user0855,sociallab-pass
user0856,sociallab-pass
user0857,sociallab-pass
user0858,sociallab-pass
user0859,sociallab-pass
user0860,sociallab-pass
user0861,sociallab-pass
user0862,sociallab-pass
user0863,sociallab-pass
user0864,sociallab-pass
user0865,sociallab-pass
user0866,sociallab-pass
user0867,sociallab-pass
user0868,sociallab-pass
user0869,sociallab-pass
user0870,sociallab-pass
user0871,sociallab-pass
user0872,sociallab-pass
user0873,sociallab-pass
user0874,sociallab-pass
user0875,sociallab-pass
user0876,sociallab-pass
user0877,sociallab-pass
user0878,sociallab-pass
user0879,sociallab-pass
user0880,sociallab-pass
user0881,sociallab-pass
user0882,sociallab-pass
user0883,sociallab-pass
user0884,sociallab-pass
user0885,sociallab-pass
user0886,sociallab-pass
user0887,sociallab-pass
user0888,sociallab-pass
user0889,sociallab-pass
user0890,sociallab-pass
user0891,sociallab-pass
user0892,sociallab-pass
user0893,sociallab-pass
user0894,sociallab-pass
user0895,sociallab-pass
user0896,sociallab-pass
user0897,sociallab-pass
user0898,sociallab-pass
user0899,sociallab-pass
user0900,sociallab-pass
user0901,sociallab-pass
user0902,sociallab-pass
user0903,sociallab-pass
user0904,sociallab-pass
user0905,sociallab-pass
user0906,sociallab-pass
user0907,sociallab-pass
user0908,sociallab-pass
user0909,sociallab-pass
user0910,sociallab-pass
user0911,sociallab-pass
user0912,sociallab-pass
user0913,sociallab-pass
user0914,sociallab-pass
user0915,sociallab-pass
user0916,sociallab-pass
user0917,sociallab-pass
user0918,sociallab-pass
user0919,sociallab-pass
user0920,sociallab-pass
user0921,sociallab-pass
user0922,sociallab-pass
user0923,sociallab-pass
user0924,sociallab-pass
user0925,sociallab-pass
user0926,sociallab-pass
user0927,sociallab-pass
user0928,sociallab-pass
user0929,sociallab-pass
user0930,sociallab-pass
user0931,sociallab-pass
user0932,sociallab-pass
user0933,sociallab-pass
user0934,sociallab-pass
user0935,sociallab-pass
user0936,sociallab-pass
user0937,sociallab-pass
user0938,sociallab-pass
user0939,sociallab-pass
user0940,sociallab-pass
user0941,sociallab-pass
user0942,sociallab-pass
user0943,sociallab-pass
user0944,sociallab-pass
user0945,sociallab-pass
user0946,sociallab-pass
user0947,sociallab-pass
user0948,sociallab-pass
user0949,sociallab-pass
user0950,sociallab-pass
user0951,sociallab-pass
user0952,sociallab-pass
user0953,sociallab-pass
user0954,sociallab-pass
user0955,sociallab-pass
user0956,sociallab-pass
user0957,sociallab-pass
user0958,sociallab-pass
user0959,sociallab-pass
user0960,sociallab-pass
user0961,sociallab-pass
user0962,sociallab-pass
user0963,sociallab-pass
user0964,sociallab-pass
user0965,sociallab-pass
user0966,sociallab-pass
user0967,sociallab-pass
user0968,sociallab-pass
user0969,sociallab-pass
user0970,sociallab-pass
user0971,sociallab-pass
user0972,sociallab-pass
user0973,sociallab-pass
user0974,sociallab-pass
user0975,sociallab-pass
user0976,sociallab-pass
user0977,sociallab-pass
user0978,sociallab-pass
user0979,sociallab-pass
user0980,sociallab-pass
user0981,sociallab-pass
user0982,sociallab-pass
user0983,sociallab-pass
user0984,sociallab-pass
user0985,sociallab-pass
user0986,sociallab-pass
user0987,sociallab-pass
user0988,sociallab-pass
user0989,sociallab-pass
user0990,sociallab-pass
user0991,sociallab-pass
user0992,sociallab-pass
user0993,sociallab-pass
user0994,sociallab-pass
user0995,sociallab-pass
user0996,sociallab-pass
user0997,sociallab-pass
user0998,sociallab-pass
user0999,sociallab-pass
user1000,sociallab-pass
user1001,sociallab-pass
user1002,sociallab-pass
user1003,sociallab-pass
user1004,sociallab-pass
user1005,sociallab-pass
user1006,sociallab-pass
user1007,sociallab-pass
user1008,sociallab-pass
user1009,sociallab-pass
user1010,sociallab-pass
user1011,sociallab-pass
user1012,sociallab-pass
user1013,sociallab-pass
user1014,sociallab-pass
user1015,sociallab-pass
user1016,sociallab-pass
user1017,sociallab-pass
user1018,sociallab-pass
user1019,sociallab-pass
user1020,sociallab-pass
user1021,sociallab-pass
user1022,sociallab-pass
user1023,sociallab-pass
user1024,sociallab-pass
user1025,sociallab-pass
user1026,sociallab-pass
user1027,sociallab-pass
user1028,sociallab-pass
user1029,sociallab-pass
user1030,sociallab-pass
user1031,sociallab-pass
user1032,sociallab-pass
user1033,sociallab-pass
user1034,sociallab-pass
user1035,sociallab-pass
user1036,sociallab-pass
user1037,sociallab-pass
user1038,sociallab-pass
user1039,sociallab-pass
user1040,sociallab-pass
user1041,sociallab-pass
user1042,sociallab-pass
user1043,sociallab-pass
user1044,sociallab-pass
user1045,sociallab-pass
user1046,sociallab-pass
user1047,sociallab-pass
user1048,sociallab-pass
user1049,sociallab-pass
user1050,sociallab-pass
user1051,sociallab-pass
user1052,sociallab-pass
user1053,sociallab-pass
user1054,sociallab-pass
user1055,sociallab-pass
user1056,sociallab-pass
user1057,sociallab-pass
user1058,sociallab-pass
user1059,sociallab-pass
user1060,sociallab-pass
user1061,sociallab-pass
user1062,sociallab-pass
user1063,sociallab-pass
user1064,sociallab-pass
user1065,sociallab-pass
user1066,sociallab-pass
user1067,sociallab-pass
user1068,sociallab-pass
user1069,sociallab-pass
user1070,sociallab-pass
user1071,sociallab-pass
user1072,sociallab-pass
user1073,sociallab-pass
user1074,sociallab-pass
user1075,sociallab-pass
user1076,sociallab-pass
user1077,sociallab-pass
user1078,sociallab-pass
user1079,sociallab-pass
user1080,sociallab-pass
user1081,sociallab-pass
user1082,sociallab-pass
user1083,sociallab-pass
user1084,sociallab-pass
user1085,sociallab-pass
user1086,sociallab-pass
user1087,sociallab-pass
user1088,sociallab-pass
user1089,sociallab-pass
user1090,sociallab-pass
user1091,sociallab-pass
user1092,sociallab-pass
user1093,sociallab-pass
user1094,sociallab-pass
user1095,sociallab-pass
user1096,sociallab-pass
user1097,sociallab-pass
user1098,sociallab-pass
user1099,sociallab-pass
user1100,sociallab-pass
user1101,sociallab-pass
user1102,sociallab-pass
user1103,sociallab-pass
user1104,sociallab-pass
user1105,sociallab-pass
user1106,sociallab-pass
user1107,sociallab-pass
user1108,sociallab-pass
user1109,sociallab-pass
user1110,sociallab-pass
user1111,sociallab-pass
user1112,sociallab-pass
user1113,sociallab-pass
user1114,sociallab-pass
user1115,sociallab-pass
user1116,sociallab-pass
user1117,sociallab-pass
user1118,sociallab-pass
user1119,sociallab-pass
user1120,sociallab-pass
user1121,sociallab-pass
user1122,sociallab-pass
user1123,sociallab-pass
user1124,sociallab-pass
user1125,sociallab-pass
user1126,sociallab-pass
user1127,sociallab-pass
user1128,sociallab-pass
user1129,sociallab-pass
user1130,sociallab-pass
user1131,sociallab-pass
user1132,sociallab-pass
user1133,sociallab-pass
user1134,sociallab-pass
user1135,sociallab-pass
user1136,sociallab-pass
user1137,sociallab-pass
user1138,sociallab-pass
user1139,sociallab-pass
user1140,sociallab-pass
user1141,sociallab-pass
user1142,sociallab-pass
user1143,sociallab-pass
user1144,sociallab-pass
user1145,sociallab-pass
user1146,sociallab-pass
user1147,sociallab-pass
user1148,sociallab-pass
user1149,sociallab-pass
user1150,sociallab-pass
user1151,sociallab-pass
user1152,sociallab-pass
user1153,sociallab-pass
user1154,sociallab-pass
user1155,sociallab-pass
user1156,sociallab-pass
user1157,sociallab-pass
user1158,sociallab-pass
user1159,sociallab-pass
user1160,sociallab-pass
user1161,sociallab-pass
user1162,sociallab-pass
user1163,sociallab-pass
user1164,sociallab-pass
user1165,sociallab-pass
user1166,sociallab-pass
user1167,sociallab-pass
user1168,sociallab-pass
user1169,sociallab-pass
user1170,sociallab-pass
user1171,sociallab-pass
user1172,sociallab-pass
user1173,sociallab-pass
user1174,sociallab-pass
user1175,sociallab-pass
user1176,sociallab-pass
user1177,sociallab-pass
user1178,sociallab-pass
user1179,sociallab-pass
user1180,sociallab-pass
user1181,sociallab-pass
user1182,sociallab-pass
user1183,sociallab-pass
user1184,sociallab-pass
user1185,sociallab-pass
user1186,sociallab-pass
user1187,sociallab-pass
user1188,sociallab-pass
user1189,sociallab-pass
user1190,sociallab-pass
user1191,sociallab-pass
user1192,sociallab-pass
user1193,sociallab-pass
user1194,sociallab-pass
user1195,sociallab-pass
user1196,sociallab-pass
user1197,sociallab-pass
user1198,sociallab-pass
user1199,sociallab-pass
user1200,sociallab-pass
user1201,sociallab-pass
user1202,sociallab-pass
user1203,sociallab-pass
user1204,sociallab-pass
user1205,sociallab-pass
user1206,sociallab-pass
user1207,sociallab-pass
user1208,sociallab-pass
user1209,sociallab-pass
user1210,sociallab-pass
user1211,sociallab-pass
user1212,sociallab-pass
user1213,sociallab-pass
user1214,sociallab-pass
user1215,sociallab-pass
user1216,sociallab-pass
user1217,sociallab-pass
user1218,sociallab-pass
user1219,sociallab-pass
user1220,sociallab-pass
user1221,sociallab-pass
user1222,sociallab-pass
user1223,sociallab-pass
user1224,sociallab-pass
user1225,sociallab-pass
user1226,sociallab-pass
user1227,sociallab-pass
user1228,sociallab-pass
user1229,sociallab-pass
user1230,sociallab-pass
user1231,sociallab-pass
user1232,sociallab-pass
user1233,sociallab-pass
user1234,sociallab-pass
user1235,sociallab-pass
user1236,sociallab-pass
user1237,sociallab-pass
user1238,sociallab-pass
user1239,sociallab-pass
user1240,sociallab-pass
user1241,sociallab-pass
user1242,sociallab-pass
user1243,sociallab-pass
user1244,sociallab-pass
user1245,sociallab-pass
user1246,sociallab-pass
user1247,sociallab-pass
user1248,sociallab-pass
user1249,sociallab-pass
user1250,sociallab-pass
user1251,sociallab-pass
user1252,sociallab-pass
user1253,sociallab-pass
user1254,sociallab-pass
user1255,sociallab-pass
user1256,sociallab-pass
user1257,sociallab-pass
user1258,sociallab-pass
user1259,sociallab-pass
user1260,sociallab-pass
user1261,sociallab-pass
user1262,sociallab-pass
user1263,sociallab-pass
user1264,sociallab-pass
user1265,sociallab-pass
user1266,sociallab-pass
user1267,sociallab-pass
user1268,sociallab-pass
user1269,sociallab-pass
user1270,sociallab-pass
user1271,sociallab-pass
user1272,sociallab-pass
user1273,sociallab-pass
user1274,sociallab-pass
user1275,sociallab-pass
user1276,sociallab-pass
user1277,sociallab-pass
user1278,sociallab-pass
user1279,sociallab-pass
user1280,sociallab-pass
user1281,sociallab-pass
user1282,sociallab-pass
user1283,sociallab-pass
user1284,sociallab-pass
user1285,sociallab-pass
user1286,sociallab-pass
user1287,sociallab-pass
user1288,sociallab-pass
user1289,sociallab-pass
user1290,sociallab-pass
user1291,sociallab-pass
user1292,sociallab-pass
user1293,sociallab-pass
user1294,sociallab-pass
user1295,sociallab-pass
user1296,sociallab-pass
user1297,sociallab-pass
user1298,sociallab-pass
user1299,sociallab-pass
user1300,sociallab-pass
user1301,sociallab-pass
user1302,sociallab-pass
user1303,sociallab-pass
user1304,sociallab-pass
user1305,sociallab-pass
user1306,sociallab-pass
user1307,sociallab-pass
user1308,sociallab-pass
user1309,sociallab-pass
user1310,sociallab-pass
user1311,sociallab-pass
user1312,sociallab-pass
user1313,sociallab-pass
user1314,sociallab-pass
user1315,sociallab-pass
user1316,sociallab-pass
user1317,sociallab-pass
user1318,sociallab-pass
user1319,sociallab-pass
user1320,sociallab-pass
user1321,sociallab-pass
user1322,sociallab-pass
user1323,sociallab-pass
user1324,sociallab-pass
user1325,sociallab-pass
user1326,sociallab-pass
user1327,sociallab-pass
user1328,sociallab-pass
user1329,sociallab-pass
user1330,sociallab-pass
user1331,sociallab-pass
user1332,sociallab-pass
user1333,sociallab-pass
user1334,sociallab-pass
user1335,sociallab-pass
user1336,sociallab-pass
user1337,sociallab-pass
user1338,sociallab-pass
user1339,sociallab-pass
user1340,sociallab-pass
user1341,sociallab-pass
user1342,sociallab-pass
user1343,sociallab-pass
user1344,sociallab-pass
user1345,sociallab-pass
user1346,sociallab-pass
user1347,sociallab-pass
user1348,sociallab-pass
user1349,sociallab-pass
user1350,sociallab-pass
user1351,sociallab-pass
user1352,sociallab-pass
user1353,sociallab-pass
user1354,sociallab-pass
user1355,sociallab-pass
user1356,sociallab-pass
user1357,sociallab-pass
user1358,sociallab-pass
user1359,sociallab-pass
user1360,sociallab-pass
user1361,sociallab-pass
user1362,sociallab-pass
user1363,sociallab-pass
user1364,sociallab-pass
user1365,sociallab-pass
user1366,sociallab-pass
user1367,sociallab-pass
user1368,sociallab-pass
user1369,sociallab-pass
user1370,sociallab-pass
user1371,sociallab-pass
user1372,sociallab-pass
user1373,sociallab-pass
user1374,sociallab-pass
user1375,sociallab-pass
user1376,sociallab-pass
user1377,sociallab-pass
user1378,sociallab-pass
user1379,sociallab-pass
user1380,sociallab-pass
user1381,sociallab-pass
user1382,sociallab-pass
user1383,sociallab-pass
user1384,sociallab-pass
user1385,sociallab-pass
user1386,sociallab-pass
user1387,sociallab-pass
user1388,sociallab-pass
user1389,sociallab-pass
user1390,sociallab-pass
user1391,sociallab-pass
user1392,sociallab-pass
user1393,sociallab-pass
user1394,sociallab-pass
user1395,sociallab-pass
user1396,sociallab-pass
user1397,sociallab-pass
user1398,sociallab-pass
user1399,sociallab-pass
user1400,sociallab-pass
user1401,sociallab-pass
user1402,sociallab-pass
user1403,sociallab-pass
user1404,sociallab-pass
user1405,sociallab-pass
user1406,sociallab-pass
user1407,sociallab-pass
user1408,sociallab-pass
user1409,sociallab-pass
user1410,sociallab-pass
user1411,sociallab-pass
user1412,sociallab-pass
user1413,sociallab-pass
user1414,sociallab-pass
user1415,sociallab-pass
user1416,sociallab-pass
user1417,sociallab-pass
user1418,sociallab-pass
user1419,sociallab-pass
user1420,sociallab-pass
user1421,sociallab-pass
user1422,sociallab-pass
user1423,sociallab-pass
user1424,sociallab-pass
user1425,sociallab-pass
user1426,sociallab-pass
user1427,sociallab-pass
user1428,sociallab-pass
user1429,sociallab-pass
user1430,sociallab-pass
user1431,sociallab-pass
user1432,sociallab-pass
user1433,sociallab-pass
user1434,sociallab-pass
user1435,sociallab-pass
user1436,sociallab-pass
user1437,sociallab-pass
user1438,sociallab-pass
user1439,sociallab-pass
user1440,sociallab-pass
user1441,sociallab-pass
user1442,sociallab-pass
user1443,sociallab-pass
user1444,sociallab-pass
user1445,sociallab-pass
user1446,sociallab-pass
user1447,sociallab-pass
user1448,sociallab-pass
user1449,sociallab-pass
user1450,sociallab-pass
user1451,sociallab-pass
user1452,sociallab-pass
user1453,sociallab-pass
user1454,sociallab-pass
user1455,sociallab-pass
user1456,sociallab-pass
user1457,sociallab-pass
user1458,sociallab-pass
user1459,sociallab-pass
user1460,sociallab-pass
user1461,sociallab-pass
user1462,sociallab-pass
user1463,sociallab-pass
user1464,sociallab-pass
user1465,sociallab-pass
user1466,sociallab-pass
user1467,sociallab-pass
user1468,sociallab-pass
user1469,sociallab-pass
user1470,sociallab-pass
user1471,sociallab-pass
user1472,sociallab-pass
user1473,sociallab-pass
user1474,sociallab-pass
user1475,sociallab-pass
user1476,sociallab-pass
user1477,sociallab-pass
user1478,sociallab-pass
user1479,sociallab-pass
user1480,sociallab-pass
user1481,sociallab-pass
user1482,sociallab-pass
user1483,sociallab-pass
user1484,sociallab-pass
user1485,sociallab-pass
user1486,sociallab-pass
user1487,sociallab-pass
user1488,sociallab-pass
user1489,sociallab-pass
user1490,sociallab-pass
user1491,sociallab-pass
user1492,sociallab-pass
user1493,sociallab-pass
user1494,sociallab-pass
user1495,sociallab-pass
user1496,sociallab-pass
user1497,sociallab-pass
user1498,sociallab-pass
user1499,sociallab-pass
user1500,sociallab-pass
user1501,sociallab-pass
user1502,sociallab-pass
user1503,sociallab-pass
user1504,sociallab-pass
user1505,sociallab-pass
user1506,sociallab-pass
user1507,sociallab-pass
user1508,sociallab-pass
user1509,sociallab-pass
user1510,sociallab-pass
user1511,sociallab-pass
user1512,sociallab-pass
user1513,sociallab-pass
user1514,sociallab-pass
user1515,sociallab-pass
user1516,sociallab-pass
user1517,sociallab-pass
user1518,sociallab-pass
user1519,sociallab-pass
user1520,sociallab-pass
user1521,sociallab-pass
user1522,sociallab-pass
user1523,sociallab-pass
user1524,sociallab-pass
user1525,sociallab-pass
user1526,sociallab-pass
user1527,sociallab-pass
user1528,sociallab-pass
user1529,sociallab-pass
user1530,sociallab-pass
user1531,sociallab-pass
user1532,sociallab-pass
user1533,sociallab-pass
user1534,sociallab-pass
user1535,sociallab-pass
user1536,sociallab-pass
user1537,sociallab-pass
user1538,sociallab-pass
user1539,sociallab-pass
user1540,sociallab-pass
user1541,sociallab-pass
user1542,sociallab-pass
user1543,sociallab-pass
user1544,sociallab-pass
user1545,sociallab-pass
user1546,sociallab-pass
user1547,sociallab-pass
user1548,sociallab-pass
user1549,sociallab-pass
user1550,sociallab-pass
user1551,sociallab-pass
user1552,sociallab-pass
user1553,sociallab-pass
user1554,sociallab-pass
user1555,sociallab-pass
user1556,sociallab-pass
user1557,sociallab-pass
user1558,sociallab-pass
user1559,sociallab-pass
user1560,sociallab-pass
user1561,sociallab-pass
user1562,sociallab-pass
user1563,sociallab-pass
user1564,sociallab-pass
user1565,sociallab-pass
user1566,sociallab-pass
user1567,sociallab-pass
user1568,sociallab-pass
user1569,sociallab-pass
user1570,sociallab-pass
user1571,sociallab-pass
user1572,sociallab-pass
user1573,sociallab-pass
user1574,sociallab-pass
user1575,sociallab-pass
user1576,sociallab-pass
user1577,sociallab-pass
user1578,sociallab-pass
user1579,sociallab-pass
user1580,sociallab-pass
user1581,sociallab-pass
user1582,sociallab-pass
user1583,sociallab-pass
user1584,sociallab-pass
user1585,sociallab-pass
user1586,sociallab-pass
user1587,sociallab-pass
user1588,sociallab-pass
user1589,sociallab-pass
user1590,sociallab-pass
user1591,sociallab-pass
user1592,sociallab-pass
user1593,sociallab-pass
user1594,sociallab-pass
user1595,sociallab-pass
user1596,sociallab-pass
user1597,sociallab-pass
user1598,sociallab-pass
user1599,sociallab-pass
user1600,sociallab-pass
user1601,sociallab-pass
user1602,sociallab-pass
user1603,sociallab-pass
user1604,sociallab-pass
user1605,sociallab-pass
user1606,sociallab-pass
user1607,sociallab-pass
user1608,sociallab-pass
user1609,sociallab-pass
user1610,sociallab-pass
user1611,sociallab-pass
user1612,sociallab-pass
user1613,sociallab-pass
user1614,sociallab-pass
user1615,sociallab-pass
user1616,sociallab-pass
user1617,sociallab-pass
user1618,sociallab-pass
user1619,sociallab-pass
user1620,sociallab-pass
user1621,sociallab-pass
user1622,sociallab-pass
user1623,sociallab-pass
user1624,sociallab-pass
user1625,sociallab-pass
user1626,sociallab-pass
user1627,sociallab-pass
user1628,sociallab-pass
user1629,sociallab-pass
user1630,sociallab-pass
user1631,sociallab-pass
user1632,sociallab-pass
user1633,sociallab-pass
user1634,sociallab-pass
user1635,sociallab-pass
user1636,sociallab-pass
user1637,sociallab-pass
user1638,sociallab-pass
user1639,sociallab-pass
user1640,sociallab-pass
user1641,sociallab-pass
user1642,sociallab-pass
user1643,sociallab-pass
user1644,sociallab-pass
user1645,sociallab-pass
user1646,sociallab-pass
user1647,sociallab-pass
user1648,sociallab-pass
user1649,sociallab-pass
user1650,sociallab-pass
user1651,sociallab-pass
user1652,sociallab-pass
user1653,sociallab-pass
user1654,sociallab-pass
user1655,sociallab-pass
user1656,sociallab-pass
user1657,sociallab-pass
user1658,sociallab-pass
user1659,sociallab-pass
user1660,sociallab-pass
user1661,sociallab-pass
user1662,sociallab-pass
user1663,sociallab-pass
user1664,sociallab-pass
user1665,sociallab-pass
user1666,sociallab-pass
user1667,sociallab-pass
user1668,sociallab-pass
user1669,sociallab-pass
user1670,sociallab-pass
user1671,sociallab-pass
user1672,sociallab-pass
user1673,sociallab-pass
user1674,sociallab-pass
user1675,sociallab-pass
user1676,sociallab-pass
user1677,sociallab-pass
user1678,sociallab-pass
user1679,sociallab-pass
user1680,sociallab-pass
user1681,sociallab-pass
user1682,sociallab-pass
user1683,sociallab-pass
user1684,sociallab-pass
user1685,sociallab-pass
user1686,sociallab-pass
user1687,sociallab-pass
user1688,sociallab-pass
user1689,sociallab-pass
user1690,sociallab-pass
user1691,sociallab-pass
user1692,sociallab-pass
user1693,sociallab-pass
user1694,sociallab-pass
user1695,sociallab-pass
user1696,sociallab-pass
user1697,sociallab-pass
user1698,sociallab-pass
user1699,sociallab-pass
user1700,sociallab-pass
user1701,sociallab-pass
user1702,sociallab-pass
user1703,sociallab-pass
user1704,sociallab-pass
user1705,sociallab-pass
user1706,sociallab-pass
user1707,sociallab-pass
user1708,sociallab-pass
user1709,sociallab-pass
user1710,sociallab-pass
user1711,sociallab-pass
user1712,sociallab-pass
user1713,sociallab-pass
user1714,sociallab-pass
user1715,sociallab-pass
user1716,sociallab-pass
user1717,sociallab-pass
user1718,sociallab-pass
user1719,sociallab-pass
user1720,sociallab-pass
user1721,sociallab-pass
user1722,sociallab-pass
user1723,sociallab-pass
user1724,sociallab-pass
user1725,sociallab-pass
user1726,sociallab-pass
user1727,sociallab-pass
user1728,sociallab-pass
user1729,sociallab-pass
user1730,sociallab-pass
user1731,sociallab-pass
user1732,sociallab-pass
user1733,sociallab-pass
user1734,sociallab-pass
user1735,sociallab-pass
user1736,sociallab-pass
user1737,sociallab-pass
user1738,sociallab-pass
user1739,sociallab-pass
user1740,sociallab-pass
user1741,sociallab-pass
user1742,sociallab-pass
user1743,sociallab-pass
user1744,sociallab-pass
user1745,sociallab-pass
user1746,sociallab-pass
user1747,sociallab-pass
user1748,sociallab-pass
user1749,sociallab-pass
user1750,sociallab-pass
user1751,sociallab-pass
user1752,sociallab-pass
user1753,sociallab-pass
user1754,sociallab-pass
user1755,sociallab-pass
user1756,sociallab-pass
user1757,sociallab-pass
user1758,sociallab-pass
user1759,sociallab-pass
user1760,sociallab-pass
user1761,sociallab-pass
user1762,sociallab-pass
user1763,sociallab-pass
user1764,sociallab-pass
user1765,sociallab-pass
user1766,sociallab-pass
user1767,sociallab-pass
user1768,sociallab-pass
user1769,sociallab-pass
user1770,sociallab-pass
user1771,sociallab-pass
user1772,sociallab-pass
user1773,sociallab-pass
user1774,sociallab-pass
user1775,sociallab-pass
user1776,sociallab-pass
user1777,sociallab-pass
user1778,sociallab-pass
user1779,sociallab-pass
user1780,sociallab-pass
user1781,sociallab-pass
user1782,sociallab-pass
user1783,sociallab-pass
user1784,sociallab-pass
user1785,sociallab-pass
user1786,sociallab-pass
user1787,sociallab-pass
user1788,sociallab-pass
user1789,sociallab-pass
user1790,sociallab-pass
user1791,sociallab-pass
user1792,sociallab-pass
user1793,sociallab-pass
user1794,sociallab-pass
user1795,sociallab-pass
user1796,sociallab-pass
user1797,sociallab-pass
user1798,sociallab-pass
user1799,sociallab-pass
user1800,sociallab-pass
user1801,sociallab-pass
user1802,sociallab-pass
user1803,sociallab-pass
user1804,sociallab-pass
user1805,sociallab-pass
user1806,sociallab-pass
user1807,sociallab-pass
user1808,sociallab-pass
user1809,sociallab-pass
user1810,sociallab-pass
user1811,sociallab-pass
user1812,sociallab-pass
user1813,sociallab-pass
user1814,sociallab-pass
user1815,sociallab-pass
user1816,sociallab-pass
user1817,sociallab-pass
user1818,sociallab-pass
user1819,sociallab-pass
user1820,sociallab-pass
user1821,sociallab-pass
user1822,sociallab-pass
user1823,sociallab-pass
user1824,sociallab-pass
user1825,sociallab-pass
user1826,sociallab-pass
user1827,sociallab-pass
user1828,sociallab-pass
user1829,sociallab-pass
user1830,sociallab-pass
user1831,sociallab-pass
user1832,sociallab-pass
user1833,sociallab-pass
user1834,sociallab-pass
user1835,sociallab-pass
user1836,sociallab-pass
user1837,sociallab-pass
user1838,sociallab-pass
user1839,sociallab-pass
user1840,sociallab-pass
user1841,sociallab-pass
user1842,sociallab-pass
user1843,sociallab-pass
user1844,sociallab-pass
user1845,sociallab-pass
user1846,sociallab-pass
user1847,sociallab-pass
user1848,sociallab-pass
user1849,sociallab-pass
user1850,sociallab-pass
user1851,sociallab-pass
user1852,sociallab-pass
user1853,sociallab-pass
user1854,sociallab-pass
user1855,sociallab-pass
user1856,sociallab-pass
user1857,sociallab-pass
user1858,sociallab-pass
user1859,sociallab-pass
user1860,sociallab-pass
user1861,sociallab-pass
user1862,sociallab-pass
user1863,sociallab-pass
user1864,sociallab-pass
user1865,sociallab-pass
user1866,sociallab-pass
user1867,sociallab-pass
user1868,sociallab-pass
user1869,sociallab-pass
user1870,sociallab-pass
user1871,sociallab-pass
user1872,sociallab-pass
user1873,sociallab-pass
user1874,sociallab-pass
user1875,sociallab-pass
user1876,sociallab-pass
user1877,sociallab-pass
user1878,sociallab-pass
user1879,sociallab-pass
user1880,sociallab-pass
user1881,sociallab-pass
user1882,sociallab-pass
user1883,sociallab-pass
user1884,sociallab-pass
user1885,sociallab-pass
user1886,sociallab-pass
user1887,sociallab-pass
user1888,sociallab-pass
user1889,sociallab-pass
user1890,sociallab-pass
user1891,sociallab-pass
user1892,sociallab-pass
user1893,sociallab-pass
user1894,sociallab-pass
user1895,sociallab-pass
user1896,sociallab-pass
user1897,sociallab-pass
user1898,sociallab-pass
user1899,sociallab-pass
user1900,sociallab-pass
user1901,sociallab-pass
user1902,sociallab-pass
user1903,sociallab-pass
user1904,sociallab-pass
user1905,sociallab-pass
user1906,sociallab-pass
user1907,sociallab-pass
user1908,sociallab-pass
user1909,sociallab-pass
user1910,sociallab-pass
user1911,sociallab-pass
user1912,sociallab-pass
user1913,sociallab-pass
user1914,sociallab-pass
user1915,sociallab-pass
user1916,sociallab-pass
user1917,sociallab-pass
user1918,sociallab-pass
user1919,sociallab-pass
user1920,sociallab-pass
user1921,sociallab-pass
user1922,sociallab-pass
user1923,sociallab-pass
user1924,sociallab-pass
user1925,sociallab-pass
user1926,sociallab-pass
user1927,sociallab-pass
user1928,sociallab-pass
user1929,sociallab-pass
user1930,sociallab-pass
user1931,sociallab-pass
user1932,sociallab-pass
user1933,sociallab-pass
user1934,sociallab-pass
user1935,sociallab-pass
user1936,sociallab-pass
user1937,sociallab-pass
user1938,sociallab-pass
user1939,sociallab-pass
user1940,sociallab-pass
user1941,sociallab-pass
user1942,sociallab-pass
user1943,sociallab-pass
user1944,sociallab-pass
user1945,sociallab-pass
user1946,sociallab-pass
user1947,sociallab-pass
user1948,sociallab-pass
user1949,sociallab-pass
user1950,sociallab-pass
user1951,sociallab-pass
user1952,sociallab-pass
user1953,sociallab-pass
user1954,sociallab-pass
user1955,sociallab-pass
user1956,sociallab-pass
user1957,sociallab-pass
user1958,sociallab-pass
user1959,sociallab-pass
user1960,sociallab-pass
user1961,sociallab-pass
user1962,sociallab-pass
user1963,sociallab-pass
user1964,sociallab-pass
user1965,sociallab-pass
user1966,sociallab-pass
user1967,sociallab-pass
user1968,sociallab-pass
user1969,sociallab-pass
user1970,sociallab-pass
user1971,sociallab-pass
user1972,sociallab-pass
user1973,sociallab-pass
user1974,sociallab-pass
user1975,sociallab-pass
user1976,sociallab-pass
user1977,sociallab-pass
user1978,sociallab-pass
user1979,sociallab-pass
user1980,sociallab-pass
user1981,sociallab-pass
user1982,sociallab-pass
user1983,sociallab-pass
user1984,sociallab-pass
user1985,sociallab-pass
user1986,sociallab-pass
user1987,sociallab-pass
user1988,sociallab-pass
user1989,sociallab-pass
user1990,sociallab-pass
user1991,sociallab-pass
user1992,sociallab-pass
user1993,sociallab-pass
user1994,sociallab-pass
user1995,sociallab-pass
user1996,sociallab-pass
user1997,sociallab-pass
user1998,sociallab-pass
user1999,sociallab-pass
user2000,sociallab-pass
user2001,sociallab-pass
user2002,sociallab-pass
user2003,sociallab-pass
user2004,sociallab-pass
user2005,sociallab-pass
user2006,sociallab-pass
user2007,sociallab-pass
user2008,sociallab-pass
user2009,sociallab-pass
user2010,sociallab-pass
user2011,sociallab-pass
user2012,sociallab-pass
user2013,sociallab-pass
user2014,sociallab-pass
user2015,sociallab-pass
user2016,sociallab-pass
user2017,sociallab-pass
user2018,sociallab-pass
user2019,sociallab-pass
user2020,sociallab-pass
