email,password,tenant
user01@acme.test,saaslab-pass,acme
user02@acme.test,saaslab-pass,acme
user03@acme.test,saaslab-pass,acme
user04@acme.test,saaslab-pass,acme
user05@acme.test,saaslab-pass,acme
user06@acme.test,saaslab-pass,acme
user07@acme.test,saaslab-pass,acme
user08@acme.test,saaslab-pass,acme
user09@acme.test,saaslab-pass,acme
user10@acme.test,saaslab-pass,acme
user11@acme.test,saaslab-pass,acme
user12@acme.test,saaslab-pass,acme
user13@acme.test,saaslab-pass,acme
user14@acme.test,saaslab-pass,acme
user15@acme.test,saaslab-pass,acme
user16@acme.test,saaslab-pass,acme
user17@acme.test,saaslab-pass,acme
user18@acme.test,saaslab-pass,acme
user19@acme.test,saaslab-pass,acme
user20@acme.test,saaslab-pass,acme
user21@acme.test,saaslab-pass,acme
user22@acme.test,saaslab-pass,acme
user23@acme.test,saaslab-pass,acme
user24@acme.test,saaslab-pass,acme
user25@acme.test,saaslab-pass,acme
user01@globex.test,saaslab-pass,globex
user02@globex.test,saaslab-pass,globex
user03@globex.test,saaslab-pass,globex
user04@globex.test,saaslab-pass,globex
user05@globex.test,saaslab-pass,globex
user06@globex.test,saaslab-pass,globex
user07@globex.test,saaslab-pass,globex
user08@globex.test,saaslab-pass,globex
user09@globex.test,saaslab-pass,globex
user10@globex.test,saaslab-pass,globex
user11@globex.test,saaslab-pass,globex
user12@globex.test,saaslab-pass,globex
user13@globex.test,saaslab-pass,globex
user14@globex.test,saaslab-pass,globex
user15@globex.test,saaslab-pass,globex
user16@globex.test,saaslab-pass,globex
user17@globex.test,saaslab-pass,globex
user18@globex.test,saaslab-pass,globex
user19@globex.test,saaslab-pass,globex
user20@globex.test,saaslab-pass,globex
user21@globex.test,saaslab-pass,globex
user22@globex.test,saaslab-pass,globex
user23@globex.test,saaslab-pass,globex
user24@globex.test,saaslab-pass,globex
user25@globex.test,saaslab-pass,globex
user01@initech.test,saaslab-pass,initech
user02@initech.test,saaslab-pass,initech
user03@initech.test,saaslab-pass,initech
user04@initech.test,saaslab-pass,initech
user05@initech.test,saaslab-pass,initech
user06@initech.test,saaslab-pass,initech
user07@initech.test,saaslab-pass,initech
user08@initech.test,saaslab-pass,initech
user09@initech.test,saaslab-pass,initech
user10@initech.test,saaslab-pass,initech
user11@initech.test,saaslab-pass,initech
user12@initech.test,saaslab-pass,initech
user13@initech.test,saaslab-pass,initech
user14@initech.test,saaslab-pass,initech
user15@initech.test,saaslab-pass,initech
user16@initech.test,saaslab-pass,initech
user17@initech.test,saaslab-pass,initech
user18@initech.test,saaslab-pass,initech
user19@initech.test,saaslab-pass,initech
user20@initech.test,saaslab-pass,initech
user21@initech.test,saaslab-pass,initech
user22@initech.test,saaslab-pass,initech
user23@initech.test,saaslab-pass,initech
user24@initech.test,saaslab-pass,initech
user25@initech.test,saaslab-pass,initech
user01@umbrella.test,saaslab-pass,umbrella
user02@umbrella.test,saaslab-pass,umbrella
user03@umbrella.test,saaslab-pass,umbrella
user04@umbrella.test,saaslab-pass,umbrella
user05@umbrella.test,saaslab-pass,umbrella
user06@umbrella.test,saaslab-pass,umbrella
user07@umbrella.test,saaslab-pass,umbrella
user08@umbrella.test,saaslab-pass,umbrella
user09@umbrella.test,saaslab-pass,umbrella
user10@umbrella.test,saaslab-pass,umbrella
user11@umbrella.test,saaslab-pass,umbrella
user12@umbrella.test,saaslab-pass,umbrella
user13@umbrella.test,saaslab-pass,umbrella
user14@umbrella.test,saaslab-pass,umbrella
user15@umbrella.test,saaslab-pass,umbrella
user16@umbrella.test,saaslab-pass,umbrella
user17@umbrella.test,saaslab-pass,umbrella
user18@umbrella.test,saaslab-pass,umbrella
user19@umbrella.test,saaslab-pass,umbrella
user20@umbrella.test,saaslab-pass,umbrella
user21@umbrella.test,saaslab-pass,umbrella
user22@umbrella.test,saaslab-pass,umbrella
user23@umbrella.test,saaslab-pass,umbrella
user24@umbrella.test,saaslab-pass,umbrella
user25@umbrella.test,saaslab-pass,umbrella
user01@hooli.test,saaslab-pass,hooli
user02@hooli.test,saaslab-pass,hooli
user03@hooli.test,saaslab-pass,hooli
user04@hooli.test,saaslab-pass,hooli
user05@hooli.test,saaslab-pass,hooli
user06@hooli.test,saaslab-pass,hooli
user07@hooli.test,saaslab-pass,hooli
user08@hooli.test,saaslab-pass,hooli
user09@hooli.test,saaslab-pass,hooli
user10@hooli.test,saaslab-pass,hooli
user11@hooli.test,saaslab-pass,hooli
user12@hooli.test,saaslab-pass,hooli
user13@hooli.test,saaslab-pass,hooli
user14@hooli.test,saaslab-pass,hooli
user15@hooli.test,saaslab-pass,hooli
user16@hooli.test,saaslab-pass,hooli
user17@hooli.test,saaslab-pass,hooli
user18@hooli.test,saaslab-pass,hooli
user19@hooli.test,saaslab-pass,hooli
user20@hooli.test,saaslab-pass,hooli
user21@hooli.test,saaslab-pass,hooli
user22@hooli.test,saaslab-pass,hooli
user23@hooli.test,saaslab-pass,hooli
user24@hooli.test,saaslab-pass,hooli
user25@hooli.test,saaslab-pass,hooli
user01@stark.test,saaslab-pass,stark
user02@stark.test,saaslab-pass,stark
user03@stark.test,saaslab-pass,stark
user04@stark.test,saaslab-pass,stark
user05@stark.test,saaslab-pass,stark
user06@stark.test,saaslab-pass,stark
user07@stark.test,saaslab-pass,stark
user08@stark.test,saaslab-pass,stark
user09@stark.test,saaslab-pass,stark
user10@stark.test,saaslab-pass,stark
user11@stark.test,saaslab-pass,stark
user12@stark.test,saaslab-pass,stark
user13@stark.test,saaslab-pass,stark
user14@stark.test,saaslab-pass,stark
user15@stark.test,saaslab-pass,stark
user16@stark.test,saaslab-pass,stark
user17@stark.test,saaslab-pass,stark
user18@stark.test,saaslab-pass,stark
user19@stark.test,saaslab-pass,stark
user20@stark.test,saaslab-pass,stark
user21@stark.test,saaslab-pass,stark
user22@stark.test,saaslab-pass,stark
user23@stark.test,saaslab-pass,stark
user24@stark.test,saaslab-pass,stark
user25@stark.test,saaslab-pass,stark
user01@wayne.test,saaslab-pass,wayne
user02@wayne.test,saaslab-pass,wayne
user03@wayne.test,saaslab-pass,wayne
user04@wayne.test,saaslab-pass,wayne
user05@wayne.test,saaslab-pass,wayne
user06@wayne.test,saaslab-pass,wayne
user07@wayne.test,saaslab-pass,wayne
user08@wayne.test,saaslab-pass,wayne
user09@wayne.test,saaslab-pass,wayne
user10@wayne.test,saaslab-pass,wayne
user11@wayne.test,saaslab-pass,wayne
user12@wayne.test,saaslab-pass,wayne
user13@wayne.test,saaslab-pass,wayne
user14@wayne.test,saaslab-pass,wayne
user15@wayne.test,saaslab-pass,wayne
user16@wayne.test,saaslab-pass,wayne
user17@wayne.test,saaslab-pass,wayne
user18@wayne.test,saaslab-pass,wayne
user19@wayne.test,saaslab-pass,wayne
user20@wayne.test,saaslab-pass,wayne
user21@wayne.test,saaslab-pass,wayne
user22@wayne.test,saaslab-pass,wayne
user23@wayne.test,saaslab-pass,wayne
user24@wayne.test,saaslab-pass,wayne
user25@wayne.test,saaslab-pass,wayne
user01@wonka.test,saaslab-pass,wonka
user02@wonka.test,saaslab-pass,wonka
user03@wonka.test,saaslab-pass,wonka
user04@wonka.test,saaslab-pass,wonka
user05@wonka.test,saaslab-pass,wonka
user06@wonka.test,saaslab-pass,wonka
user07@wonka.test,saaslab-pass,wonka
user08@wonka.test,saaslab-pass,wonka
user09@wonka.test,saaslab-pass,wonka
user10@wonka.test,saaslab-pass,wonka
user11@wonka.test,saaslab-pass,wonka
user12@wonka.test,saaslab-pass,wonka
user13@wonka.test,saaslab-pass,wonka
user14@wonka.test,saaslab-pass,wonka
user15@wonka.test,saaslab-pass,wonka
user16@wonka.test,saaslab-pass,wonka
user17@wonka.test,saaslab-pass,wonka
user18@wonka.test,saaslab-pass,wonka
user19@wonka.test,saaslab-pass,wonka
user20@wonka.test,saaslab-pass,wonka
user21@wonka.test,saaslab-pass,wonka
user22@wonka.test,saaslab-pass,wonka
user23@wonka.test,saaslab-pass,wonka
user24@wonka.test,saaslab-pass,wonka
user25@wonka.test,saaslab-pass,wonka
user01@tyrell.test,saaslab-pass,tyrell
user02@tyrell.test,saaslab-pass,tyrell
user03@tyrell.test,saaslab-pass,tyrell
user04@tyrell.test,saaslab-pass,tyrell
user05@tyrell.test,saaslab-pass,tyrell
user06@tyrell.test,saaslab-pass,tyrell
user07@tyrell.test,saaslab-pass,tyrell
user08@tyrell.test,saaslab-pass,tyrell
user09@tyrell.test,saaslab-pass,tyrell
user10@tyrell.test,saaslab-pass,tyrell
user11@tyrell.test,saaslab-pass,tyrell
user12@tyrell.test,saaslab-pass,tyrell
user13@tyrell.test,saaslab-pass,tyrell
user14@tyrell.test,saaslab-pass,tyrell
user15@tyrell.test,saaslab-pass,tyrell
user16@tyrell.test,saaslab-pass,tyrell
user17@tyrell.test,saaslab-pass,tyrell
user18@tyrell.test,saaslab-pass,tyrell
user19@tyrell.test,saaslab-pass,tyrell
user20@tyrell.test,saaslab-pass,tyrell
user21@tyrell.test,saaslab-pass,tyrell
user22@tyrell.test,saaslab-pass,tyrell
user23@tyrell.test,saaslab-pass,tyrell
user24@tyrell.test,saaslab-pass,tyrell
user25@tyrell.test,saaslab-pass,tyrell
user01@cyberdyne.test,saaslab-pass,cyberdyne
user02@cyberdyne.test,saaslab-pass,cyberdyne
user03@cyberdyne.test,saaslab-pass,cyberdyne
user04@cyberdyne.test,saaslab-pass,cyberdyne
user05@cyberdyne.test,saaslab-pass,cyberdyne
user06@cyberdyne.test,saaslab-pass,cyberdyne
user07@cyberdyne.test,saaslab-pass,cyberdyne
user08@cyberdyne.test,saaslab-pass,cyberdyne
user09@cyberdyne.test,saaslab-pass,cyberdyne
user10@cyberdyne.test,saaslab-pass,cyberdyne
user11@cyberdyne.test,saaslab-pass,cyberdyne
user12@cyberdyne.test,saaslab-pass,cyberdyne
user13@cyberdyne.test,saaslab-pass,cyberdyne
user14@cyberdyne.test,saaslab-pass,cyberdyne
user15@cyberdyne.test,saaslab-pass,cyberdyne
user16@cyberdyne.test,saaslab-pass,cyberdyne
user17@cyberdyne.test,saaslab-pass,cyberdyne
user18@cyberdyne.test,saaslab-pass,cyberdyne
user19@cyberdyne.test,saaslab-pass,cyberdyne
user20@cyberdyne.test,saaslab-pass,cyberdyne
user21@cyberdyne.test,saaslab-pass,cyberdyne
user22@cyberdyne.test,saaslab-pass,cyberdyne
user23@cyberdyne.test,saaslab-pass,cyberdyne
user24@cyberdyne.test,saaslab-pass,cyberdyne
user25@cyberdyne.test,saaslab-pass,cyberdyne
user01@soylent.test,saaslab-pass,soylent
user02@soylent.test,saaslab-pass,soylent
user03@soylent.test,saaslab-pass,soylent
user04@soylent.test,saaslab-pass,soylent
user05@soylent.test,saaslab-pass,soylent
user06@soylent.test,saaslab-pass,soylent
user07@soylent.test,saaslab-pass,soylent
user08@soylent.test,saaslab-pass,soylent
user09@soylent.test,saaslab-pass,soylent
user10@soylent.test,saaslab-pass,soylent
user11@soylent.test,saaslab-pass,soylent
user12@soylent.test,saaslab-pass,soylent
user13@soylent.test,saaslab-pass,soylent
user14@soylent.test,saaslab-pass,soylent
user15@soylent.test,saaslab-pass,soylent
user16@soylent.test,saaslab-pass,soylent
user17@soylent.test,saaslab-pass,soylent
user18@soylent.test,saaslab-pass,soylent
user19@soylent.test,saaslab-pass,soylent
user20@soylent.test,saaslab-pass,soylent
user21@soylent.test,saaslab-pass,soylent
user22@soylent.test,saaslab-pass,soylent
user23@soylent.test,saaslab-pass,soylent
user24@soylent.test,saaslab-pass,soylent
user25@soylent.test,saaslab-pass,soylent
user01@aperture.test,saaslab-pass,aperture
user02@aperture.test,saaslab-pass,aperture
user03@aperture.test,saaslab-pass,aperture
user04@aperture.test,saaslab-pass,aperture
user05@aperture.test,saaslab-pass,aperture
user06@aperture.test,saaslab-pass,aperture
user07@aperture.test,saaslab-pass,aperture
user08@aperture.test,saaslab-pass,aperture
user09@aperture.test,saaslab-pass,aperture
user10@aperture.test,saaslab-pass,aperture
user11@aperture.test,saaslab-pass,aperture
user12@aperture.test,saaslab-pass,aperture
user13@aperture.test,saaslab-pass,aperture
user14@aperture.test,saaslab-pass,aperture
user15@aperture.test,saaslab-pass,aperture
user16@aperture.test,saaslab-pass,aperture
user17@aperture.test,saaslab-pass,aperture
user18@aperture.test,saaslab-pass,aperture
user19@aperture.test,saaslab-pass,aperture
user20@aperture.test,saaslab-pass,aperture
user21@aperture.test,saaslab-pass,aperture
user22@aperture.test,saaslab-pass,aperture
user23@aperture.test,saaslab-pass,aperture
user24@aperture.test,saaslab-pass,aperture
user25@aperture.test,saaslab-pass,aperture
user01@monarch.test,saaslab-pass,monarch
user02@monarch.test,saaslab-pass,monarch
user03@monarch.test,saaslab-pass,monarch
user04@monarch.test,saaslab-pass,monarch
user05@monarch.test,saaslab-pass,monarch
user06@monarch.test,saaslab-pass,monarch
user07@monarch.test,saaslab-pass,monarch
user08@monarch.test,saaslab-pass,monarch
user09@monarch.test,saaslab-pass,monarch
user10@monarch.test,saaslab-pass,monarch
user11@monarch.test,saaslab-pass,monarch
user12@monarch.test,saaslab-pass,monarch
user13@monarch.test,saaslab-pass,monarch
user14@monarch.test,saaslab-pass,monarch
user15@monarch.test,saaslab-pass,monarch
user16@monarch.test,saaslab-pass,monarch
user17@monarch.test,saaslab-pass,monarch
user18@monarch.test,saaslab-pass,monarch
user19@monarch.test,saaslab-pass,monarch
user20@monarch.test,saaslab-pass,monarch
user21@monarch.test,saaslab-pass,monarch
user22@monarch.test,saaslab-pass,monarch
user23@monarch.test,saaslab-pass,monarch
user24@monarch.test,saaslab-pass,monarch
user25@monarch.test,saaslab-pass,monarch
user01@vandelay.test,saaslab-pass,vandelay
user02@vandelay.test,saaslab-pass,vandelay
user03@vandelay.test,saaslab-pass,vandelay
user04@vandelay.test,saaslab-pass,vandelay
user05@vandelay.test,saaslab-pass,vandelay
user06@vandelay.test,saaslab-pass,vandelay
user07@vandelay.test,saaslab-pass,vandelay
user08@vandelay.test,saaslab-pass,vandelay
user09@vandelay.test,saaslab-pass,vandelay
user10@vandelay.test,saaslab-pass,vandelay
user11@vandelay.test,saaslab-pass,vandelay
user12@vandelay.test,saaslab-pass,vandelay
user13@vandelay.test,saaslab-pass,vandelay
user14@vandelay.test,saaslab-pass,vandelay
user15@vandelay.test,saaslab-pass,vandelay
user16@vandelay.test,saaslab-pass,vandelay
user17@vandelay.test,saaslab-pass,vandelay
user18@vandelay.test,saaslab-pass,vandelay
user19@vandelay.test,saaslab-pass,vandelay
user20@vandelay.test,saaslab-pass,vandelay
user21@vandelay.test,saaslab-pass,vandelay
user22@vandelay.test,saaslab-pass,vandelay
user23@vandelay.test,saaslab-pass,vandelay
user24@vandelay.test,saaslab-pass,vandelay
user25@vandelay.test,saaslab-pass,vandelay
user01@dunder.test,saaslab-pass,dunder
user02@dunder.test,saaslab-pass,dunder
user03@dunder.test,saaslab-pass,dunder
user04@dunder.test,saaslab-pass,dunder
user05@dunder.test,saaslab-pass,dunder
user06@dunder.test,saaslab-pass,dunder
user07@dunder.test,saaslab-pass,dunder
user08@dunder.test,saaslab-pass,dunder
user09@dunder.test,saaslab-pass,dunder
user10@dunder.test,saaslab-pass,dunder
user11@dunder.test,saaslab-pass,dunder
user12@dunder.test,saaslab-pass,dunder
user13@dunder.test,saaslab-pass,dunder
user14@dunder.test,saaslab-pass,dunder
user15@dunder.test,saaslab-pass,dunder
user16@dunder.test,saaslab-pass,dunder
user17@dunder.test,saaslab-pass,dunder
user18@dunder.test,saaslab-pass,dunder
user19@dunder.test,saaslab-pass,dunder
user20@dunder.test,saaslab-pass,dunder
user21@dunder.test,saaslab-pass,dunder
user22@dunder.test,saaslab-pass,dunder
user23@dunder.test,saaslab-pass,dunder
user24@dunder.test,saaslab-pass,dunder
user25@dunder.test,saaslab-pass,dunder
user01@pied-piper.test,saaslab-pass,pied-piper
user02@pied-piper.test,saaslab-pass,pied-piper
user03@pied-piper.test,saaslab-pass,pied-piper
user04@pied-piper.test,saaslab-pass,pied-piper
user05@pied-piper.test,saaslab-pass,pied-piper
user06@pied-piper.test,saaslab-pass,pied-piper
user07@pied-piper.test,saaslab-pass,pied-piper
user08@pied-piper.test,saaslab-pass,pied-piper
user09@pied-piper.test,saaslab-pass,pied-piper
user10@pied-piper.test,saaslab-pass,pied-piper
user11@pied-piper.test,saaslab-pass,pied-piper
user12@pied-piper.test,saaslab-pass,pied-piper
user13@pied-piper.test,saaslab-pass,pied-piper
user14@pied-piper.test,saaslab-pass,pied-piper
user15@pied-piper.test,saaslab-pass,pied-piper
user16@pied-piper.test,saaslab-pass,pied-piper
user17@pied-piper.test,saaslab-pass,pied-piper
user18@pied-piper.test,saaslab-pass,pied-piper
user19@pied-piper.test,saaslab-pass,pied-piper
user20@pied-piper.test,saaslab-pass,pied-piper
user21@pied-piper.test,saaslab-pass,pied-piper
user22@pied-piper.test,saaslab-pass,pied-piper
user23@pied-piper.test,saaslab-pass,pied-piper
user24@pied-piper.test,saaslab-pass,pied-piper
user25@pied-piper.test,saaslab-pass,pied-piper
user01@gringotts.test,saaslab-pass,gringotts
user02@gringotts.test,saaslab-pass,gringotts
user03@gringotts.test,saaslab-pass,gringotts
user04@gringotts.test,saaslab-pass,gringotts
user05@gringotts.test,saaslab-pass,gringotts
user06@gringotts.test,saaslab-pass,gringotts
user07@gringotts.test,saaslab-pass,gringotts
user08@gringotts.test,saaslab-pass,gringotts
user09@gringotts.test,saaslab-pass,gringotts
user10@gringotts.test,saaslab-pass,gringotts
user11@gringotts.test,saaslab-pass,gringotts
user12@gringotts.test,saaslab-pass,gringotts
user13@gringotts.test,saaslab-pass,gringotts
user14@gringotts.test,saaslab-pass,gringotts
user15@gringotts.test,saaslab-pass,gringotts
user16@gringotts.test,saaslab-pass,gringotts
user17@gringotts.test,saaslab-pass,gringotts
user18@gringotts.test,saaslab-pass,gringotts
user19@gringotts.test,saaslab-pass,gringotts
user20@gringotts.test,saaslab-pass,gringotts
user21@gringotts.test,saaslab-pass,gringotts
user22@gringotts.test,saaslab-pass,gringotts
user23@gringotts.test,saaslab-pass,gringotts
user24@gringotts.test,saaslab-pass,gringotts
user25@gringotts.test,saaslab-pass,gringotts
user01@oscorp.test,saaslab-pass,oscorp
user02@oscorp.test,saaslab-pass,oscorp
user03@oscorp.test,saaslab-pass,oscorp
user04@oscorp.test,saaslab-pass,oscorp
user05@oscorp.test,saaslab-pass,oscorp
user06@oscorp.test,saaslab-pass,oscorp
user07@oscorp.test,saaslab-pass,oscorp
user08@oscorp.test,saaslab-pass,oscorp
user09@oscorp.test,saaslab-pass,oscorp
user10@oscorp.test,saaslab-pass,oscorp
user11@oscorp.test,saaslab-pass,oscorp
user12@oscorp.test,saaslab-pass,oscorp
user13@oscorp.test,saaslab-pass,oscorp
user14@oscorp.test,saaslab-pass,oscorp
user15@oscorp.test,saaslab-pass,oscorp
user16@oscorp.test,saaslab-pass,oscorp
user17@oscorp.test,saaslab-pass,oscorp
user18@oscorp.test,saaslab-pass,oscorp
user19@oscorp.test,saaslab-pass,oscorp
user20@oscorp.test,saaslab-pass,oscorp
user21@oscorp.test,saaslab-pass,oscorp
user22@oscorp.test,saaslab-pass,oscorp
user23@oscorp.test,saaslab-pass,oscorp
user24@oscorp.test,saaslab-pass,oscorp
user25@oscorp.test,saaslab-pass,oscorp
user01@krusty.test,saaslab-pass,krusty
user02@krusty.test,saaslab-pass,krusty
user03@krusty.test,saaslab-pass,krusty
user04@krusty.test,saaslab-pass,krusty
user05@krusty.test,saaslab-pass,krusty
user06@krusty.test,saaslab-pass,krusty
user07@krusty.test,saaslab-pass,krusty
user08@krusty.test,saaslab-pass,krusty
user09@krusty.test,saaslab-pass,krusty
user10@krusty.test,saaslab-pass,krusty
user11@krusty.test,saaslab-pass,krusty
user12@krusty.test,saaslab-pass,krusty
user13@krusty.test,saaslab-pass,krusty
user14@krusty.test,saaslab-pass,krusty
user15@krusty.test,saaslab-pass,krusty
user16@krusty.test,saaslab-pass,krusty
user17@krusty.test,saaslab-pass,krusty
user18@krusty.test,saaslab-pass,krusty
user19@krusty.test,saaslab-pass,krusty
user20@krusty.test,saaslab-pass,krusty
user21@krusty.test,saaslab-pass,krusty
user22@krusty.test,saaslab-pass,krusty
user23@krusty.test,saaslab-pass,krusty
user24@krusty.test,saaslab-pass,krusty
user25@krusty.test,saaslab-pass,krusty
