studentId,password
s00001,examlab-pass
s00002,examlab-pass
s00003,examlab-pass
s00004,examlab-pass
s00005,examlab-pass
s00006,examlab-pass
s00007,examlab-pass
s00008,examlab-pass
s00009,examlab-pass
s00010,examlab-pass
s00011,examlab-pass
s00012,examlab-pass
s00013,examlab-pass
s00014,examlab-pass
s00015,examlab-pass
s00016,examlab-pass
s00017,examlab-pass
s00018,examlab-pass
s00019,examlab-pass
s00020,examlab-pass
s00021,examlab-pass
s00022,examlab-pass
s00023,examlab-pass
s00024,examlab-pass
s00025,examlab-pass
s00026,examlab-pass
s00027,examlab-pass
s00028,examlab-pass
s00029,examlab-pass
s00030,examlab-pass
s00031,examlab-pass
s00032,examlab-pass
s00033,examlab-pass
s00034,examlab-pass
s00035,examlab-pass
s00036,examlab-pass
s00037,examlab-pass
s00038,examlab-pass
s00039,examlab-pass
s00040,examlab-pass
s00041,examlab-pass
s00042,examlab-pass
s00043,examlab-pass
s00044,examlab-pass
s00045,examlab-pass
s00046,examlab-pass
s00047,examlab-pass
s00048,examlab-pass
s00049,examlab-pass
s00050,examlab-pass
s00051,examlab-pass
s00052,examlab-pass
s00053,examlab-pass
s00054,examlab-pass
s00055,examlab-pass
s00056,examlab-pass
s00057,examlab-pass
s00058,examlab-pass
s00059,examlab-pass
s00060,examlab-pass
s00061,examlab-pass
s00062,examlab-pass
s00063,examlab-pass
s00064,examlab-pass
s00065,examlab-pass
s00066,examlab-pass
s00067,examlab-pass
s00068,examlab-pass
s00069,examlab-pass
s00070,examlab-pass
s00071,examlab-pass
s00072,examlab-pass
s00073,examlab-pass
s00074,examlab-pass
s00075,examlab-pass
s00076,examlab-pass
s00077,examlab-pass
s00078,examlab-pass
s00079,examlab-pass
s00080,examlab-pass
s00081,examlab-pass
s00082,examlab-pass
s00083,examlab-pass
s00084,examlab-pass
s00085,examlab-pass
s00086,examlab-pass
s00087,examlab-pass
s00088,examlab-pass
s00089,examlab-pass
s00090,examlab-pass
s00091,examlab-pass
s00092,examlab-pass
s00093,examlab-pass
s00094,examlab-pass
s00095,examlab-pass
s00096,examlab-pass
s00097,examlab-pass
s00098,examlab-pass
s00099,examlab-pass
s00100,examlab-pass
s00101,examlab-pass
s00102,examlab-pass
s00103,examlab-pass
s00104,examlab-pass
s00105,examlab-pass
s00106,examlab-pass
s00107,examlab-pass
s00108,examlab-pass
s00109,examlab-pass
s00110,examlab-pass
s00111,examlab-pass
s00112,examlab-pass
s00113,examlab-pass
s00114,examlab-pass
s00115,examlab-pass
s00116,examlab-pass
s00117,examlab-pass
s00118,examlab-pass
s00119,examlab-pass
s00120,examlab-pass
s00121,examlab-pass
s00122,examlab-pass
s00123,examlab-pass
s00124,examlab-pass
s00125,examlab-pass
s00126,examlab-pass
s00127,examlab-pass
s00128,examlab-pass
s00129,examlab-pass
s00130,examlab-pass
s00131,examlab-pass
s00132,examlab-pass
s00133,examlab-pass
s00134,examlab-pass
s00135,examlab-pass
s00136,examlab-pass
s00137,examlab-pass
s00138,examlab-pass
s00139,examlab-pass
s00140,examlab-pass
s00141,examlab-pass
s00142,examlab-pass
s00143,examlab-pass
s00144,examlab-pass
s00145,examlab-pass
s00146,examlab-pass
s00147,examlab-pass
s00148,examlab-pass
s00149,examlab-pass
s00150,examlab-pass
s00151,examlab-pass
s00152,examlab-pass
s00153,examlab-pass
s00154,examlab-pass
s00155,examlab-pass
s00156,examlab-pass
s00157,examlab-pass
s00158,examlab-pass
s00159,examlab-pass
s00160,examlab-pass
s00161,examlab-pass
s00162,examlab-pass
s00163,examlab-pass
s00164,examlab-pass
s00165,examlab-pass
s00166,examlab-pass
s00167,examlab-pass
s00168,examlab-pass
s00169,examlab-pass
s00170,examlab-pass
s00171,examlab-pass
s00172,examlab-pass
s00173,examlab-pass
s00174,examlab-pass
s00175,examlab-pass
s00176,examlab-pass
s00177,examlab-pass
s00178,examlab-pass
s00179,examlab-pass
s00180,examlab-pass
s00181,examlab-pass
s00182,examlab-pass
s00183,examlab-pass
s00184,examlab-pass
s00185,examlab-pass
s00186,examlab-pass
s00187,examlab-pass
s00188,examlab-pass
s00189,examlab-pass
s00190,examlab-pass
s00191,examlab-pass
s00192,examlab-pass
s00193,examlab-pass
s00194,examlab-pass
s00195,examlab-pass
s00196,examlab-pass
s00197,examlab-pass
s00198,examlab-pass
s00199,examlab-pass
s00200,examlab-pass
s00201,examlab-pass
s00202,examlab-pass
s00203,examlab-pass
s00204,examlab-pass
s00205,examlab-pass
s00206,examlab-pass
s00207,examlab-pass
s00208,examlab-pass
s00209,examlab-pass
s00210,examlab-pass
s00211,examlab-pass
s00212,examlab-pass
s00213,examlab-pass
s00214,examlab-pass
s00215,examlab-pass
s00216,examlab-pass
s00217,examlab-pass
s00218,examlab-pass
s00219,examlab-pass
s00220,examlab-pass
s00221,examlab-pass
s00222,examlab-pass
s00223,examlab-pass
s00224,examlab-pass
s00225,examlab-pass
s00226,examlab-pass
s00227,examlab-pass
s00228,examlab-pass
s00229,examlab-pass
s00230,examlab-pass
s00231,examlab-pass
s00232,examlab-pass
s00233,examlab-pass
s00234,examlab-pass
s00235,examlab-pass
s00236,examlab-pass
s00237,examlab-pass
s00238,examlab-pass
s00239,examlab-pass
s00240,examlab-pass
s00241,examlab-pass
s00242,examlab-pass
s00243,examlab-pass
s00244,examlab-pass
s00245,examlab-pass
s00246,examlab-pass
s00247,examlab-pass
s00248,examlab-pass
s00249,examlab-pass
s00250,examlab-pass
s00251,examlab-pass
s00252,examlab-pass
s00253,examlab-pass
s00254,examlab-pass
s00255,examlab-pass
s00256,examlab-pass
s00257,examlab-pass
s00258,examlab-pass
s00259,examlab-pass
s00260,examlab-pass
s00261,examlab-pass
s00262,examlab-pass
s00263,examlab-pass
s00264,examlab-pass
s00265,examlab-pass
s00266,examlab-pass
s00267,examlab-pass
s00268,examlab-pass
s00269,examlab-pass
s00270,examlab-pass
s00271,examlab-pass
s00272,examlab-pass
s00273,examlab-pass
s00274,examlab-pass
s00275,examlab-pass
s00276,examlab-pass
s00277,examlab-pass
s00278,examlab-pass
s00279,examlab-pass
s00280,examlab-pass
s00281,examlab-pass
s00282,examlab-pass
s00283,examlab-pass
s00284,examlab-pass
s00285,examlab-pass
s00286,examlab-pass
s00287,examlab-pass
s00288,examlab-pass
s00289,examlab-pass
s00290,examlab-pass
s00291,examlab-pass
s00292,examlab-pass
s00293,examlab-pass
s00294,examlab-pass
s00295,examlab-pass
s00296,examlab-pass
s00297,examlab-pass
s00298,examlab-pass
s00299,examlab-pass
s00300,examlab-pass
s00301,examlab-pass
s00302,examlab-pass
s00303,examlab-pass
s00304,examlab-pass
s00305,examlab-pass
s00306,examlab-pass
s00307,examlab-pass
s00308,examlab-pass
s00309,examlab-pass
s00310,examlab-pass
s00311,examlab-pass
s00312,examlab-pass
s00313,examlab-pass
s00314,examlab-pass
s00315,examlab-pass
s00316,examlab-pass
s00317,examlab-pass
s00318,examlab-pass
s00319,examlab-pass
s00320,examlab-pass
s00321,examlab-pass
s00322,examlab-pass
s00323,examlab-pass
s00324,examlab-pass
s00325,examlab-pass
s00326,examlab-pass
s00327,examlab-pass
s00328,examlab-pass
s00329,examlab-pass
s00330,examlab-pass
s00331,examlab-pass
s00332,examlab-pass
s00333,examlab-pass
s00334,examlab-pass
s00335,examlab-pass
s00336,examlab-pass
s00337,examlab-pass
s00338,examlab-pass
s00339,examlab-pass
s00340,examlab-pass
s00341,examlab-pass
s00342,examlab-pass
s00343,examlab-pass
s00344,examlab-pass
s00345,examlab-pass
s00346,examlab-pass
s00347,examlab-pass
s00348,examlab-pass
s00349,examlab-pass
s00350,examlab-pass
s00351,examlab-pass
s00352,examlab-pass
s00353,examlab-pass
s00354,examlab-pass
s00355,examlab-pass
s00356,examlab-pass
s00357,examlab-pass
s00358,examlab-pass
s00359,examlab-pass
s00360,examlab-pass
s00361,examlab-pass
s00362,examlab-pass
s00363,examlab-pass
s00364,examlab-pass
s00365,examlab-pass
s00366,examlab-pass
s00367,examlab-pass
s00368,examlab-pass
s00369,examlab-pass
s00370,examlab-pass
s00371,examlab-pass
s00372,examlab-pass
s00373,examlab-pass
s00374,examlab-pass
s00375,examlab-pass
s00376,examlab-pass
s00377,examlab-pass
s00378,examlab-pass
s00379,examlab-pass
s00380,examlab-pass
s00381,examlab-pass
s00382,examlab-pass
s00383,examlab-pass
s00384,examlab-pass
s00385,examlab-pass
s00386,examlab-pass
s00387,examlab-pass
s00388,examlab-pass
s00389,examlab-pass
s00390,examlab-pass
s00391,examlab-pass
s00392,examlab-pass
s00393,examlab-pass
s00394,examlab-pass
s00395,examlab-pass
s00396,examlab-pass
s00397,examlab-pass
s00398,examlab-pass
s00399,examlab-pass
s00400,examlab-pass
s00401,examlab-pass
s00402,examlab-pass
s00403,examlab-pass
s00404,examlab-pass
s00405,examlab-pass
s00406,examlab-pass
s00407,examlab-pass
s00408,examlab-pass
s00409,examlab-pass
s00410,examlab-pass
s00411,examlab-pass
s00412,examlab-pass
s00413,examlab-pass
s00414,examlab-pass
s00415,examlab-pass
s00416,examlab-pass
s00417,examlab-pass
s00418,examlab-pass
s00419,examlab-pass
s00420,examlab-pass
s00421,examlab-pass
s00422,examlab-pass
s00423,examlab-pass
s00424,examlab-pass
s00425,examlab-pass
s00426,examlab-pass
s00427,examlab-pass
s00428,examlab-pass
s00429,examlab-pass
s00430,examlab-pass
s00431,examlab-pass
s00432,examlab-pass
s00433,examlab-pass
s00434,examlab-pass
s00435,examlab-pass
s00436,examlab-pass
s00437,examlab-pass
s00438,examlab-pass
s00439,examlab-pass
s00440,examlab-pass
s00441,examlab-pass
s00442,examlab-pass
s00443,examlab-pass
s00444,examlab-pass
s00445,examlab-pass
s00446,examlab-pass
s00447,examlab-pass
s00448,examlab-pass
s00449,examlab-pass
s00450,examlab-pass
s00451,examlab-pass
s00452,examlab-pass
s00453,examlab-pass
s00454,examlab-pass
s00455,examlab-pass
s00456,examlab-pass
s00457,examlab-pass
s00458,examlab-pass
s00459,examlab-pass
s00460,examlab-pass
s00461,examlab-pass
s00462,examlab-pass
s00463,examlab-pass
s00464,examlab-pass
s00465,examlab-pass
s00466,examlab-pass
s00467,examlab-pass
s00468,examlab-pass
s00469,examlab-pass
s00470,examlab-pass
s00471,examlab-pass
s00472,examlab-pass
s00473,examlab-pass
s00474,examlab-pass
s00475,examlab-pass
s00476,examlab-pass
s00477,examlab-pass
s00478,examlab-pass
s00479,examlab-pass
s00480,examlab-pass
s00481,examlab-pass
s00482,examlab-pass
s00483,examlab-pass
s00484,examlab-pass
s00485,examlab-pass
s00486,examlab-pass
s00487,examlab-pass
s00488,examlab-pass
s00489,examlab-pass
s00490,examlab-pass
s00491,examlab-pass
s00492,examlab-pass
s00493,examlab-pass
s00494,examlab-pass
s00495,examlab-pass
s00496,examlab-pass
s00497,examlab-pass
s00498,examlab-pass
s00499,examlab-pass
s00500,examlab-pass
s00501,examlab-pass
s00502,examlab-pass
s00503,examlab-pass
s00504,examlab-pass
s00505,examlab-pass
s00506,examlab-pass
s00507,examlab-pass
s00508,examlab-pass
s00509,examlab-pass
s00510,examlab-pass
s00511,examlab-pass
s00512,examlab-pass
s00513,examlab-pass
s00514,examlab-pass
s00515,examlab-pass
s00516,examlab-pass
s00517,examlab-pass
s00518,examlab-pass
s00519,examlab-pass
s00520,examlab-pass
s00521,examlab-pass
s00522,examlab-pass
s00523,examlab-pass
s00524,examlab-pass
s00525,examlab-pass
s00526,examlab-pass
s00527,examlab-pass
s00528,examlab-pass
s00529,examlab-pass
s00530,examlab-pass
s00531,examlab-pass
s00532,examlab-pass
s00533,examlab-pass
s00534,examlab-pass
s00535,examlab-pass
s00536,examlab-pass
s00537,examlab-pass
s00538,examlab-pass
s00539,examlab-pass
s00540,examlab-pass
s00541,examlab-pass
s00542,examlab-pass
s00543,examlab-pass
s00544,examlab-pass
s00545,examlab-pass
s00546,examlab-pass
s00547,examlab-pass
s00548,examlab-pass
s00549,examlab-pass
s00550,examlab-pass
s00551,examlab-pass
s00552,examlab-pass
s00553,examlab-pass
s00554,examlab-pass
s00555,examlab-pass
s00556,examlab-pass
s00557,examlab-pass
s00558,examlab-pass
s00559,examlab-pass
s00560,examlab-pass
s00561,examlab-pass
s00562,examlab-pass
s00563,examlab-pass
s00564,examlab-pass
s00565,examlab-pass
s00566,examlab-pass
s00567,examlab-pass
s00568,examlab-pass
s00569,examlab-pass
s00570,examlab-pass
s00571,examlab-pass
s00572,examlab-pass
s00573,examlab-pass
s00574,examlab-pass
s00575,examlab-pass
s00576,examlab-pass
s00577,examlab-pass
s00578,examlab-pass
s00579,examlab-pass
s00580,examlab-pass
s00581,examlab-pass
s00582,examlab-pass
s00583,examlab-pass
s00584,examlab-pass
s00585,examlab-pass
s00586,examlab-pass
s00587,examlab-pass
s00588,examlab-pass
s00589,examlab-pass
s00590,examlab-pass
s00591,examlab-pass
s00592,examlab-pass
s00593,examlab-pass
s00594,examlab-pass
s00595,examlab-pass
s00596,examlab-pass
s00597,examlab-pass
s00598,examlab-pass
s00599,examlab-pass
s00600,examlab-pass
s00601,examlab-pass
s00602,examlab-pass
s00603,examlab-pass
s00604,examlab-pass
s00605,examlab-pass
s00606,examlab-pass
s00607,examlab-pass
s00608,examlab-pass
s00609,examlab-pass
s00610,examlab-pass
s00611,examlab-pass
s00612,examlab-pass
s00613,examlab-pass
s00614,examlab-pass
s00615,examlab-pass
s00616,examlab-pass
s00617,examlab-pass
s00618,examlab-pass
s00619,examlab-pass
s00620,examlab-pass
s00621,examlab-pass
s00622,examlab-pass
s00623,examlab-pass
s00624,examlab-pass
s00625,examlab-pass
s00626,examlab-pass
s00627,examlab-pass
s00628,examlab-pass
s00629,examlab-pass
s00630,examlab-pass
s00631,examlab-pass
s00632,examlab-pass
s00633,examlab-pass
s00634,examlab-pass
s00635,examlab-pass
s00636,examlab-pass
s00637,examlab-pass
s00638,examlab-pass
s00639,examlab-pass
s00640,examlab-pass
s00641,examlab-pass
s00642,examlab-pass
s00643,examlab-pass
s00644,examlab-pass
s00645,examlab-pass
s00646,examlab-pass
s00647,examlab-pass
s00648,examlab-pass
s00649,examlab-pass
s00650,examlab-pass
s00651,examlab-pass
s00652,examlab-pass
s00653,examlab-pass
s00654,examlab-pass
s00655,examlab-pass
s00656,examlab-pass
s00657,examlab-pass
s00658,examlab-pass
s00659,examlab-pass
s00660,examlab-pass
s00661,examlab-pass
s00662,examlab-pass
s00663,examlab-pass
s00664,examlab-pass
s00665,examlab-pass
s00666,examlab-pass
s00667,examlab-pass
s00668,examlab-pass
s00669,examlab-pass
s00670,examlab-pass
s00671,examlab-pass
s00672,examlab-pass
s00673,examlab-pass
s00674,examlab-pass
s00675,examlab-pass
s00676,examlab-pass
s00677,examlab-pass
s00678,examlab-pass
s00679,examlab-pass
s00680,examlab-pass
s00681,examlab-pass
s00682,examlab-pass
s00683,examlab-pass
s00684,examlab-pass
s00685,examlab-pass
s00686,examlab-pass
s00687,examlab-pass
s00688,examlab-pass
s00689,examlab-pass
s00690,examlab-pass
s00691,examlab-pass
s00692,examlab-pass
s00693,examlab-pass
s00694,examlab-pass
s00695,examlab-pass
s00696,examlab-pass
s00697,examlab-pass
s00698,examlab-pass
s00699,examlab-pass
s00700,examlab-pass
s00701,examlab-pass
s00702,examlab-pass
s00703,examlab-pass
s00704,examlab-pass
s00705,examlab-pass
s00706,examlab-pass
s00707,examlab-pass
s00708,examlab-pass
s00709,examlab-pass
s00710,examlab-pass
s00711,examlab-pass
s00712,examlab-pass
s00713,examlab-pass
s00714,examlab-pass
s00715,examlab-pass
s00716,examlab-pass
s00717,examlab-pass
s00718,examlab-pass
s00719,examlab-pass
s00720,examlab-pass
s00721,examlab-pass
s00722,examlab-pass
s00723,examlab-pass
s00724,examlab-pass
s00725,examlab-pass
s00726,examlab-pass
s00727,examlab-pass
s00728,examlab-pass
s00729,examlab-pass
s00730,examlab-pass
s00731,examlab-pass
s00732,examlab-pass
s00733,examlab-pass
s00734,examlab-pass
s00735,examlab-pass
s00736,examlab-pass
s00737,examlab-pass
s00738,examlab-pass
s00739,examlab-pass
s00740,examlab-pass
s00741,examlab-pass
s00742,examlab-pass
s00743,examlab-pass
s00744,examlab-pass
s00745,examlab-pass
s00746,examlab-pass
s00747,examlab-pass
s00748,examlab-pass
s00749,examlab-pass
s00750,examlab-pass
s00751,examlab-pass
s00752,examlab-pass
s00753,examlab-pass
s00754,examlab-pass
s00755,examlab-pass
s00756,examlab-pass
s00757,examlab-pass
s00758,examlab-pass
s00759,examlab-pass
s00760,examlab-pass
s00761,examlab-pass
s00762,examlab-pass
s00763,examlab-pass
s00764,examlab-pass
s00765,examlab-pass
s00766,examlab-pass
s00767,examlab-pass
s00768,examlab-pass
s00769,examlab-pass
s00770,examlab-pass
s00771,examlab-pass
s00772,examlab-pass
s00773,examlab-pass
s00774,examlab-pass
s00775,examlab-pass
s00776,examlab-pass
s00777,examlab-pass
s00778,examlab-pass
s00779,examlab-pass
s00780,examlab-pass
s00781,examlab-pass
s00782,examlab-pass
s00783,examlab-pass
s00784,examlab-pass
s00785,examlab-pass
s00786,examlab-pass
s00787,examlab-pass
s00788,examlab-pass
s00789,examlab-pass
s00790,examlab-pass
s00791,examlab-pass
s00792,examlab-pass
s00793,examlab-pass
s00794,examlab-pass
s00795,examlab-pass
s00796,examlab-pass
s00797,examlab-pass
s00798,examlab-pass
s00799,examlab-pass
s00800,examlab-pass
s00801,examlab-pass
s00802,examlab-pass
s00803,examlab-pass
s00804,examlab-pass
s00805,examlab-pass
s00806,examlab-pass
s00807,examlab-pass
s00808,examlab-pass
s00809,examlab-pass
s00810,examlab-pass
s00811,examlab-pass
s00812,examlab-pass
s00813,examlab-pass
s00814,examlab-pass
s00815,examlab-pass
s00816,examlab-pass
s00817,examlab-pass
s00818,examlab-pass
s00819,examlab-pass
s00820,examlab-pass
s00821,examlab-pass
s00822,examlab-pass
s00823,examlab-pass
s00824,examlab-pass
s00825,examlab-pass
s00826,examlab-pass
s00827,examlab-pass
s00828,examlab-pass
s00829,examlab-pass
s00830,examlab-pass
s00831,examlab-pass
s00832,examlab-pass
s00833,examlab-pass
s00834,examlab-pass
s00835,examlab-pass
s00836,examlab-pass
s00837,examlab-pass
s00838,examlab-pass
s00839,examlab-pass
s00840,examlab-pass
s00841,examlab-pass
s00842,examlab-pass
s00843,examlab-pass
s00844,examlab-pass
s00845,examlab-pass
s00846,examlab-pass
s00847,examlab-pass
s00848,examlab-pass
s00849,examlab-pass
s00850,examlab-pass
s00851,examlab-pass
s00852,examlab-pass
s00853,examlab-pass
s00854,examlab-pass
s00855,examlab-pass
s00856,examlab-pass
s00857,examlab-pass
s00858,examlab-pass
s00859,examlab-pass
s00860,examlab-pass
s00861,examlab-pass
s00862,examlab-pass
s00863,examlab-pass
s00864,examlab-pass
s00865,examlab-pass
s00866,examlab-pass
s00867,examlab-pass
s00868,examlab-pass
s00869,examlab-pass
s00870,examlab-pass
s00871,examlab-pass
s00872,examlab-pass
s00873,examlab-pass
s00874,examlab-pass
s00875,examlab-pass
s00876,examlab-pass
s00877,examlab-pass
s00878,examlab-pass
s00879,examlab-pass
s00880,examlab-pass
s00881,examlab-pass
s00882,examlab-pass
s00883,examlab-pass
s00884,examlab-pass
s00885,examlab-pass
s00886,examlab-pass
s00887,examlab-pass
s00888,examlab-pass
s00889,examlab-pass
s00890,examlab-pass
s00891,examlab-pass
s00892,examlab-pass
s00893,examlab-pass
s00894,examlab-pass
s00895,examlab-pass
s00896,examlab-pass
s00897,examlab-pass
s00898,examlab-pass
s00899,examlab-pass
s00900,examlab-pass
s00901,examlab-pass
s00902,examlab-pass
s00903,examlab-pass
s00904,examlab-pass
s00905,examlab-pass
s00906,examlab-pass
s00907,examlab-pass
s00908,examlab-pass
s00909,examlab-pass
s00910,examlab-pass
s00911,examlab-pass
s00912,examlab-pass
s00913,examlab-pass
s00914,examlab-pass
s00915,examlab-pass
s00916,examlab-pass
s00917,examlab-pass
s00918,examlab-pass
s00919,examlab-pass
s00920,examlab-pass
s00921,examlab-pass
s00922,examlab-pass
s00923,examlab-pass
s00924,examlab-pass
s00925,examlab-pass
s00926,examlab-pass
s00927,examlab-pass
s00928,examlab-pass
s00929,examlab-pass
s00930,examlab-pass
s00931,examlab-pass
s00932,examlab-pass
s00933,examlab-pass
s00934,examlab-pass
s00935,examlab-pass
s00936,examlab-pass
s00937,examlab-pass
s00938,examlab-pass
s00939,examlab-pass
s00940,examlab-pass
s00941,examlab-pass
s00942,examlab-pass
s00943,examlab-pass
s00944,examlab-pass
s00945,examlab-pass
s00946,examlab-pass
s00947,examlab-pass
s00948,examlab-pass
s00949,examlab-pass
s00950,examlab-pass
s00951,examlab-pass
s00952,examlab-pass
s00953,examlab-pass
s00954,examlab-pass
s00955,examlab-pass
s00956,examlab-pass
s00957,examlab-pass
s00958,examlab-pass
s00959,examlab-pass
s00960,examlab-pass
s00961,examlab-pass
s00962,examlab-pass
s00963,examlab-pass
s00964,examlab-pass
s00965,examlab-pass
s00966,examlab-pass
s00967,examlab-pass
s00968,examlab-pass
s00969,examlab-pass
s00970,examlab-pass
s00971,examlab-pass
s00972,examlab-pass
s00973,examlab-pass
s00974,examlab-pass
s00975,examlab-pass
s00976,examlab-pass
s00977,examlab-pass
s00978,examlab-pass
s00979,examlab-pass
s00980,examlab-pass
s00981,examlab-pass
s00982,examlab-pass
s00983,examlab-pass
s00984,examlab-pass
s00985,examlab-pass
s00986,examlab-pass
s00987,examlab-pass
s00988,examlab-pass
s00989,examlab-pass
s00990,examlab-pass
s00991,examlab-pass
s00992,examlab-pass
s00993,examlab-pass
s00994,examlab-pass
s00995,examlab-pass
s00996,examlab-pass
s00997,examlab-pass
s00998,examlab-pass
s00999,examlab-pass
s01000,examlab-pass
s01001,examlab-pass
s01002,examlab-pass
s01003,examlab-pass
s01004,examlab-pass
s01005,examlab-pass
s01006,examlab-pass
s01007,examlab-pass
s01008,examlab-pass
s01009,examlab-pass
s01010,examlab-pass
s01011,examlab-pass
s01012,examlab-pass
s01013,examlab-pass
s01014,examlab-pass
s01015,examlab-pass
s01016,examlab-pass
s01017,examlab-pass
s01018,examlab-pass
s01019,examlab-pass
s01020,examlab-pass
s01021,examlab-pass
s01022,examlab-pass
s01023,examlab-pass
s01024,examlab-pass
s01025,examlab-pass
s01026,examlab-pass
s01027,examlab-pass
s01028,examlab-pass
s01029,examlab-pass
s01030,examlab-pass
s01031,examlab-pass
s01032,examlab-pass
s01033,examlab-pass
s01034,examlab-pass
s01035,examlab-pass
s01036,examlab-pass
s01037,examlab-pass
s01038,examlab-pass
s01039,examlab-pass
s01040,examlab-pass
s01041,examlab-pass
s01042,examlab-pass
s01043,examlab-pass
s01044,examlab-pass
s01045,examlab-pass
s01046,examlab-pass
s01047,examlab-pass
s01048,examlab-pass
s01049,examlab-pass
s01050,examlab-pass
s01051,examlab-pass
s01052,examlab-pass
s01053,examlab-pass
s01054,examlab-pass
s01055,examlab-pass
s01056,examlab-pass
s01057,examlab-pass
s01058,examlab-pass
s01059,examlab-pass
s01060,examlab-pass
s01061,examlab-pass
s01062,examlab-pass
s01063,examlab-pass
s01064,examlab-pass
s01065,examlab-pass
s01066,examlab-pass
s01067,examlab-pass
s01068,examlab-pass
s01069,examlab-pass
s01070,examlab-pass
s01071,examlab-pass
s01072,examlab-pass
s01073,examlab-pass
s01074,examlab-pass
s01075,examlab-pass
s01076,examlab-pass
s01077,examlab-pass
s01078,examlab-pass
s01079,examlab-pass
s01080,examlab-pass
s01081,examlab-pass
s01082,examlab-pass
s01083,examlab-pass
s01084,examlab-pass
s01085,examlab-pass
s01086,examlab-pass
s01087,examlab-pass
s01088,examlab-pass
s01089,examlab-pass
s01090,examlab-pass
s01091,examlab-pass
s01092,examlab-pass
s01093,examlab-pass
s01094,examlab-pass
s01095,examlab-pass
s01096,examlab-pass
s01097,examlab-pass
s01098,examlab-pass
s01099,examlab-pass
s01100,examlab-pass
s01101,examlab-pass
s01102,examlab-pass
s01103,examlab-pass
s01104,examlab-pass
s01105,examlab-pass
s01106,examlab-pass
s01107,examlab-pass
s01108,examlab-pass
s01109,examlab-pass
s01110,examlab-pass
s01111,examlab-pass
s01112,examlab-pass
s01113,examlab-pass
s01114,examlab-pass
s01115,examlab-pass
s01116,examlab-pass
s01117,examlab-pass
s01118,examlab-pass
s01119,examlab-pass
s01120,examlab-pass
s01121,examlab-pass
s01122,examlab-pass
s01123,examlab-pass
s01124,examlab-pass
s01125,examlab-pass
s01126,examlab-pass
s01127,examlab-pass
s01128,examlab-pass
s01129,examlab-pass
s01130,examlab-pass
s01131,examlab-pass
s01132,examlab-pass
s01133,examlab-pass
s01134,examlab-pass
s01135,examlab-pass
s01136,examlab-pass
s01137,examlab-pass
s01138,examlab-pass
s01139,examlab-pass
s01140,examlab-pass
s01141,examlab-pass
s01142,examlab-pass
s01143,examlab-pass
s01144,examlab-pass
s01145,examlab-pass
s01146,examlab-pass
s01147,examlab-pass
s01148,examlab-pass
s01149,examlab-pass
s01150,examlab-pass
s01151,examlab-pass
s01152,examlab-pass
s01153,examlab-pass
s01154,examlab-pass
s01155,examlab-pass
s01156,examlab-pass
s01157,examlab-pass
s01158,examlab-pass
s01159,examlab-pass
s01160,examlab-pass
s01161,examlab-pass
s01162,examlab-pass
s01163,examlab-pass
s01164,examlab-pass
s01165,examlab-pass
s01166,examlab-pass
s01167,examlab-pass
s01168,examlab-pass
s01169,examlab-pass
s01170,examlab-pass
s01171,examlab-pass
s01172,examlab-pass
s01173,examlab-pass
s01174,examlab-pass
s01175,examlab-pass
s01176,examlab-pass
s01177,examlab-pass
s01178,examlab-pass
s01179,examlab-pass
s01180,examlab-pass
s01181,examlab-pass
s01182,examlab-pass
s01183,examlab-pass
s01184,examlab-pass
s01185,examlab-pass
s01186,examlab-pass
s01187,examlab-pass
s01188,examlab-pass
s01189,examlab-pass
s01190,examlab-pass
s01191,examlab-pass
s01192,examlab-pass
s01193,examlab-pass
s01194,examlab-pass
s01195,examlab-pass
s01196,examlab-pass
s01197,examlab-pass
s01198,examlab-pass
s01199,examlab-pass
s01200,examlab-pass
s01201,examlab-pass
s01202,examlab-pass
s01203,examlab-pass
s01204,examlab-pass
s01205,examlab-pass
s01206,examlab-pass
s01207,examlab-pass
s01208,examlab-pass
s01209,examlab-pass
s01210,examlab-pass
s01211,examlab-pass
s01212,examlab-pass
s01213,examlab-pass
s01214,examlab-pass
s01215,examlab-pass
s01216,examlab-pass
s01217,examlab-pass
s01218,examlab-pass
s01219,examlab-pass
s01220,examlab-pass
s01221,examlab-pass
s01222,examlab-pass
s01223,examlab-pass
s01224,examlab-pass
s01225,examlab-pass
s01226,examlab-pass
s01227,examlab-pass
s01228,examlab-pass
s01229,examlab-pass
s01230,examlab-pass
s01231,examlab-pass
s01232,examlab-pass
s01233,examlab-pass
s01234,examlab-pass
s01235,examlab-pass
s01236,examlab-pass
s01237,examlab-pass
s01238,examlab-pass
s01239,examlab-pass
s01240,examlab-pass
s01241,examlab-pass
s01242,examlab-pass
s01243,examlab-pass
s01244,examlab-pass
s01245,examlab-pass
s01246,examlab-pass
s01247,examlab-pass
s01248,examlab-pass
s01249,examlab-pass
s01250,examlab-pass
s01251,examlab-pass
s01252,examlab-pass
s01253,examlab-pass
s01254,examlab-pass
s01255,examlab-pass
s01256,examlab-pass
s01257,examlab-pass
s01258,examlab-pass
s01259,examlab-pass
s01260,examlab-pass
s01261,examlab-pass
s01262,examlab-pass
s01263,examlab-pass
s01264,examlab-pass
s01265,examlab-pass
s01266,examlab-pass
s01267,examlab-pass
s01268,examlab-pass
s01269,examlab-pass
s01270,examlab-pass
s01271,examlab-pass
s01272,examlab-pass
s01273,examlab-pass
s01274,examlab-pass
s01275,examlab-pass
s01276,examlab-pass
s01277,examlab-pass
s01278,examlab-pass
s01279,examlab-pass
s01280,examlab-pass
s01281,examlab-pass
s01282,examlab-pass
s01283,examlab-pass
s01284,examlab-pass
s01285,examlab-pass
s01286,examlab-pass
s01287,examlab-pass
s01288,examlab-pass
s01289,examlab-pass
s01290,examlab-pass
s01291,examlab-pass
s01292,examlab-pass
s01293,examlab-pass
s01294,examlab-pass
s01295,examlab-pass
s01296,examlab-pass
s01297,examlab-pass
s01298,examlab-pass
s01299,examlab-pass
s01300,examlab-pass
s01301,examlab-pass
s01302,examlab-pass
s01303,examlab-pass
s01304,examlab-pass
s01305,examlab-pass
s01306,examlab-pass
s01307,examlab-pass
s01308,examlab-pass
s01309,examlab-pass
s01310,examlab-pass
s01311,examlab-pass
s01312,examlab-pass
s01313,examlab-pass
s01314,examlab-pass
s01315,examlab-pass
s01316,examlab-pass
s01317,examlab-pass
s01318,examlab-pass
s01319,examlab-pass
s01320,examlab-pass
s01321,examlab-pass
s01322,examlab-pass
s01323,examlab-pass
s01324,examlab-pass
s01325,examlab-pass
s01326,examlab-pass
s01327,examlab-pass
s01328,examlab-pass
s01329,examlab-pass
s01330,examlab-pass
s01331,examlab-pass
s01332,examlab-pass
s01333,examlab-pass
s01334,examlab-pass
s01335,examlab-pass
s01336,examlab-pass
s01337,examlab-pass
s01338,examlab-pass
s01339,examlab-pass
s01340,examlab-pass
s01341,examlab-pass
s01342,examlab-pass
s01343,examlab-pass
s01344,examlab-pass
s01345,examlab-pass
s01346,examlab-pass
s01347,examlab-pass
s01348,examlab-pass
s01349,examlab-pass
s01350,examlab-pass
s01351,examlab-pass
s01352,examlab-pass
s01353,examlab-pass
s01354,examlab-pass
s01355,examlab-pass
s01356,examlab-pass
s01357,examlab-pass
s01358,examlab-pass
s01359,examlab-pass
s01360,examlab-pass
s01361,examlab-pass
s01362,examlab-pass
s01363,examlab-pass
s01364,examlab-pass
s01365,examlab-pass
s01366,examlab-pass
s01367,examlab-pass
s01368,examlab-pass
s01369,examlab-pass
s01370,examlab-pass
s01371,examlab-pass
s01372,examlab-pass
s01373,examlab-pass
s01374,examlab-pass
s01375,examlab-pass
s01376,examlab-pass
s01377,examlab-pass
s01378,examlab-pass
s01379,examlab-pass
s01380,examlab-pass
s01381,examlab-pass
s01382,examlab-pass
s01383,examlab-pass
s01384,examlab-pass
s01385,examlab-pass
s01386,examlab-pass
s01387,examlab-pass
s01388,examlab-pass
s01389,examlab-pass
s01390,examlab-pass
s01391,examlab-pass
s01392,examlab-pass
s01393,examlab-pass
s01394,examlab-pass
s01395,examlab-pass
s01396,examlab-pass
s01397,examlab-pass
s01398,examlab-pass
s01399,examlab-pass
s01400,examlab-pass
s01401,examlab-pass
s01402,examlab-pass
s01403,examlab-pass
s01404,examlab-pass
s01405,examlab-pass
s01406,examlab-pass
s01407,examlab-pass
s01408,examlab-pass
s01409,examlab-pass
s01410,examlab-pass
s01411,examlab-pass
s01412,examlab-pass
s01413,examlab-pass
s01414,examlab-pass
s01415,examlab-pass
s01416,examlab-pass
s01417,examlab-pass
s01418,examlab-pass
s01419,examlab-pass
s01420,examlab-pass
s01421,examlab-pass
s01422,examlab-pass
s01423,examlab-pass
s01424,examlab-pass
s01425,examlab-pass
s01426,examlab-pass
s01427,examlab-pass
s01428,examlab-pass
s01429,examlab-pass
s01430,examlab-pass
s01431,examlab-pass
s01432,examlab-pass
s01433,examlab-pass
s01434,examlab-pass
s01435,examlab-pass
s01436,examlab-pass
s01437,examlab-pass
s01438,examlab-pass
s01439,examlab-pass
s01440,examlab-pass
s01441,examlab-pass
s01442,examlab-pass
s01443,examlab-pass
s01444,examlab-pass
s01445,examlab-pass
s01446,examlab-pass
s01447,examlab-pass
s01448,examlab-pass
s01449,examlab-pass
s01450,examlab-pass
s01451,examlab-pass
s01452,examlab-pass
s01453,examlab-pass
s01454,examlab-pass
s01455,examlab-pass
s01456,examlab-pass
s01457,examlab-pass
s01458,examlab-pass
s01459,examlab-pass
s01460,examlab-pass
s01461,examlab-pass
s01462,examlab-pass
s01463,examlab-pass
s01464,examlab-pass
s01465,examlab-pass
s01466,examlab-pass
s01467,examlab-pass
s01468,examlab-pass
s01469,examlab-pass
s01470,examlab-pass
s01471,examlab-pass
s01472,examlab-pass
s01473,examlab-pass
s01474,examlab-pass
s01475,examlab-pass
s01476,examlab-pass
s01477,examlab-pass
s01478,examlab-pass
s01479,examlab-pass
s01480,examlab-pass
s01481,examlab-pass
s01482,examlab-pass
s01483,examlab-pass
s01484,examlab-pass
s01485,examlab-pass
s01486,examlab-pass
s01487,examlab-pass
s01488,examlab-pass
s01489,examlab-pass
s01490,examlab-pass
s01491,examlab-pass
s01492,examlab-pass
s01493,examlab-pass
s01494,examlab-pass
s01495,examlab-pass
s01496,examlab-pass
s01497,examlab-pass
s01498,examlab-pass
s01499,examlab-pass
s01500,examlab-pass
s01501,examlab-pass
s01502,examlab-pass
s01503,examlab-pass
s01504,examlab-pass
s01505,examlab-pass
s01506,examlab-pass
s01507,examlab-pass
s01508,examlab-pass
s01509,examlab-pass
s01510,examlab-pass
s01511,examlab-pass
s01512,examlab-pass
s01513,examlab-pass
s01514,examlab-pass
s01515,examlab-pass
s01516,examlab-pass
s01517,examlab-pass
s01518,examlab-pass
s01519,examlab-pass
s01520,examlab-pass
s01521,examlab-pass
s01522,examlab-pass
s01523,examlab-pass
s01524,examlab-pass
s01525,examlab-pass
s01526,examlab-pass
s01527,examlab-pass
s01528,examlab-pass
s01529,examlab-pass
s01530,examlab-pass
s01531,examlab-pass
s01532,examlab-pass
s01533,examlab-pass
s01534,examlab-pass
s01535,examlab-pass
s01536,examlab-pass
s01537,examlab-pass
s01538,examlab-pass
s01539,examlab-pass
s01540,examlab-pass
s01541,examlab-pass
s01542,examlab-pass
s01543,examlab-pass
s01544,examlab-pass
s01545,examlab-pass
s01546,examlab-pass
s01547,examlab-pass
s01548,examlab-pass
s01549,examlab-pass
s01550,examlab-pass
s01551,examlab-pass
s01552,examlab-pass
s01553,examlab-pass
s01554,examlab-pass
s01555,examlab-pass
s01556,examlab-pass
s01557,examlab-pass
s01558,examlab-pass
s01559,examlab-pass
s01560,examlab-pass
s01561,examlab-pass
s01562,examlab-pass
s01563,examlab-pass
s01564,examlab-pass
s01565,examlab-pass
s01566,examlab-pass
s01567,examlab-pass
s01568,examlab-pass
s01569,examlab-pass
s01570,examlab-pass
s01571,examlab-pass
s01572,examlab-pass
s01573,examlab-pass
s01574,examlab-pass
s01575,examlab-pass
s01576,examlab-pass
s01577,examlab-pass
s01578,examlab-pass
s01579,examlab-pass
s01580,examlab-pass
s01581,examlab-pass
s01582,examlab-pass
s01583,examlab-pass
s01584,examlab-pass
s01585,examlab-pass
s01586,examlab-pass
s01587,examlab-pass
s01588,examlab-pass
s01589,examlab-pass
s01590,examlab-pass
s01591,examlab-pass
s01592,examlab-pass
s01593,examlab-pass
s01594,examlab-pass
s01595,examlab-pass
s01596,examlab-pass
s01597,examlab-pass
s01598,examlab-pass
s01599,examlab-pass
s01600,examlab-pass
s01601,examlab-pass
s01602,examlab-pass
s01603,examlab-pass
s01604,examlab-pass
s01605,examlab-pass
s01606,examlab-pass
s01607,examlab-pass
s01608,examlab-pass
s01609,examlab-pass
s01610,examlab-pass
s01611,examlab-pass
s01612,examlab-pass
s01613,examlab-pass
s01614,examlab-pass
s01615,examlab-pass
s01616,examlab-pass
s01617,examlab-pass
s01618,examlab-pass
s01619,examlab-pass
s01620,examlab-pass
s01621,examlab-pass
s01622,examlab-pass
s01623,examlab-pass
s01624,examlab-pass
s01625,examlab-pass
s01626,examlab-pass
s01627,examlab-pass
s01628,examlab-pass
s01629,examlab-pass
s01630,examlab-pass
s01631,examlab-pass
s01632,examlab-pass
s01633,examlab-pass
s01634,examlab-pass
s01635,examlab-pass
s01636,examlab-pass
s01637,examlab-pass
s01638,examlab-pass
s01639,examlab-pass
s01640,examlab-pass
s01641,examlab-pass
s01642,examlab-pass
s01643,examlab-pass
s01644,examlab-pass
s01645,examlab-pass
s01646,examlab-pass
s01647,examlab-pass
s01648,examlab-pass
s01649,examlab-pass
s01650,examlab-pass
s01651,examlab-pass
s01652,examlab-pass
s01653,examlab-pass
s01654,examlab-pass
s01655,examlab-pass
s01656,examlab-pass
s01657,examlab-pass
s01658,examlab-pass
s01659,examlab-pass
s01660,examlab-pass
s01661,examlab-pass
s01662,examlab-pass
s01663,examlab-pass
s01664,examlab-pass
s01665,examlab-pass
s01666,examlab-pass
s01667,examlab-pass
s01668,examlab-pass
s01669,examlab-pass
s01670,examlab-pass
s01671,examlab-pass
s01672,examlab-pass
s01673,examlab-pass
s01674,examlab-pass
s01675,examlab-pass
s01676,examlab-pass
s01677,examlab-pass
s01678,examlab-pass
s01679,examlab-pass
s01680,examlab-pass
s01681,examlab-pass
s01682,examlab-pass
s01683,examlab-pass
s01684,examlab-pass
s01685,examlab-pass
s01686,examlab-pass
s01687,examlab-pass
s01688,examlab-pass
s01689,examlab-pass
s01690,examlab-pass
s01691,examlab-pass
s01692,examlab-pass
s01693,examlab-pass
s01694,examlab-pass
s01695,examlab-pass
s01696,examlab-pass
s01697,examlab-pass
s01698,examlab-pass
s01699,examlab-pass
s01700,examlab-pass
s01701,examlab-pass
s01702,examlab-pass
s01703,examlab-pass
s01704,examlab-pass
s01705,examlab-pass
s01706,examlab-pass
s01707,examlab-pass
s01708,examlab-pass
s01709,examlab-pass
s01710,examlab-pass
s01711,examlab-pass
s01712,examlab-pass
s01713,examlab-pass
s01714,examlab-pass
s01715,examlab-pass
s01716,examlab-pass
s01717,examlab-pass
s01718,examlab-pass
s01719,examlab-pass
s01720,examlab-pass
s01721,examlab-pass
s01722,examlab-pass
s01723,examlab-pass
s01724,examlab-pass
s01725,examlab-pass
s01726,examlab-pass
s01727,examlab-pass
s01728,examlab-pass
s01729,examlab-pass
s01730,examlab-pass
s01731,examlab-pass
s01732,examlab-pass
s01733,examlab-pass
s01734,examlab-pass
s01735,examlab-pass
s01736,examlab-pass
s01737,examlab-pass
s01738,examlab-pass
s01739,examlab-pass
s01740,examlab-pass
s01741,examlab-pass
s01742,examlab-pass
s01743,examlab-pass
s01744,examlab-pass
s01745,examlab-pass
s01746,examlab-pass
s01747,examlab-pass
s01748,examlab-pass
s01749,examlab-pass
s01750,examlab-pass
s01751,examlab-pass
s01752,examlab-pass
s01753,examlab-pass
s01754,examlab-pass
s01755,examlab-pass
s01756,examlab-pass
s01757,examlab-pass
s01758,examlab-pass
s01759,examlab-pass
s01760,examlab-pass
s01761,examlab-pass
s01762,examlab-pass
s01763,examlab-pass
s01764,examlab-pass
s01765,examlab-pass
s01766,examlab-pass
s01767,examlab-pass
s01768,examlab-pass
s01769,examlab-pass
s01770,examlab-pass
s01771,examlab-pass
s01772,examlab-pass
s01773,examlab-pass
s01774,examlab-pass
s01775,examlab-pass
s01776,examlab-pass
s01777,examlab-pass
s01778,examlab-pass
s01779,examlab-pass
s01780,examlab-pass
s01781,examlab-pass
s01782,examlab-pass
s01783,examlab-pass
s01784,examlab-pass
s01785,examlab-pass
s01786,examlab-pass
s01787,examlab-pass
s01788,examlab-pass
s01789,examlab-pass
s01790,examlab-pass
s01791,examlab-pass
s01792,examlab-pass
s01793,examlab-pass
s01794,examlab-pass
s01795,examlab-pass
s01796,examlab-pass
s01797,examlab-pass
s01798,examlab-pass
s01799,examlab-pass
s01800,examlab-pass
s01801,examlab-pass
s01802,examlab-pass
s01803,examlab-pass
s01804,examlab-pass
s01805,examlab-pass
s01806,examlab-pass
s01807,examlab-pass
s01808,examlab-pass
s01809,examlab-pass
s01810,examlab-pass
s01811,examlab-pass
s01812,examlab-pass
s01813,examlab-pass
s01814,examlab-pass
s01815,examlab-pass
s01816,examlab-pass
s01817,examlab-pass
s01818,examlab-pass
s01819,examlab-pass
s01820,examlab-pass
s01821,examlab-pass
s01822,examlab-pass
s01823,examlab-pass
s01824,examlab-pass
s01825,examlab-pass
s01826,examlab-pass
s01827,examlab-pass
s01828,examlab-pass
s01829,examlab-pass
s01830,examlab-pass
s01831,examlab-pass
s01832,examlab-pass
s01833,examlab-pass
s01834,examlab-pass
s01835,examlab-pass
s01836,examlab-pass
s01837,examlab-pass
s01838,examlab-pass
s01839,examlab-pass
s01840,examlab-pass
s01841,examlab-pass
s01842,examlab-pass
s01843,examlab-pass
s01844,examlab-pass
s01845,examlab-pass
s01846,examlab-pass
s01847,examlab-pass
s01848,examlab-pass
s01849,examlab-pass
s01850,examlab-pass
s01851,examlab-pass
s01852,examlab-pass
s01853,examlab-pass
s01854,examlab-pass
s01855,examlab-pass
s01856,examlab-pass
s01857,examlab-pass
s01858,examlab-pass
s01859,examlab-pass
s01860,examlab-pass
s01861,examlab-pass
s01862,examlab-pass
s01863,examlab-pass
s01864,examlab-pass
s01865,examlab-pass
s01866,examlab-pass
s01867,examlab-pass
s01868,examlab-pass
s01869,examlab-pass
s01870,examlab-pass
s01871,examlab-pass
s01872,examlab-pass
s01873,examlab-pass
s01874,examlab-pass
s01875,examlab-pass
s01876,examlab-pass
s01877,examlab-pass
s01878,examlab-pass
s01879,examlab-pass
s01880,examlab-pass
s01881,examlab-pass
s01882,examlab-pass
s01883,examlab-pass
s01884,examlab-pass
s01885,examlab-pass
s01886,examlab-pass
s01887,examlab-pass
s01888,examlab-pass
s01889,examlab-pass
s01890,examlab-pass
s01891,examlab-pass
s01892,examlab-pass
s01893,examlab-pass
s01894,examlab-pass
s01895,examlab-pass
s01896,examlab-pass
s01897,examlab-pass
s01898,examlab-pass
s01899,examlab-pass
s01900,examlab-pass
s01901,examlab-pass
s01902,examlab-pass
s01903,examlab-pass
s01904,examlab-pass
s01905,examlab-pass
s01906,examlab-pass
s01907,examlab-pass
s01908,examlab-pass
s01909,examlab-pass
s01910,examlab-pass
s01911,examlab-pass
s01912,examlab-pass
s01913,examlab-pass
s01914,examlab-pass
s01915,examlab-pass
s01916,examlab-pass
s01917,examlab-pass
s01918,examlab-pass
s01919,examlab-pass
s01920,examlab-pass
s01921,examlab-pass
s01922,examlab-pass
s01923,examlab-pass
s01924,examlab-pass
s01925,examlab-pass
s01926,examlab-pass
s01927,examlab-pass
s01928,examlab-pass
s01929,examlab-pass
s01930,examlab-pass
s01931,examlab-pass
s01932,examlab-pass
s01933,examlab-pass
s01934,examlab-pass
s01935,examlab-pass
s01936,examlab-pass
s01937,examlab-pass
s01938,examlab-pass
s01939,examlab-pass
s01940,examlab-pass
s01941,examlab-pass
s01942,examlab-pass
s01943,examlab-pass
s01944,examlab-pass
s01945,examlab-pass
s01946,examlab-pass
s01947,examlab-pass
s01948,examlab-pass
s01949,examlab-pass
s01950,examlab-pass
s01951,examlab-pass
s01952,examlab-pass
s01953,examlab-pass
s01954,examlab-pass
s01955,examlab-pass
s01956,examlab-pass
s01957,examlab-pass
s01958,examlab-pass
s01959,examlab-pass
s01960,examlab-pass
s01961,examlab-pass
s01962,examlab-pass
s01963,examlab-pass
s01964,examlab-pass
s01965,examlab-pass
s01966,examlab-pass
s01967,examlab-pass
s01968,examlab-pass
s01969,examlab-pass
s01970,examlab-pass
s01971,examlab-pass
s01972,examlab-pass
s01973,examlab-pass
s01974,examlab-pass
s01975,examlab-pass
s01976,examlab-pass
s01977,examlab-pass
s01978,examlab-pass
s01979,examlab-pass
s01980,examlab-pass
s01981,examlab-pass
s01982,examlab-pass
s01983,examlab-pass
s01984,examlab-pass
s01985,examlab-pass
s01986,examlab-pass
s01987,examlab-pass
s01988,examlab-pass
s01989,examlab-pass
s01990,examlab-pass
s01991,examlab-pass
s01992,examlab-pass
s01993,examlab-pass
s01994,examlab-pass
s01995,examlab-pass
s01996,examlab-pass
s01997,examlab-pass
s01998,examlab-pass
s01999,examlab-pass
s02000,examlab-pass
