driverId,password,lat,lng
d00001,ridelab-pass,12.96919,77.54742
d00002,ridelab-pass,12.94636,77.55787
d00003,ridelab-pass,12.98276,77.62126
d00004,ridelab-pass,12.99365,77.61859
d00005,ridelab-pass,12.94497,77.51297
d00006,ridelab-pass,12.92781,77.60658
d00007,ridelab-pass,12.92155,77.59731
d00008,ridelab-pass,13.02391,77.60050
d00009,ridelab-pass,12.96634,77.53345
d00010,ridelab-pass,13.00661,77.53196
d00011,ridelab-pass,12.91077,77.56504
d00012,ridelab-pass,13.01611,77.62456
d00013,ridelab-pass,12.96907,77.51468
d00014,ridelab-pass,12.96352,77.56039
d00015,ridelab-pass,12.98524,77.55336
d00016,ridelab-pass,12.95677,77.60832
d00017,ridelab-pass,13.00168,77.53878
d00018,ridelab-pass,12.97267,77.51514
d00019,ridelab-pass,12.96780,77.51149
d00020,ridelab-pass,12.98254,77.55463
d00021,ridelab-pass,13.01717,77.56822
d00022,ridelab-pass,12.92916,77.59704
d00023,ridelab-pass,12.95494,77.57392
d00024,ridelab-pass,12.99357,77.55614
d00025,ridelab-pass,12.97079,77.51568
d00026,ridelab-pass,12.94552,77.51836
d00027,ridelab-pass,12.96718,77.56546
d00028,ridelab-pass,12.93432,77.55152
d00029,ridelab-pass,12.91117,77.61909
d00030,ridelab-pass,13.00973,77.54583
d00031,ridelab-pass,13.02393,77.59395
d00032,ridelab-pass,12.96859,77.54523
d00033,ridelab-pass,12.99066,77.60534
d00034,ridelab-pass,13.00076,77.56170
d00035,ridelab-pass,13.01042,77.53498
d00036,ridelab-pass,13.00111,77.62277
d00037,ridelab-pass,12.91474,77.52905
d00038,ridelab-pass,12.98783,77.58763
d00039,ridelab-pass,12.92612,77.51248
d00040,ridelab-pass,13.01678,77.62377
d00041,ridelab-pass,13.01483,77.51724
d00042,ridelab-pass,12.99579,77.56117
d00043,ridelab-pass,12.95241,77.54462
d00044,ridelab-pass,12.99168,77.55575
d00045,ridelab-pass,12.92911,77.51368
d00046,ridelab-pass,12.91569,77.55852
d00047,ridelab-pass,12.99338,77.57610
d00048,ridelab-pass,13.02091,77.61182
d00049,ridelab-pass,13.01282,77.57200
d00050,ridelab-pass,12.96931,77.58982
d00051,ridelab-pass,12.98291,77.53004
d00052,ridelab-pass,12.97293,77.56246
d00053,ridelab-pass,12.96688,77.56620
d00054,ridelab-pass,12.96840,77.57969
d00055,ridelab-pass,12.94596,77.52765
d00056,ridelab-pass,13.02460,77.59647
d00057,ridelab-pass,12.94225,77.60522
d00058,ridelab-pass,13.00022,77.54800
d00059,ridelab-pass,12.94268,77.53252
d00060,ridelab-pass,12.91196,77.53860
d00061,ridelab-pass,13.01475,77.62166
d00062,ridelab-pass,12.98262,77.62209
d00063,ridelab-pass,12.91598,77.57292
d00064,ridelab-pass,13.02161,77.54034
d00065,ridelab-pass,12.91263,77.61717
d00066,ridelab-pass,12.98000,77.61756
d00067,ridelab-pass,12.91954,77.60563
d00068,ridelab-pass,12.97726,77.60963
d00069,ridelab-pass,12.94615,77.51326
d00070,ridelab-pass,12.98283,77.54930
d00071,ridelab-pass,12.92804,77.52782
d00072,ridelab-pass,12.92057,77.57983
d00073,ridelab-pass,12.99932,77.52059
d00074,ridelab-pass,12.93195,77.60465
d00075,ridelab-pass,12.93816,77.57765
d00076,ridelab-pass,12.93155,77.60401
d00077,ridelab-pass,12.97697,77.52019
d00078,ridelab-pass,12.94879,77.58707
d00079,ridelab-pass,12.93731,77.52506
d00080,ridelab-pass,12.95562,77.51248
d00081,ridelab-pass,12.91668,77.52319
d00082,ridelab-pass,12.94445,77.60379
d00083,ridelab-pass,13.01282,77.55543
d00084,ridelab-pass,12.99509,77.60482
d00085,ridelab-pass,13.02205,77.53563
d00086,ridelab-pass,12.99054,77.61313
d00087,ridelab-pass,12.99581,77.51488
d00088,ridelab-pass,13.00590,77.59840
d00089,ridelab-pass,12.97873,77.51472
d00090,ridelab-pass,12.91928,77.51086
d00091,ridelab-pass,12.97365,77.57878
d00092,ridelab-pass,12.92165,77.60602
d00093,ridelab-pass,12.95700,77.52596
d00094,ridelab-pass,12.97737,77.54038
d00095,ridelab-pass,12.93468,77.53426
d00096,ridelab-pass,13.00061,77.52136
d00097,ridelab-pass,12.93719,77.52598
d00098,ridelab-pass,12.98662,77.58790
d00099,ridelab-pass,12.95924,77.52774
d00100,ridelab-pass,12.91232,77.61677
d00101,ridelab-pass,12.97927,77.51694
d00102,ridelab-pass,12.98329,77.60585
d00103,ridelab-pass,12.93344,77.61864
d00104,ridelab-pass,12.92937,77.56058
d00105,ridelab-pass,12.96031,77.62075
d00106,ridelab-pass,12.96523,77.59483
d00107,ridelab-pass,12.99304,77.54250
d00108,ridelab-pass,12.96294,77.56300
d00109,ridelab-pass,12.94811,77.53273
d00110,ridelab-pass,12.92887,77.62370
d00111,ridelab-pass,13.01653,77.52850
d00112,ridelab-pass,13.02428,77.54916
d00113,ridelab-pass,12.99736,77.56377
d00114,ridelab-pass,12.96429,77.55892
d00115,ridelab-pass,12.91382,77.56988
d00116,ridelab-pass,12.93916,77.61579
d00117,ridelab-pass,12.98263,77.54236
d00118,ridelab-pass,13.00627,77.57705
d00119,ridelab-pass,12.98305,77.59476
d00120,ridelab-pass,12.99395,77.53485
d00121,ridelab-pass,13.00983,77.59537
d00122,ridelab-pass,12.99729,77.59550
d00123,ridelab-pass,12.93693,77.62282
d00124,ridelab-pass,12.99361,77.61532
d00125,ridelab-pass,12.94271,77.54529
d00126,ridelab-pass,13.01131,77.62476
d00127,ridelab-pass,12.99033,77.52710
d00128,ridelab-pass,12.94315,77.57242
d00129,ridelab-pass,12.91103,77.54882
d00130,ridelab-pass,12.97514,77.61651
d00131,ridelab-pass,12.98932,77.61261
d00132,ridelab-pass,12.93371,77.61027
d00133,ridelab-pass,12.93514,77.53896
d00134,ridelab-pass,12.98565,77.53816
d00135,ridelab-pass,12.91141,77.59067
d00136,ridelab-pass,12.91741,77.58353
d00137,ridelab-pass,12.92190,77.56823
d00138,ridelab-pass,13.01335,77.55809
d00139,ridelab-pass,12.93349,77.61253
d00140,ridelab-pass,13.01548,77.56458
d00141,ridelab-pass,12.99492,77.53811
d00142,ridelab-pass,12.91226,77.53586
d00143,ridelab-pass,12.97861,77.60018
d00144,ridelab-pass,12.92664,77.52623
d00145,ridelab-pass,12.94423,77.53990
d00146,ridelab-pass,12.95039,77.59618
d00147,ridelab-pass,12.95190,77.59559
d00148,ridelab-pass,12.98515,77.61521
d00149,ridelab-pass,12.97773,77.62182
d00150,ridelab-pass,12.95291,77.57283
d00151,ridelab-pass,12.93298,77.53353
d00152,ridelab-pass,12.95041,77.60816
d00153,ridelab-pass,13.01380,77.56257
d00154,ridelab-pass,12.95049,77.54769
d00155,ridelab-pass,12.97509,77.56283
d00156,ridelab-pass,13.02419,77.58914
d00157,ridelab-pass,12.95139,77.57493
d00158,ridelab-pass,12.96344,77.62033
d00159,ridelab-pass,12.93118,77.60244
d00160,ridelab-pass,12.94257,77.55517
d00161,ridelab-pass,12.91466,77.53878
d00162,ridelab-pass,12.94668,77.54040
d00163,ridelab-pass,12.98285,77.52400
d00164,ridelab-pass,12.94517,77.57243
d00165,ridelab-pass,12.97128,77.57740
d00166,ridelab-pass,12.92994,77.53996
d00167,ridelab-pass,12.99854,77.62391
d00168,ridelab-pass,12.92937,77.51983
d00169,ridelab-pass,13.01122,77.62475
d00170,ridelab-pass,12.95630,77.62076
d00171,ridelab-pass,12.97835,77.61370
d00172,ridelab-pass,12.91490,77.51253
d00173,ridelab-pass,13.00650,77.56372
d00174,ridelab-pass,12.92237,77.59895
d00175,ridelab-pass,12.91014,77.53225
d00176,ridelab-pass,12.99536,77.59537
d00177,ridelab-pass,12.96908,77.58010
d00178,ridelab-pass,12.97844,77.53987
d00179,ridelab-pass,12.95037,77.58151
d00180,ridelab-pass,12.93691,77.60083
d00181,ridelab-pass,13.01544,77.58214
d00182,ridelab-pass,12.92901,77.54266
d00183,ridelab-pass,12.97768,77.56129
d00184,ridelab-pass,12.95528,77.51214
d00185,ridelab-pass,12.95482,77.55309
d00186,ridelab-pass,12.92307,77.62348
d00187,ridelab-pass,12.99901,77.62101
d00188,ridelab-pass,12.93844,77.58845
d00189,ridelab-pass,12.99264,77.53844
d00190,ridelab-pass,12.97840,77.59310
d00191,ridelab-pass,12.97818,77.57271
d00192,ridelab-pass,12.93911,77.54043
d00193,ridelab-pass,12.94693,77.56753
d00194,ridelab-pass,12.95801,77.53372
d00195,ridelab-pass,12.91655,77.62403
d00196,ridelab-pass,12.95104,77.61186
d00197,ridelab-pass,13.01291,77.52869
d00198,ridelab-pass,12.93156,77.53646
d00199,ridelab-pass,12.91032,77.53545
d00200,ridelab-pass,12.98073,77.59061
d00201,ridelab-pass,12.92992,77.57059
d00202,ridelab-pass,12.98395,77.59317
d00203,ridelab-pass,12.98870,77.59702
d00204,ridelab-pass,12.92000,77.52492
d00205,ridelab-pass,12.99337,77.56139
d00206,ridelab-pass,12.99145,77.59365
d00207,ridelab-pass,12.99881,77.59191
d00208,ridelab-pass,12.95889,77.61364
d00209,ridelab-pass,12.98707,77.56544
d00210,ridelab-pass,13.00480,77.54946
d00211,ridelab-pass,12.94966,77.57831
d00212,ridelab-pass,13.02275,77.53189
d00213,ridelab-pass,12.94339,77.52186
d00214,ridelab-pass,12.98479,77.56487
d00215,ridelab-pass,12.96495,77.55110
d00216,ridelab-pass,12.95218,77.57671
d00217,ridelab-pass,12.92827,77.56509
d00218,ridelab-pass,12.92688,77.56867
d00219,ridelab-pass,12.96706,77.55728
d00220,ridelab-pass,12.94626,77.60200
d00221,ridelab-pass,12.93704,77.57063
d00222,ridelab-pass,13.02101,77.55212
d00223,ridelab-pass,12.95835,77.58851
d00224,ridelab-pass,12.96719,77.59984
d00225,ridelab-pass,13.01205,77.53700
d00226,ridelab-pass,12.96777,77.56443
d00227,ridelab-pass,12.96259,77.58327
d00228,ridelab-pass,12.93205,77.54223
d00229,ridelab-pass,12.93825,77.56010
d00230,ridelab-pass,12.94617,77.54438
d00231,ridelab-pass,13.01882,77.58113
d00232,ridelab-pass,12.94632,77.52118
d00233,ridelab-pass,12.98292,77.57922
d00234,ridelab-pass,12.97566,77.51519
d00235,ridelab-pass,12.97962,77.60168
d00236,ridelab-pass,12.97501,77.58692
d00237,ridelab-pass,12.95071,77.55368
d00238,ridelab-pass,12.93992,77.59788
d00239,ridelab-pass,12.99558,77.57212
d00240,ridelab-pass,12.96866,77.54376
d00241,ridelab-pass,13.02192,77.51448
d00242,ridelab-pass,12.97496,77.54546
d00243,ridelab-pass,13.00225,77.62123
d00244,ridelab-pass,12.97727,77.59300
d00245,ridelab-pass,12.93365,77.62379
d00246,ridelab-pass,12.96193,77.61028
d00247,ridelab-pass,12.91313,77.54812
d00248,ridelab-pass,12.99027,77.52978
d00249,ridelab-pass,12.91113,77.54755
d00250,ridelab-pass,12.99010,77.60915
d00251,ridelab-pass,12.93159,77.57827
d00252,ridelab-pass,13.00998,77.59776
d00253,ridelab-pass,12.98326,77.56645
d00254,ridelab-pass,12.93617,77.54169
d00255,ridelab-pass,12.97486,77.54480
d00256,ridelab-pass,12.99074,77.53853
d00257,ridelab-pass,12.98170,77.53424
d00258,ridelab-pass,12.98892,77.61172
d00259,ridelab-pass,13.01247,77.55821
d00260,ridelab-pass,13.01660,77.52605
d00261,ridelab-pass,12.95515,77.54284
d00262,ridelab-pass,12.95480,77.51638
d00263,ridelab-pass,12.95142,77.57859
d00264,ridelab-pass,12.99626,77.56111
d00265,ridelab-pass,13.01616,77.58761
d00266,ridelab-pass,12.99520,77.60644
d00267,ridelab-pass,12.95089,77.59789
d00268,ridelab-pass,12.96543,77.54305
d00269,ridelab-pass,12.98697,77.59122
d00270,ridelab-pass,12.91561,77.59207
d00271,ridelab-pass,13.01976,77.51384
d00272,ridelab-pass,13.01875,77.55894
d00273,ridelab-pass,13.01705,77.55521
d00274,ridelab-pass,12.96233,77.58541
d00275,ridelab-pass,12.94466,77.53686
d00276,ridelab-pass,12.98553,77.54891
d00277,ridelab-pass,12.91293,77.54342
d00278,ridelab-pass,13.01306,77.59461
d00279,ridelab-pass,12.92538,77.56859
d00280,ridelab-pass,12.97899,77.53003
d00281,ridelab-pass,13.00453,77.62204
d00282,ridelab-pass,12.98566,77.60057
d00283,ridelab-pass,12.95654,77.53856
d00284,ridelab-pass,12.98780,77.61059
d00285,ridelab-pass,12.99454,77.52733
d00286,ridelab-pass,13.02473,77.61411
d00287,ridelab-pass,12.98937,77.53463
d00288,ridelab-pass,12.92980,77.52346
d00289,ridelab-pass,13.00007,77.57322
d00290,ridelab-pass,13.02370,77.53002
d00291,ridelab-pass,12.95148,77.54222
d00292,ridelab-pass,13.00783,77.59801
d00293,ridelab-pass,12.99376,77.56702
d00294,ridelab-pass,12.94097,77.55577
d00295,ridelab-pass,12.92313,77.59194
d00296,ridelab-pass,12.97955,77.57208
d00297,ridelab-pass,13.01020,77.52518
d00298,ridelab-pass,12.98232,77.52239
d00299,ridelab-pass,12.93932,77.58502
d00300,ridelab-pass,12.96893,77.61038
d00301,ridelab-pass,12.93584,77.55131
d00302,ridelab-pass,12.95344,77.54411
d00303,ridelab-pass,12.98768,77.54867
d00304,ridelab-pass,12.95601,77.60031
d00305,ridelab-pass,12.91882,77.58518
d00306,ridelab-pass,12.96699,77.55724
d00307,ridelab-pass,12.96066,77.52968
d00308,ridelab-pass,12.92486,77.59263
d00309,ridelab-pass,12.94725,77.53866
d00310,ridelab-pass,12.93322,77.58249
d00311,ridelab-pass,12.99034,77.57984
d00312,ridelab-pass,12.91282,77.56074
d00313,ridelab-pass,12.95774,77.53026
d00314,ridelab-pass,12.99563,77.55636
d00315,ridelab-pass,13.00702,77.56677
d00316,ridelab-pass,12.93773,77.60976
d00317,ridelab-pass,12.91669,77.55010
d00318,ridelab-pass,12.95173,77.52261
d00319,ridelab-pass,12.98340,77.54465
d00320,ridelab-pass,13.01840,77.61477
d00321,ridelab-pass,12.91471,77.53252
d00322,ridelab-pass,12.98668,77.59119
d00323,ridelab-pass,12.93644,77.54873
d00324,ridelab-pass,13.02336,77.61754
d00325,ridelab-pass,12.95189,77.59078
d00326,ridelab-pass,13.02161,77.58547
d00327,ridelab-pass,12.95822,77.61747
d00328,ridelab-pass,12.97697,77.58764
d00329,ridelab-pass,13.01384,77.51620
d00330,ridelab-pass,12.92250,77.51750
d00331,ridelab-pass,12.94188,77.62172
d00332,ridelab-pass,12.99239,77.55177
d00333,ridelab-pass,12.97911,77.56059
d00334,ridelab-pass,12.96600,77.54988
d00335,ridelab-pass,13.01643,77.59594
d00336,ridelab-pass,12.91672,77.58008
d00337,ridelab-pass,13.01772,77.55431
d00338,ridelab-pass,12.92475,77.51579
d00339,ridelab-pass,12.97189,77.55276
d00340,ridelab-pass,12.97307,77.58864
d00341,ridelab-pass,12.96001,77.57986
d00342,ridelab-pass,12.97858,77.57566
d00343,ridelab-pass,12.96943,77.53422
d00344,ridelab-pass,12.94125,77.58760
d00345,ridelab-pass,13.01789,77.52214
d00346,ridelab-pass,12.91599,77.56187
d00347,ridelab-pass,13.01824,77.61125
d00348,ridelab-pass,12.93546,77.58052
d00349,ridelab-pass,12.91835,77.60264
d00350,ridelab-pass,12.91784,77.61848
d00351,ridelab-pass,12.95090,77.54563
d00352,ridelab-pass,12.94938,77.52319
d00353,ridelab-pass,12.95111,77.53428
d00354,ridelab-pass,12.91376,77.56397
d00355,ridelab-pass,13.00588,77.59717
d00356,ridelab-pass,12.97245,77.52401
d00357,ridelab-pass,12.96254,77.53929
d00358,ridelab-pass,12.96307,77.61123
d00359,ridelab-pass,12.93243,77.57131
d00360,ridelab-pass,12.96390,77.56077
d00361,ridelab-pass,12.91808,77.61528
d00362,ridelab-pass,13.01278,77.53492
d00363,ridelab-pass,13.00948,77.56234
d00364,ridelab-pass,13.00874,77.54552
d00365,ridelab-pass,12.91649,77.62356
d00366,ridelab-pass,12.95156,77.51486
d00367,ridelab-pass,12.93544,77.54832
d00368,ridelab-pass,13.00569,77.62118
d00369,ridelab-pass,12.94158,77.52404
d00370,ridelab-pass,12.92350,77.62342
d00371,ridelab-pass,12.96457,77.52503
d00372,ridelab-pass,12.94556,77.56903
d00373,ridelab-pass,12.98210,77.57137
d00374,ridelab-pass,12.99900,77.56138
d00375,ridelab-pass,13.00666,77.58875
d00376,ridelab-pass,12.97968,77.52133
d00377,ridelab-pass,12.94653,77.54196
d00378,ridelab-pass,13.01048,77.61022
d00379,ridelab-pass,12.99073,77.58830
d00380,ridelab-pass,12.92573,77.51189
d00381,ridelab-pass,12.91900,77.56135
d00382,ridelab-pass,12.94328,77.62402
d00383,ridelab-pass,12.92108,77.58159
d00384,ridelab-pass,12.94550,77.53103
d00385,ridelab-pass,13.00347,77.60446
d00386,ridelab-pass,12.96498,77.56562
d00387,ridelab-pass,12.92334,77.57922
d00388,ridelab-pass,12.99598,77.61195
d00389,ridelab-pass,13.00438,77.60272
d00390,ridelab-pass,12.93232,77.61597
d00391,ridelab-pass,12.92018,77.53725
d00392,ridelab-pass,12.97271,77.59186
d00393,ridelab-pass,12.98356,77.58073
d00394,ridelab-pass,12.99215,77.55623
d00395,ridelab-pass,12.91498,77.54272
d00396,ridelab-pass,12.97655,77.59255
d00397,ridelab-pass,12.95654,77.57328
d00398,ridelab-pass,13.00803,77.58086
d00399,ridelab-pass,12.96506,77.55649
d00400,ridelab-pass,12.92189,77.55291
d00401,ridelab-pass,13.02204,77.56840
d00402,ridelab-pass,12.96314,77.58570
d00403,ridelab-pass,12.93626,77.56106
d00404,ridelab-pass,12.93811,77.57052
d00405,ridelab-pass,12.96842,77.60161
d00406,ridelab-pass,12.99728,77.55169
d00407,ridelab-pass,13.02388,77.57504
d00408,ridelab-pass,12.95467,77.52861
d00409,ridelab-pass,12.91183,77.55078
d00410,ridelab-pass,12.98049,77.54111
d00411,ridelab-pass,12.92488,77.56460
d00412,ridelab-pass,12.92477,77.53526
d00413,ridelab-pass,12.96733,77.59307
d00414,ridelab-pass,12.94903,77.58908
d00415,ridelab-pass,12.94665,77.52596
d00416,ridelab-pass,13.00143,77.58448
d00417,ridelab-pass,12.98550,77.59558
d00418,ridelab-pass,12.96891,77.51762
d00419,ridelab-pass,12.92723,77.57224
d00420,ridelab-pass,12.98557,77.51419
d00421,ridelab-pass,12.99421,77.61523
d00422,ridelab-pass,12.97927,77.61168
d00423,ridelab-pass,12.96636,77.59658
d00424,ridelab-pass,12.91296,77.57138
d00425,ridelab-pass,12.99599,77.60080
d00426,ridelab-pass,13.01601,77.55672
d00427,ridelab-pass,12.91555,77.59562
d00428,ridelab-pass,13.02336,77.61834
d00429,ridelab-pass,13.00937,77.51264
d00430,ridelab-pass,12.98848,77.61605
d00431,ridelab-pass,12.94464,77.58108
d00432,ridelab-pass,12.97820,77.55399
d00433,ridelab-pass,13.01573,77.52074
d00434,ridelab-pass,12.92978,77.59599
d00435,ridelab-pass,12.99798,77.56538
d00436,ridelab-pass,13.00998,77.53225
d00437,ridelab-pass,12.93860,77.51461
d00438,ridelab-pass,13.00626,77.54473
d00439,ridelab-pass,12.98019,77.56551
d00440,ridelab-pass,12.97241,77.54129
d00441,ridelab-pass,12.92398,77.60227
d00442,ridelab-pass,12.96113,77.54993
d00443,ridelab-pass,12.97221,77.51552
d00444,ridelab-pass,12.99570,77.54894
d00445,ridelab-pass,12.94741,77.54048
d00446,ridelab-pass,12.91501,77.59398
d00447,ridelab-pass,12.98672,77.60244
d00448,ridelab-pass,12.96433,77.60908
d00449,ridelab-pass,12.95656,77.57163
d00450,ridelab-pass,13.00368,77.54507
d00451,ridelab-pass,12.96409,77.55071
d00452,ridelab-pass,12.91638,77.62108
d00453,ridelab-pass,13.00734,77.59991
d00454,ridelab-pass,12.91141,77.61427
d00455,ridelab-pass,12.92476,77.61442
d00456,ridelab-pass,12.95258,77.51192
d00457,ridelab-pass,12.99716,77.51285
d00458,ridelab-pass,13.00476,77.52539
d00459,ridelab-pass,13.00526,77.51524
d00460,ridelab-pass,12.92440,77.58901
d00461,ridelab-pass,12.98008,77.59305
d00462,ridelab-pass,12.92445,77.57481
d00463,ridelab-pass,13.00787,77.60333
d00464,ridelab-pass,13.00779,77.59016
d00465,ridelab-pass,13.00393,77.56858
d00466,ridelab-pass,12.96450,77.57953
d00467,ridelab-pass,13.00425,77.53139
d00468,ridelab-pass,12.94151,77.60569
d00469,ridelab-pass,12.93716,77.52379
d00470,ridelab-pass,13.00179,77.62268
d00471,ridelab-pass,12.92480,77.51465
d00472,ridelab-pass,12.96853,77.57585
d00473,ridelab-pass,12.98492,77.58059
d00474,ridelab-pass,12.96579,77.52190
d00475,ridelab-pass,12.95142,77.56450
d00476,ridelab-pass,13.02361,77.56705
d00477,ridelab-pass,12.98452,77.58562
d00478,ridelab-pass,12.98125,77.58725
d00479,ridelab-pass,12.92267,77.53576
d00480,ridelab-pass,12.93322,77.55938
d00481,ridelab-pass,12.94473,77.61257
d00482,ridelab-pass,12.92078,77.51685
d00483,ridelab-pass,12.99539,77.51722
d00484,ridelab-pass,12.91573,77.53993
d00485,ridelab-pass,12.95499,77.56755
d00486,ridelab-pass,12.97774,77.59628
d00487,ridelab-pass,13.01636,77.53976
d00488,ridelab-pass,12.96198,77.55421
d00489,ridelab-pass,12.93143,77.57434
d00490,ridelab-pass,13.00779,77.53546
d00491,ridelab-pass,12.92853,77.51966
d00492,ridelab-pass,12.95618,77.62498
d00493,ridelab-pass,12.98340,77.52337
d00494,ridelab-pass,13.02147,77.53466
d00495,ridelab-pass,12.96154,77.57858
d00496,ridelab-pass,13.02183,77.61028
d00497,ridelab-pass,12.94974,77.62033
d00498,ridelab-pass,12.97825,77.60417
d00499,ridelab-pass,12.94560,77.58246
d00500,ridelab-pass,12.99336,77.62427
d00501,ridelab-pass,13.00733,77.57898
d00502,ridelab-pass,12.91921,77.59295
d00503,ridelab-pass,12.92433,77.61728
d00504,ridelab-pass,13.01953,77.60961
d00505,ridelab-pass,12.92209,77.57921
d00506,ridelab-pass,12.98302,77.59989
d00507,ridelab-pass,13.00907,77.52471
d00508,ridelab-pass,12.93279,77.51050
d00509,ridelab-pass,13.02311,77.56561
d00510,ridelab-pass,12.97857,77.60997
d00511,ridelab-pass,12.93165,77.54758
d00512,ridelab-pass,12.98490,77.54938
d00513,ridelab-pass,12.99531,77.55666
d00514,ridelab-pass,12.97701,77.57316
d00515,ridelab-pass,12.95360,77.62197
d00516,ridelab-pass,13.00474,77.54253
d00517,ridelab-pass,12.97358,77.57953
d00518,ridelab-pass,12.93672,77.52840
d00519,ridelab-pass,12.95840,77.57765
d00520,ridelab-pass,13.00615,77.57323
d00521,ridelab-pass,12.96728,77.56313
d00522,ridelab-pass,12.91451,77.54603
d00523,ridelab-pass,12.99853,77.58398
d00524,ridelab-pass,12.91965,77.61212
d00525,ridelab-pass,13.01099,77.60797
d00526,ridelab-pass,12.99686,77.54776
d00527,ridelab-pass,12.94026,77.55289
d00528,ridelab-pass,12.95799,77.51612
d00529,ridelab-pass,12.93240,77.58904
d00530,ridelab-pass,13.00729,77.51779
d00531,ridelab-pass,12.93004,77.53783
d00532,ridelab-pass,13.00505,77.56463
d00533,ridelab-pass,12.94370,77.58047
d00534,ridelab-pass,12.99409,77.57625
d00535,ridelab-pass,12.97821,77.60175
d00536,ridelab-pass,12.97330,77.58350
d00537,ridelab-pass,12.95889,77.60975
d00538,ridelab-pass,13.01706,77.57455
d00539,ridelab-pass,12.98056,77.61156
d00540,ridelab-pass,12.92337,77.55000
d00541,ridelab-pass,12.94868,77.57755
d00542,ridelab-pass,12.99941,77.57782
d00543,ridelab-pass,12.97468,77.59946
d00544,ridelab-pass,12.95131,77.58682
d00545,ridelab-pass,12.99834,77.56378
d00546,ridelab-pass,12.99694,77.51197
d00547,ridelab-pass,12.98090,77.59363
d00548,ridelab-pass,12.98997,77.52224
d00549,ridelab-pass,12.96959,77.58307
d00550,ridelab-pass,12.99178,77.61918
d00551,ridelab-pass,12.92292,77.53473
d00552,ridelab-pass,12.98667,77.51484
d00553,ridelab-pass,12.96062,77.51574
d00554,ridelab-pass,12.98274,77.58263
d00555,ridelab-pass,12.92229,77.52672
d00556,ridelab-pass,12.94910,77.54562
d00557,ridelab-pass,12.96635,77.57762
d00558,ridelab-pass,12.94768,77.51242
d00559,ridelab-pass,12.91697,77.60837
d00560,ridelab-pass,12.93189,77.61836
d00561,ridelab-pass,12.95899,77.52956
d00562,ridelab-pass,12.97557,77.51879
d00563,ridelab-pass,12.93826,77.57790
d00564,ridelab-pass,12.95226,77.51945
d00565,ridelab-pass,12.98507,77.53895
d00566,ridelab-pass,13.02059,77.53216
d00567,ridelab-pass,12.92928,77.54268
d00568,ridelab-pass,13.00268,77.61079
d00569,ridelab-pass,13.00288,77.53587
d00570,ridelab-pass,12.95592,77.57205
d00571,ridelab-pass,12.97061,77.61733
d00572,ridelab-pass,12.99921,77.56804
d00573,ridelab-pass,12.92637,77.62462
d00574,ridelab-pass,13.02406,77.60445
d00575,ridelab-pass,12.99645,77.59612
d00576,ridelab-pass,13.01801,77.59637
d00577,ridelab-pass,12.97684,77.57247
d00578,ridelab-pass,12.98024,77.51607
d00579,ridelab-pass,12.98096,77.52136
d00580,ridelab-pass,13.00996,77.52234
d00581,ridelab-pass,12.94214,77.59584
d00582,ridelab-pass,12.92784,77.53201
d00583,ridelab-pass,12.96643,77.61790
d00584,ridelab-pass,13.02226,77.51985
d00585,ridelab-pass,12.91195,77.52985
d00586,ridelab-pass,13.00152,77.58459
d00587,ridelab-pass,13.00632,77.56837
d00588,ridelab-pass,12.95917,77.60553
d00589,ridelab-pass,12.95261,77.60447
d00590,ridelab-pass,12.97658,77.52214
d00591,ridelab-pass,12.91321,77.56563
d00592,ridelab-pass,12.94845,77.62314
d00593,ridelab-pass,12.91563,77.56523
d00594,ridelab-pass,12.99592,77.54622
d00595,ridelab-pass,12.98819,77.55425
d00596,ridelab-pass,12.93537,77.51857
d00597,ridelab-pass,12.97761,77.58722
d00598,ridelab-pass,12.97392,77.54873
d00599,ridelab-pass,12.92155,77.53029
d00600,ridelab-pass,13.00991,77.55374
d00601,ridelab-pass,12.97965,77.52957
d00602,ridelab-pass,12.93781,77.51771
d00603,ridelab-pass,13.02381,77.54041
d00604,ridelab-pass,12.95953,77.52843
d00605,ridelab-pass,12.96051,77.62185
d00606,ridelab-pass,12.95389,77.51051
d00607,ridelab-pass,12.95710,77.58005
d00608,ridelab-pass,12.94920,77.51445
d00609,ridelab-pass,12.98814,77.56007
d00610,ridelab-pass,13.01327,77.62185
d00611,ridelab-pass,12.98022,77.59767
d00612,ridelab-pass,12.99514,77.51872
d00613,ridelab-pass,12.97905,77.59855
d00614,ridelab-pass,13.00021,77.57735
d00615,ridelab-pass,12.99560,77.60245
d00616,ridelab-pass,13.00477,77.53640
d00617,ridelab-pass,13.02326,77.61136
d00618,ridelab-pass,12.92077,77.54439
d00619,ridelab-pass,12.92006,77.57047
d00620,ridelab-pass,12.92673,77.56057
d00621,ridelab-pass,12.95073,77.57690
d00622,ridelab-pass,12.94613,77.52278
d00623,ridelab-pass,12.91016,77.61371
d00624,ridelab-pass,12.95399,77.58379
d00625,ridelab-pass,12.91831,77.51805
d00626,ridelab-pass,12.97151,77.58333
d00627,ridelab-pass,13.01667,77.54047
d00628,ridelab-pass,13.01086,77.62183
d00629,ridelab-pass,12.95311,77.57587
d00630,ridelab-pass,12.92015,77.58698
d00631,ridelab-pass,13.00154,77.60556
d00632,ridelab-pass,12.97986,77.54808
d00633,ridelab-pass,12.92614,77.55904
d00634,ridelab-pass,12.98187,77.51443
d00635,ridelab-pass,12.94753,77.60869
d00636,ridelab-pass,12.97923,77.61558
d00637,ridelab-pass,12.92328,77.56847
d00638,ridelab-pass,12.93779,77.58345
d00639,ridelab-pass,13.02135,77.58309
d00640,ridelab-pass,13.02013,77.59766
d00641,ridelab-pass,12.93387,77.60557
d00642,ridelab-pass,12.98746,77.58662
d00643,ridelab-pass,13.01514,77.52497
d00644,ridelab-pass,12.99826,77.60832
d00645,ridelab-pass,12.91044,77.57684
d00646,ridelab-pass,12.96841,77.56111
d00647,ridelab-pass,12.94735,77.52081
d00648,ridelab-pass,12.97074,77.60903
d00649,ridelab-pass,13.00023,77.51198
d00650,ridelab-pass,12.97680,77.55025
d00651,ridelab-pass,13.01264,77.60326
d00652,ridelab-pass,12.95457,77.54053
d00653,ridelab-pass,12.91335,77.55938
d00654,ridelab-pass,12.92938,77.59894
d00655,ridelab-pass,12.96873,77.56820
d00656,ridelab-pass,12.92041,77.52486
d00657,ridelab-pass,12.93191,77.52868
d00658,ridelab-pass,12.92342,77.54768
d00659,ridelab-pass,12.97253,77.56882
d00660,ridelab-pass,12.95793,77.56814
d00661,ridelab-pass,12.91648,77.55699
d00662,ridelab-pass,12.98584,77.51248
d00663,ridelab-pass,12.98647,77.61534
d00664,ridelab-pass,13.02212,77.62134
d00665,ridelab-pass,12.94643,77.54523
d00666,ridelab-pass,12.91944,77.51706
d00667,ridelab-pass,12.98648,77.56548
d00668,ridelab-pass,12.91486,77.59356
d00669,ridelab-pass,13.00706,77.58305
d00670,ridelab-pass,12.95606,77.54863
d00671,ridelab-pass,12.91539,77.53934
d00672,ridelab-pass,13.02361,77.60778
d00673,ridelab-pass,12.92934,77.60875
d00674,ridelab-pass,12.91253,77.53129
d00675,ridelab-pass,12.95289,77.53040
d00676,ridelab-pass,13.00372,77.60058
d00677,ridelab-pass,12.99893,77.58019
d00678,ridelab-pass,12.98378,77.61621
d00679,ridelab-pass,13.00266,77.58702
d00680,ridelab-pass,13.02494,77.51082
d00681,ridelab-pass,12.95983,77.56923
d00682,ridelab-pass,12.99622,77.52546
d00683,ridelab-pass,12.96221,77.57149
d00684,ridelab-pass,12.98139,77.60030
d00685,ridelab-pass,12.96389,77.62060
d00686,ridelab-pass,12.93105,77.60905
d00687,ridelab-pass,12.97679,77.59903
d00688,ridelab-pass,13.01420,77.60629
d00689,ridelab-pass,13.00966,77.55769
d00690,ridelab-pass,12.93291,77.55965
d00691,ridelab-pass,12.96600,77.57223
d00692,ridelab-pass,12.98910,77.61788
d00693,ridelab-pass,12.91515,77.52543
d00694,ridelab-pass,12.93786,77.55237
d00695,ridelab-pass,12.95051,77.51184
d00696,ridelab-pass,12.93155,77.53393
d00697,ridelab-pass,12.97314,77.54452
d00698,ridelab-pass,13.00709,77.51089
d00699,ridelab-pass,12.99123,77.55167
d00700,ridelab-pass,13.00138,77.53588
d00701,ridelab-pass,13.01693,77.53284
d00702,ridelab-pass,12.92750,77.61316
d00703,ridelab-pass,12.98841,77.59843
d00704,ridelab-pass,12.96077,77.61564
d00705,ridelab-pass,13.01411,77.60435
d00706,ridelab-pass,13.00245,77.61721
d00707,ridelab-pass,12.92758,77.60545
d00708,ridelab-pass,12.92797,77.58617
d00709,ridelab-pass,12.94118,77.55526
d00710,ridelab-pass,12.94121,77.52422
d00711,ridelab-pass,12.97070,77.61053
d00712,ridelab-pass,12.95096,77.53085
d00713,ridelab-pass,13.00284,77.53994
d00714,ridelab-pass,12.92183,77.51567
d00715,ridelab-pass,12.99045,77.62040
d00716,ridelab-pass,12.98919,77.57610
d00717,ridelab-pass,12.99145,77.59650
d00718,ridelab-pass,13.02401,77.58312
d00719,ridelab-pass,12.92749,77.62499
d00720,ridelab-pass,12.98889,77.55566
d00721,ridelab-pass,13.01321,77.61270
d00722,ridelab-pass,12.95519,77.55814
d00723,ridelab-pass,12.92796,77.61913
d00724,ridelab-pass,12.99102,77.58540
d00725,ridelab-pass,12.93497,77.59576
d00726,ridelab-pass,13.01885,77.60960
d00727,ridelab-pass,12.96289,77.51992
d00728,ridelab-pass,12.98422,77.51601
d00729,ridelab-pass,12.95934,77.55798
d00730,ridelab-pass,13.01732,77.59591
d00731,ridelab-pass,12.92413,77.57259
d00732,ridelab-pass,12.98465,77.53825
d00733,ridelab-pass,12.97705,77.51585
d00734,ridelab-pass,12.99428,77.57796
d00735,ridelab-pass,13.01561,77.61455
d00736,ridelab-pass,12.94431,77.51627
d00737,ridelab-pass,12.98593,77.58844
d00738,ridelab-pass,12.99514,77.54654
d00739,ridelab-pass,12.95684,77.60275
d00740,ridelab-pass,12.97917,77.54180
d00741,ridelab-pass,12.92320,77.59186
d00742,ridelab-pass,12.94427,77.61741
d00743,ridelab-pass,13.00654,77.56092
d00744,ridelab-pass,12.93465,77.51282
d00745,ridelab-pass,12.97182,77.59269
d00746,ridelab-pass,12.92042,77.55890
d00747,ridelab-pass,12.95294,77.56439
d00748,ridelab-pass,12.97830,77.56210
d00749,ridelab-pass,12.98991,77.53599
d00750,ridelab-pass,12.99448,77.56539
d00751,ridelab-pass,12.97744,77.58103
d00752,ridelab-pass,13.01372,77.62204
d00753,ridelab-pass,12.91162,77.59159
d00754,ridelab-pass,12.97135,77.58358
d00755,ridelab-pass,12.93706,77.56074
d00756,ridelab-pass,12.95796,77.55703
d00757,ridelab-pass,13.01529,77.54477
d00758,ridelab-pass,12.96154,77.51520
d00759,ridelab-pass,12.94814,77.53869
d00760,ridelab-pass,12.95498,77.52821
d00761,ridelab-pass,12.94362,77.54895
d00762,ridelab-pass,12.96323,77.56383
d00763,ridelab-pass,12.98341,77.58377
d00764,ridelab-pass,12.96449,77.55847
d00765,ridelab-pass,12.96927,77.58505
d00766,ridelab-pass,12.95098,77.62342
d00767,ridelab-pass,13.00286,77.60715
d00768,ridelab-pass,12.92644,77.53522
d00769,ridelab-pass,12.98112,77.60988
d00770,ridelab-pass,12.96179,77.60352
d00771,ridelab-pass,12.97916,77.51044
d00772,ridelab-pass,13.02190,77.61487
d00773,ridelab-pass,12.95360,77.60348
d00774,ridelab-pass,12.93349,77.58415
d00775,ridelab-pass,12.98368,77.55494
d00776,ridelab-pass,13.00801,77.52466
d00777,ridelab-pass,12.93065,77.57547
d00778,ridelab-pass,12.99358,77.51263
d00779,ridelab-pass,12.98786,77.53566
d00780,ridelab-pass,12.97009,77.56762
d00781,ridelab-pass,12.99445,77.55646
d00782,ridelab-pass,12.99957,77.54525
d00783,ridelab-pass,13.01910,77.55069
d00784,ridelab-pass,12.92912,77.54704
d00785,ridelab-pass,13.01820,77.58964
d00786,ridelab-pass,12.94727,77.52232
d00787,ridelab-pass,12.98923,77.59257
d00788,ridelab-pass,12.92569,77.55203
d00789,ridelab-pass,13.00373,77.58082
d00790,ridelab-pass,13.02081,77.58025
d00791,ridelab-pass,12.92982,77.56895
d00792,ridelab-pass,12.99268,77.62490
d00793,ridelab-pass,12.94573,77.52680
d00794,ridelab-pass,13.00585,77.59194
d00795,ridelab-pass,12.92492,77.56467
d00796,ridelab-pass,13.01979,77.56100
d00797,ridelab-pass,12.97223,77.52108
d00798,ridelab-pass,13.02304,77.55278
d00799,ridelab-pass,12.97252,77.54454
d00800,ridelab-pass,13.01838,77.55796
d00801,ridelab-pass,12.98478,77.60311
d00802,ridelab-pass,13.00361,77.56783
d00803,ridelab-pass,13.00616,77.59080
d00804,ridelab-pass,12.94963,77.56648
d00805,ridelab-pass,12.97374,77.57456
d00806,ridelab-pass,12.98755,77.55779
d00807,ridelab-pass,13.00522,77.60987
d00808,ridelab-pass,12.92953,77.59771
d00809,ridelab-pass,12.92909,77.55199
d00810,ridelab-pass,12.99727,77.51340
d00811,ridelab-pass,13.02210,77.53499
d00812,ridelab-pass,13.00820,77.57563
d00813,ridelab-pass,12.97167,77.61737
d00814,ridelab-pass,12.95005,77.62003
d00815,ridelab-pass,12.99517,77.56681
d00816,ridelab-pass,12.96468,77.60299
d00817,ridelab-pass,12.91590,77.53629
d00818,ridelab-pass,12.95050,77.59065
d00819,ridelab-pass,13.01653,77.58708
d00820,ridelab-pass,12.92757,77.60868
d00821,ridelab-pass,13.02263,77.60120
d00822,ridelab-pass,12.94422,77.60024
d00823,ridelab-pass,12.92397,77.57650
d00824,ridelab-pass,12.99214,77.57190
d00825,ridelab-pass,12.94734,77.57420
d00826,ridelab-pass,12.98070,77.56162
d00827,ridelab-pass,12.94321,77.53203
d00828,ridelab-pass,13.01984,77.61791
d00829,ridelab-pass,12.92512,77.53124
d00830,ridelab-pass,12.97340,77.60443
d00831,ridelab-pass,12.97738,77.62357
d00832,ridelab-pass,12.94911,77.55673
d00833,ridelab-pass,12.92960,77.59898
d00834,ridelab-pass,12.93694,77.53768
d00835,ridelab-pass,13.01575,77.52938
d00836,ridelab-pass,12.94831,77.60894
d00837,ridelab-pass,12.93959,77.53529
d00838,ridelab-pass,13.01218,77.61422
d00839,ridelab-pass,12.95073,77.58839
d00840,ridelab-pass,12.98086,77.59879
d00841,ridelab-pass,12.98602,77.52576
d00842,ridelab-pass,12.98935,77.52832
d00843,ridelab-pass,13.00502,77.51897
d00844,ridelab-pass,12.93171,77.56774
d00845,ridelab-pass,13.00452,77.55079
d00846,ridelab-pass,12.95481,77.52749
d00847,ridelab-pass,12.98956,77.54520
d00848,ridelab-pass,12.94626,77.51223
d00849,ridelab-pass,12.93889,77.52872
d00850,ridelab-pass,12.92291,77.53441
d00851,ridelab-pass,13.00626,77.56834
d00852,ridelab-pass,13.01552,77.57402
d00853,ridelab-pass,12.96654,77.57538
d00854,ridelab-pass,12.99037,77.53464
d00855,ridelab-pass,12.93974,77.58356
d00856,ridelab-pass,12.98547,77.56808
d00857,ridelab-pass,12.95996,77.60630
d00858,ridelab-pass,12.92625,77.52254
d00859,ridelab-pass,12.98621,77.60051
d00860,ridelab-pass,12.94797,77.62058
d00861,ridelab-pass,12.94393,77.53916
d00862,ridelab-pass,12.98503,77.57527
d00863,ridelab-pass,12.91336,77.51951
d00864,ridelab-pass,12.92283,77.55019
d00865,ridelab-pass,12.91289,77.59651
d00866,ridelab-pass,12.98375,77.57473
d00867,ridelab-pass,12.94039,77.52794
d00868,ridelab-pass,13.01757,77.56227
d00869,ridelab-pass,12.94404,77.56265
d00870,ridelab-pass,12.97251,77.61274
d00871,ridelab-pass,12.97058,77.54061
d00872,ridelab-pass,12.91921,77.60961
d00873,ridelab-pass,13.00315,77.59087
d00874,ridelab-pass,12.93485,77.61195
d00875,ridelab-pass,12.96655,77.59058
d00876,ridelab-pass,12.91378,77.56885
d00877,ridelab-pass,13.00043,77.60286
d00878,ridelab-pass,13.00161,77.55966
d00879,ridelab-pass,12.93865,77.60925
d00880,ridelab-pass,13.01439,77.61685
d00881,ridelab-pass,12.97038,77.61499
d00882,ridelab-pass,12.91145,77.61293
d00883,ridelab-pass,12.93183,77.53260
d00884,ridelab-pass,12.95929,77.58495
d00885,ridelab-pass,12.94040,77.53261
d00886,ridelab-pass,13.00665,77.57599
d00887,ridelab-pass,12.96050,77.59842
d00888,ridelab-pass,12.98517,77.61521
d00889,ridelab-pass,12.95534,77.52745
d00890,ridelab-pass,12.91800,77.58624
d00891,ridelab-pass,12.94698,77.51547
d00892,ridelab-pass,12.97110,77.57946
d00893,ridelab-pass,13.01512,77.54348
d00894,ridelab-pass,12.95011,77.61531
d00895,ridelab-pass,12.98772,77.52706
d00896,ridelab-pass,12.95294,77.53102
d00897,ridelab-pass,12.99169,77.58768
d00898,ridelab-pass,12.96416,77.51511
d00899,ridelab-pass,12.96851,77.53852
d00900,ridelab-pass,12.96905,77.53562
d00901,ridelab-pass,12.91842,77.61210
d00902,ridelab-pass,12.98160,77.60452
d00903,ridelab-pass,12.98217,77.51392
d00904,ridelab-pass,13.02376,77.53837
d00905,ridelab-pass,12.91343,77.54389
d00906,ridelab-pass,12.91993,77.55612
d00907,ridelab-pass,12.98934,77.56847
d00908,ridelab-pass,12.96534,77.62316
d00909,ridelab-pass,12.96438,77.61950
d00910,ridelab-pass,12.98924,77.55768
d00911,ridelab-pass,13.00842,77.53412
d00912,ridelab-pass,12.93313,77.61421
d00913,ridelab-pass,12.95126,77.56306
d00914,ridelab-pass,12.98626,77.61623
d00915,ridelab-pass,12.97368,77.62028
d00916,ridelab-pass,12.99103,77.58251
d00917,ridelab-pass,12.98125,77.53912
d00918,ridelab-pass,13.01093,77.53587
d00919,ridelab-pass,13.01516,77.59384
d00920,ridelab-pass,12.95000,77.52748
d00921,ridelab-pass,13.00066,77.58761
d00922,ridelab-pass,13.00685,77.53110
d00923,ridelab-pass,12.92936,77.53176
d00924,ridelab-pass,12.96862,77.59698
d00925,ridelab-pass,12.95238,77.52212
d00926,ridelab-pass,12.96571,77.56090
d00927,ridelab-pass,13.00437,77.62393
d00928,ridelab-pass,12.96938,77.54176
d00929,ridelab-pass,12.93256,77.51081
d00930,ridelab-pass,12.91285,77.53045
d00931,ridelab-pass,12.93809,77.55599
d00932,ridelab-pass,13.00527,77.61019
d00933,ridelab-pass,13.00768,77.58378
d00934,ridelab-pass,13.02299,77.61916
d00935,ridelab-pass,12.94156,77.55403
d00936,ridelab-pass,13.02279,77.62386
d00937,ridelab-pass,12.94985,77.53886
d00938,ridelab-pass,13.00218,77.51835
d00939,ridelab-pass,13.02222,77.53389
d00940,ridelab-pass,13.00053,77.58033
d00941,ridelab-pass,12.96369,77.61004
d00942,ridelab-pass,12.93818,77.59155
d00943,ridelab-pass,12.93669,77.59838
d00944,ridelab-pass,12.98145,77.58647
d00945,ridelab-pass,13.00141,77.56308
d00946,ridelab-pass,12.98547,77.60394
d00947,ridelab-pass,13.01453,77.58205
d00948,ridelab-pass,12.91656,77.56437
d00949,ridelab-pass,13.01307,77.59023
d00950,ridelab-pass,12.92910,77.59811
d00951,ridelab-pass,12.99591,77.52336
d00952,ridelab-pass,12.92644,77.57532
d00953,ridelab-pass,12.93593,77.51211
d00954,ridelab-pass,13.00784,77.61626
d00955,ridelab-pass,13.02058,77.53846
d00956,ridelab-pass,13.02054,77.51849
d00957,ridelab-pass,12.99792,77.55022
d00958,ridelab-pass,12.96856,77.62262
d00959,ridelab-pass,12.99395,77.55066
d00960,ridelab-pass,12.99540,77.55673
d00961,ridelab-pass,12.97136,77.51658
d00962,ridelab-pass,13.02356,77.51573
d00963,ridelab-pass,12.91055,77.53838
d00964,ridelab-pass,12.99030,77.59556
d00965,ridelab-pass,12.92307,77.54413
d00966,ridelab-pass,12.96883,77.61646
d00967,ridelab-pass,12.93531,77.52823
d00968,ridelab-pass,12.94832,77.52969
d00969,ridelab-pass,13.01888,77.61598
d00970,ridelab-pass,12.91321,77.58669
d00971,ridelab-pass,12.95101,77.52338
d00972,ridelab-pass,13.00641,77.54287
d00973,ridelab-pass,12.91134,77.53849
d00974,ridelab-pass,13.00292,77.52902
d00975,ridelab-pass,13.02451,77.57624
d00976,ridelab-pass,13.00426,77.60279
d00977,ridelab-pass,12.99739,77.58828
d00978,ridelab-pass,12.92692,77.61018
d00979,ridelab-pass,12.91934,77.55121
d00980,ridelab-pass,13.01793,77.59795
d00981,ridelab-pass,12.94069,77.62164
d00982,ridelab-pass,12.98599,77.51836
d00983,ridelab-pass,12.97319,77.54734
d00984,ridelab-pass,13.01421,77.51989
d00985,ridelab-pass,12.97076,77.53552
d00986,ridelab-pass,12.98284,77.52747
d00987,ridelab-pass,12.93024,77.60471
d00988,ridelab-pass,12.97579,77.56047
d00989,ridelab-pass,12.91572,77.51786
d00990,ridelab-pass,12.97968,77.54422
d00991,ridelab-pass,13.00930,77.53725
d00992,ridelab-pass,13.01208,77.61717
d00993,ridelab-pass,12.91244,77.56411
d00994,ridelab-pass,12.96147,77.58423
d00995,ridelab-pass,13.01961,77.51401
d00996,ridelab-pass,13.01108,77.55985
d00997,ridelab-pass,12.95253,77.58921
d00998,ridelab-pass,12.94643,77.52201
d00999,ridelab-pass,12.91360,77.51551
d01000,ridelab-pass,13.02318,77.52851
