riderId,password,pickupLat,pickupLng,dropoffLat,dropoffLng
r0001,ridelab-pass,12.97672,77.58563,12.95179,77.59291
r0002,ridelab-pass,12.98549,77.59917,12.98864,77.61627
r0003,ridelab-pass,13.00075,77.57867,12.99431,77.58764
r0004,ridelab-pass,12.96518,77.54849,12.95993,77.52989
r0005,ridelab-pass,12.93098,77.54625,12.95604,77.54156
r0006,ridelab-pass,12.98743,77.54197,12.97643,77.54533
r0007,ridelab-pass,12.97631,77.53950,12.97658,77.56419
r0008,ridelab-pass,12.94571,77.54616,12.94299,77.57071
r0009,ridelab-pass,12.95170,77.60211,12.94653,77.58155
r0010,ridelab-pass,12.94536,77.60057,12.92078,77.59095
r0011,ridelab-pass,12.99703,77.55241,13.00621,77.54470
r0012,ridelab-pass,12.94093,77.53489,12.95976,77.52859
r0013,ridelab-pass,12.93025,77.58085,12.94267,77.57320
r0014,ridelab-pass,12.99139,77.56606,13.00756,77.55896
r0015,ridelab-pass,12.98285,77.53428,12.98138,77.54357
r0016,ridelab-pass,12.98623,77.59337,12.98886,77.61640
r0017,ridelab-pass,12.95746,77.57339,12.95802,77.58321
r0018,ridelab-pass,12.94357,77.60164,12.96491,77.60909
r0019,ridelab-pass,12.99972,77.60065,13.01248,77.59205
r0020,ridelab-pass,12.96935,77.58817,12.98346,77.60566
r0021,ridelab-pass,12.98979,77.59448,12.99573,77.61982
r0022,ridelab-pass,12.93684,77.55556,12.92047,77.53597
r0023,ridelab-pass,12.95550,77.59931,12.95140,77.58528
r0024,ridelab-pass,12.95376,77.54331,12.95927,77.55361
r0025,ridelab-pass,12.98169,77.60475,12.99008,77.60996
r0026,ridelab-pass,13.00400,77.57001,13.01140,77.55900
r0027,ridelab-pass,12.97455,77.59197,12.97911,77.57602
r0028,ridelab-pass,12.93418,77.59871,12.93783,77.61621
r0029,ridelab-pass,12.99288,77.53979,12.96696,77.53679
r0030,ridelab-pass,12.97728,77.58910,12.98773,77.60229
r0031,ridelab-pass,12.94119,77.59336,12.95767,77.58859
r0032,ridelab-pass,13.00495,77.59392,13.00237,77.61089
r0033,ridelab-pass,12.96661,77.58471,12.96848,77.57060
r0034,ridelab-pass,12.96028,77.54099,12.97899,77.52181
r0035,ridelab-pass,13.00199,77.57702,13.00205,77.56193
r0036,ridelab-pass,12.93669,77.55042,12.91257,77.55534
r0037,ridelab-pass,12.95710,77.58895,12.93586,77.59230
r0038,ridelab-pass,12.97980,77.58697,12.99620,77.57280
r0039,ridelab-pass,12.95106,77.56643,12.92979,77.56908
r0040,ridelab-pass,12.95204,77.60092,12.93632,77.58945
r0041,ridelab-pass,12.93087,77.57102,12.95196,77.57093
r0042,ridelab-pass,12.96472,77.59125,12.94605,77.57722
r0043,ridelab-pass,12.95609,77.57830,12.93225,77.57648
r0044,ridelab-pass,12.95625,77.59322,12.94065,77.60785
r0045,ridelab-pass,13.00321,77.60174,13.00110,77.58333
r0046,ridelab-pass,12.94246,77.59275,12.93572,77.60899
r0047,ridelab-pass,12.98186,77.58398,12.96986,77.58249
r0048,ridelab-pass,12.98853,77.57356,12.97423,77.56518
r0049,ridelab-pass,12.97678,77.58810,12.96013,77.57377
r0050,ridelab-pass,12.93207,77.54200,12.93956,77.52270
r0051,ridelab-pass,12.94643,77.58145,12.93928,77.57481
r0052,ridelab-pass,12.96537,77.54697,12.96917,77.55772
r0053,ridelab-pass,12.95380,77.54362,12.96284,77.54698
r0054,ridelab-pass,12.96490,77.55852,12.95222,77.54354
r0055,ridelab-pass,12.94784,77.59774,12.94791,77.61404
r0056,ridelab-pass,12.95089,77.56075,12.96675,77.57872
r0057,ridelab-pass,12.95804,77.53270,12.95103,77.52461
r0058,ridelab-pass,12.97089,77.55545,12.95812,77.53252
r0059,ridelab-pass,12.99139,77.56143,12.97242,77.56936
r0060,ridelab-pass,12.95771,77.54066,12.94685,77.52488
r0061,ridelab-pass,13.00179,77.60260,12.99213,77.59071
r0062,ridelab-pass,12.99701,77.53007,13.00904,77.54501
r0063,ridelab-pass,12.97614,77.54055,12.95794,77.52335
r0064,ridelab-pass,12.95819,77.56238,12.97228,77.56449
r0065,ridelab-pass,13.00293,77.55848,12.99678,77.58318
r0066,ridelab-pass,12.97469,77.54949,12.97255,77.56729
r0067,ridelab-pass,12.96116,77.55394,12.95940,77.57170
r0068,ridelab-pass,12.95148,77.56577,12.96547,77.58032
r0069,ridelab-pass,12.96326,77.55198,12.93985,77.55671
r0070,ridelab-pass,12.93099,77.56994,12.95654,77.56610
r0071,ridelab-pass,12.98864,77.54842,13.00036,77.54712
r0072,ridelab-pass,13.00416,77.55199,12.99315,77.53833
r0073,ridelab-pass,12.97837,77.57529,12.96725,77.57483
r0074,ridelab-pass,12.98703,77.55255,12.98389,77.53783
r0075,ridelab-pass,12.95226,77.56974,12.95571,77.55463
r0076,ridelab-pass,12.98588,77.57431,12.98895,77.58750
r0077,ridelab-pass,12.96417,77.59874,12.95199,77.61309
r0078,ridelab-pass,12.93109,77.58838,12.93958,77.57098
r0079,ridelab-pass,12.98311,77.57742,12.98600,77.55217
r0080,ridelab-pass,12.95891,77.55939,12.94886,77.56688
r0081,ridelab-pass,12.95223,77.59225,12.96193,77.61426
r0082,ridelab-pass,12.98210,77.56246,13.00455,77.55724
r0083,ridelab-pass,12.99830,77.54070,13.00085,77.52199
r0084,ridelab-pass,12.96733,77.55481,12.98339,77.56594
r0085,ridelab-pass,12.99089,77.53513,13.01445,77.53811
r0086,ridelab-pass,12.98938,77.57977,12.99290,77.60149
r0087,ridelab-pass,13.00340,77.60488,12.99398,77.60190
r0088,ridelab-pass,12.99315,77.54644,12.97243,77.53052
r0089,ridelab-pass,12.98343,77.54010,13.00805,77.53336
r0090,ridelab-pass,12.94123,77.57580,12.94736,77.56559
r0091,ridelab-pass,12.97668,77.53327,12.98663,77.54557
r0092,ridelab-pass,12.93540,77.53432,12.92522,77.51441
r0093,ridelab-pass,12.99588,77.54007,13.00199,77.52674
r0094,ridelab-pass,12.97502,77.56672,12.96909,77.58130
r0095,ridelab-pass,12.93418,77.58230,12.95074,77.59415
r0096,ridelab-pass,12.96794,77.59828,12.96112,77.57929
r0097,ridelab-pass,12.94974,77.57138,12.97225,77.57078
r0098,ridelab-pass,12.96877,77.54003,12.98438,77.54157
r0099,ridelab-pass,12.98526,77.54345,12.96502,77.53870
r0100,ridelab-pass,12.93639,77.58010,12.94249,77.58955
r0101,ridelab-pass,12.97455,77.54789,12.96222,77.56052
r0102,ridelab-pass,12.95425,77.58973,12.95830,77.61141
r0103,ridelab-pass,12.93402,77.54131,12.92771,77.56161
r0104,ridelab-pass,12.94673,77.53871,12.94315,77.55937
r0105,ridelab-pass,12.99154,77.54048,12.98069,77.52960
r0106,ridelab-pass,12.94763,77.55499,12.93761,77.54346
r0107,ridelab-pass,12.95893,77.54023,12.94089,77.55031
r0108,ridelab-pass,12.99034,77.56250,12.97563,77.57342
r0109,ridelab-pass,12.97445,77.57299,12.95836,77.57200
r0110,ridelab-pass,12.93727,77.53249,12.94655,77.53535
r0111,ridelab-pass,12.99669,77.56607,12.98771,77.56666
r0112,ridelab-pass,12.96526,77.59673,12.95386,77.58451
r0113,ridelab-pass,12.96492,77.53748,12.97472,77.54417
r0114,ridelab-pass,12.95810,77.55892,12.95008,77.56750
r0115,ridelab-pass,12.94906,77.55081,12.96109,77.55828
r0116,ridelab-pass,12.94764,77.56615,12.95277,77.59127
r0117,ridelab-pass,12.95767,77.60035,12.93814,77.59229
r0118,ridelab-pass,12.96538,77.60091,12.97958,77.61643
r0119,ridelab-pass,12.95183,77.58058,12.94000,77.57904
r0120,ridelab-pass,12.94508,77.53187,12.95541,77.53314
r0121,ridelab-pass,12.96008,77.60302,12.97109,77.59341
r0122,ridelab-pass,12.96510,77.55124,12.94331,77.54881
r0123,ridelab-pass,12.94225,77.54804,12.91936,77.53586
r0124,ridelab-pass,12.97844,77.56230,12.97704,77.57130
r0125,ridelab-pass,12.93457,77.58844,12.93981,77.58016
r0126,ridelab-pass,12.97113,77.60422,12.96931,77.58903
r0127,ridelab-pass,12.93704,77.53534,12.92644,77.54969
r0128,ridelab-pass,13.00018,77.53403,13.01008,77.53444
r0129,ridelab-pass,12.95980,77.53451,12.97612,77.53395
r0130,ridelab-pass,12.95295,77.53385,12.95915,77.55960
r0131,ridelab-pass,12.94345,77.56815,12.95414,77.55297
r0132,ridelab-pass,12.93633,77.55354,12.94810,77.56814
r0133,ridelab-pass,12.99910,77.57487,12.98902,77.58287
r0134,ridelab-pass,12.93131,77.57047,12.93293,77.55126
r0135,ridelab-pass,12.95825,77.57688,12.93311,77.57300
r0136,ridelab-pass,12.95307,77.56368,12.94151,77.56970
r0137,ridelab-pass,12.93868,77.55338,12.95066,77.57290
r0138,ridelab-pass,12.99146,77.55347,12.99909,77.56065
r0139,ridelab-pass,12.94836,77.53632,12.95677,77.51885
r0140,ridelab-pass,12.94840,77.53461,12.93901,77.53160
r0141,ridelab-pass,12.94499,77.55145,12.95267,77.54389
r0142,ridelab-pass,12.96154,77.55354,12.94254,77.55382
r0143,ridelab-pass,12.99721,77.57906,12.97790,77.58024
r0144,ridelab-pass,12.96316,77.59126,12.94146,77.57660
r0145,ridelab-pass,12.98460,77.58259,13.00807,77.57997
r0146,ridelab-pass,12.95868,77.53977,12.96353,77.55080
r0147,ridelab-pass,12.94969,77.58069,12.95959,77.57845
r0148,ridelab-pass,12.98728,77.57179,12.98899,77.58156
r0149,ridelab-pass,12.93976,77.55679,12.91964,77.57339
r0150,ridelab-pass,12.97590,77.54733,12.98261,77.53333
r0151,ridelab-pass,12.95478,77.53093,12.94269,77.51033
r0152,ridelab-pass,12.98451,77.53715,12.98223,77.52528
r0153,ridelab-pass,12.98321,77.56347,12.97443,77.58506
r0154,ridelab-pass,12.93887,77.55378,12.93006,77.56867
r0155,ridelab-pass,12.96256,77.56311,12.93686,77.56594
r0156,ridelab-pass,12.96995,77.60272,12.96378,77.59378
r0157,ridelab-pass,12.99107,77.56146,12.99966,77.58664
r0158,ridelab-pass,12.93247,77.57327,12.93527,77.54856
r0159,ridelab-pass,12.95945,77.54617,12.97189,77.54404
r0160,ridelab-pass,12.97218,77.55677,12.95883,77.55686
r0161,ridelab-pass,12.95638,77.54862,12.95372,77.57259
r0162,ridelab-pass,12.99374,77.57636,13.00049,77.56696
r0163,ridelab-pass,12.99238,77.56676,12.99521,77.57847
r0164,ridelab-pass,12.93740,77.58383,12.93002,77.59402
r0165,ridelab-pass,12.98978,77.55430,12.96739,77.54426
r0166,ridelab-pass,12.97673,77.59003,12.98317,77.58348
r0167,ridelab-pass,12.96838,77.57400,12.98306,77.58038
r0168,ridelab-pass,12.95379,77.53203,12.96849,77.52599
r0169,ridelab-pass,12.96571,77.58275,12.98151,77.56125
r0170,ridelab-pass,12.99116,77.59929,12.97145,77.59188
r0171,ridelab-pass,12.97025,77.58990,12.98520,77.57709
r0172,ridelab-pass,12.98096,77.56917,12.99112,77.56695
r0173,ridelab-pass,12.93655,77.55669,12.92557,77.53685
r0174,ridelab-pass,12.98358,77.55301,12.97758,77.56559
r0175,ridelab-pass,12.98371,77.53540,12.96265,77.53585
r0176,ridelab-pass,13.00177,77.59729,12.97950,77.58809
r0177,ridelab-pass,12.98540,77.57582,13.00309,77.58051
r0178,ridelab-pass,12.99721,77.54793,12.99423,77.56649
r0179,ridelab-pass,12.95951,77.53022,12.96728,77.52081
r0180,ridelab-pass,12.97898,77.59747,12.96826,77.61440
r0181,ridelab-pass,12.95900,77.53817,12.94142,77.53105
r0182,ridelab-pass,12.98364,77.55805,12.97527,77.56777
r0183,ridelab-pass,12.95292,77.55007,12.93545,77.53198
r0184,ridelab-pass,12.94256,77.57746,12.92958,77.57881
r0185,ridelab-pass,12.93470,77.57244,12.91298,77.58443
r0186,ridelab-pass,12.98460,77.56126,12.99297,77.54474
r0187,ridelab-pass,12.99785,77.55267,13.01738,77.54885
r0188,ridelab-pass,13.00249,77.54404,13.00460,77.55492
r0189,ridelab-pass,12.97219,77.57526,12.98356,77.58027
r0190,ridelab-pass,12.97459,77.57848,12.95401,77.57036
r0191,ridelab-pass,12.93460,77.56635,12.91200,77.57965
r0192,ridelab-pass,12.95388,77.59378,12.93357,77.57806
r0193,ridelab-pass,12.94718,77.58226,12.93238,77.59175
r0194,ridelab-pass,12.93756,77.54451,12.94645,77.55042
r0195,ridelab-pass,12.94140,77.57618,12.95527,77.59408
r0196,ridelab-pass,12.98522,77.59123,12.96461,77.59846
r0197,ridelab-pass,12.99931,77.60177,12.98065,77.58313
r0198,ridelab-pass,12.93775,77.53772,12.94276,77.54940
r0199,ridelab-pass,12.95808,77.56440,12.93781,77.55494
r0200,ridelab-pass,12.93628,77.56024,12.93203,77.54507
r0201,ridelab-pass,12.93882,77.57478,12.95394,77.55977
r0202,ridelab-pass,12.96716,77.60220,12.96368,77.61189
r0203,ridelab-pass,12.98698,77.58409,12.99763,77.58093
r0204,ridelab-pass,12.96593,77.55656,12.94048,77.55453
r0205,ridelab-pass,12.95866,77.55179,12.95882,77.53025
r0206,ridelab-pass,12.98918,77.57318,13.00362,77.56888
r0207,ridelab-pass,12.99360,77.56894,12.99876,77.58469
r0208,ridelab-pass,12.94784,77.57996,12.95401,77.59239
r0209,ridelab-pass,12.93720,77.56582,12.93540,77.58447
r0210,ridelab-pass,12.95897,77.60004,12.96737,77.61295
r0211,ridelab-pass,12.99081,77.53038,12.97539,77.53193
r0212,ridelab-pass,12.93123,77.54881,12.93535,77.53347
r0213,ridelab-pass,12.96876,77.53398,12.99478,77.53919
r0214,ridelab-pass,12.96320,77.56539,12.97036,77.57745
r0215,ridelab-pass,13.00161,77.58153,13.00112,77.57159
r0216,ridelab-pass,12.95945,77.58838,12.96731,77.57033
r0217,ridelab-pass,12.99768,77.57839,12.99041,77.57204
r0218,ridelab-pass,12.93179,77.58772,12.94461,77.56657
r0219,ridelab-pass,12.99193,77.59865,13.01058,77.57915
r0220,ridelab-pass,12.98672,77.59688,13.00522,77.61064
r0221,ridelab-pass,12.96166,77.60291,12.96119,77.61580
r0222,ridelab-pass,12.96161,77.55032,12.96427,77.53641
r0223,ridelab-pass,12.97999,77.53925,12.99505,77.54763
r0224,ridelab-pass,12.93554,77.55859,12.92056,77.57852
r0225,ridelab-pass,12.94474,77.53139,12.92156,77.54381
r0226,ridelab-pass,12.97492,77.54023,13.00039,77.54238
r0227,ridelab-pass,13.00032,77.53233,13.01566,77.53899
r0228,ridelab-pass,12.95000,77.58654,12.96644,77.57052
r0229,ridelab-pass,12.94140,77.56887,12.93801,77.59024
r0230,ridelab-pass,12.93675,77.53832,12.92440,77.52855
r0231,ridelab-pass,12.95765,77.56583,12.94469,77.54284
r0232,ridelab-pass,12.94807,77.57265,12.96682,77.57111
r0233,ridelab-pass,12.98486,77.54002,12.98742,77.51847
r0234,ridelab-pass,12.93061,77.58783,12.93943,77.57206
r0235,ridelab-pass,12.97579,77.58947,12.98200,77.60637
r0236,ridelab-pass,12.93287,77.55891,12.94061,77.55360
r0237,ridelab-pass,12.95233,77.56375,12.93113,77.54932
r0238,ridelab-pass,12.95778,77.56975,12.93260,77.56382
r0239,ridelab-pass,13.00122,77.60410,13.01259,77.60027
r0240,ridelab-pass,12.99989,77.53580,13.00694,77.51470
r0241,ridelab-pass,12.96966,77.55916,12.96309,77.57195
r0242,ridelab-pass,12.97138,77.59223,12.98306,77.60214
r0243,ridelab-pass,12.96707,77.57244,12.98363,77.57699
r0244,ridelab-pass,12.93449,77.53659,12.94419,77.53026
r0245,ridelab-pass,13.00256,77.54975,13.02537,77.54603
r0246,ridelab-pass,12.98559,77.54966,12.96778,77.55933
r0247,ridelab-pass,12.95915,77.57716,12.97288,77.57753
r0248,ridelab-pass,12.99574,77.56290,12.98841,77.57263
r0249,ridelab-pass,12.94030,77.53390,12.92124,77.53266
r0250,ridelab-pass,12.93072,77.53325,12.91473,77.54128
r0251,ridelab-pass,12.99535,77.53298,12.98946,77.52356
r0252,ridelab-pass,12.98408,77.57585,12.97568,77.56595
r0253,ridelab-pass,13.00118,77.53833,13.00952,77.55794
r0254,ridelab-pass,12.93696,77.53501,12.94207,77.51497
r0255,ridelab-pass,12.99691,77.58406,13.00559,77.60272
r0256,ridelab-pass,12.99327,77.53904,12.97962,77.53943
r0257,ridelab-pass,12.95240,77.53011,12.93414,77.53106
r0258,ridelab-pass,12.99765,77.56491,13.00833,77.57213
r0259,ridelab-pass,12.94975,77.60101,12.95992,77.60395
r0260,ridelab-pass,12.95646,77.53593,12.96560,77.51793
r0261,ridelab-pass,12.97880,77.54311,12.99246,77.55459
r0262,ridelab-pass,12.98154,77.56354,12.97025,77.54076
r0263,ridelab-pass,12.94088,77.55009,12.94161,77.53145
r0264,ridelab-pass,12.99751,77.57165,12.98341,77.56299
r0265,ridelab-pass,12.98882,77.59269,12.99935,77.58973
r0266,ridelab-pass,12.94944,77.55682,12.94065,77.56740
r0267,ridelab-pass,12.97720,77.57805,12.97419,77.58873
r0268,ridelab-pass,12.98774,77.55523,13.00002,77.57149
r0269,ridelab-pass,12.99333,77.57369,13.00149,77.59890
r0270,ridelab-pass,12.95881,77.57772,12.94530,77.57550
r0271,ridelab-pass,12.96063,77.55470,12.96639,77.56307
r0272,ridelab-pass,12.98376,77.56079,12.97637,77.56771
r0273,ridelab-pass,12.95261,77.54351,12.94452,77.56529
r0274,ridelab-pass,12.99723,77.56798,13.00727,77.58106
r0275,ridelab-pass,12.94696,77.53202,12.94132,77.51896
r0276,ridelab-pass,12.93809,77.56837,12.92748,77.59213
r0277,ridelab-pass,12.96496,77.53771,12.95397,77.53900
r0278,ridelab-pass,12.97031,77.53628,12.96880,77.55499
r0279,ridelab-pass,12.96281,77.55041,12.95447,77.52525
r0280,ridelab-pass,12.96209,77.54569,12.95974,77.52027
r0281,ridelab-pass,12.95863,77.57754,12.95137,77.59051
r0282,ridelab-pass,12.99082,77.56968,12.99847,77.57605
r0283,ridelab-pass,13.00042,77.56495,13.00934,77.54104
r0284,ridelab-pass,12.97305,77.56751,12.99493,77.56275
r0285,ridelab-pass,12.94922,77.56529,12.92936,77.56635
r0286,ridelab-pass,12.94006,77.54520,12.91925,77.53771
r0287,ridelab-pass,12.93770,77.60481,12.94663,77.61285
r0288,ridelab-pass,12.93673,77.56348,12.92005,77.54563
r0289,ridelab-pass,12.94224,77.58240,12.95418,77.59775
r0290,ridelab-pass,12.94889,77.55672,12.95601,77.57751
r0291,ridelab-pass,12.93917,77.58731,12.95599,77.57715
r0292,ridelab-pass,12.97793,77.56665,12.95972,77.58457
r0293,ridelab-pass,12.95116,77.55503,12.94320,77.56319
r0294,ridelab-pass,12.96150,77.56110,12.95983,77.57228
r0295,ridelab-pass,12.97913,77.58678,12.97019,77.58555
r0296,ridelab-pass,13.00077,77.55343,12.98410,77.56604
r0297,ridelab-pass,12.96156,77.59283,12.94806,77.58603
r0298,ridelab-pass,12.98489,77.56789,12.96541,77.56309
r0299,ridelab-pass,12.98970,77.54195,12.99001,77.53293
r0300,ridelab-pass,12.98931,77.58786,12.98096,77.59295
r0301,ridelab-pass,12.97014,77.56589,12.97877,77.57514
r0302,ridelab-pass,13.00308,77.59395,13.02693,77.59572
r0303,ridelab-pass,12.97882,77.55887,12.96847,77.55081
r0304,ridelab-pass,12.95053,77.53076,12.93432,77.51998
r0305,ridelab-pass,12.98576,77.56778,12.99153,77.55447
r0306,ridelab-pass,12.98515,77.55796,12.97222,77.53938
r0307,ridelab-pass,12.96334,77.58146,12.96850,77.59414
r0308,ridelab-pass,12.99305,77.54106,12.99628,77.54974
r0309,ridelab-pass,12.98746,77.53797,12.99185,77.52166
r0310,ridelab-pass,12.99022,77.56575,12.98893,77.55639
r0311,ridelab-pass,12.98964,77.58755,12.97282,77.57041
r0312,ridelab-pass,12.97606,77.58370,12.95986,77.59562
r0313,ridelab-pass,12.93152,77.59634,12.93069,77.60894
r0314,ridelab-pass,12.93496,77.55550,12.94416,77.56815
r0315,ridelab-pass,12.93669,77.54651,12.93704,77.56323
r0316,ridelab-pass,12.95250,77.58466,12.96021,77.57548
r0317,ridelab-pass,13.00150,77.59709,12.98953,77.59228
r0318,ridelab-pass,12.96020,77.56382,12.96534,77.55587
r0319,ridelab-pass,12.96418,77.58758,12.94122,77.57906
r0320,ridelab-pass,12.98122,77.58721,12.96271,77.60475
r0321,ridelab-pass,12.98948,77.56121,12.97189,77.55001
r0322,ridelab-pass,12.99620,77.58352,13.00053,77.57186
r0323,ridelab-pass,12.95456,77.54878,12.93377,77.53930
r0324,ridelab-pass,12.94441,77.57001,12.93126,77.57838
r0325,ridelab-pass,12.93710,77.57542,12.94592,77.56790
r0326,ridelab-pass,12.95160,77.53052,12.96501,77.54040
r0327,ridelab-pass,12.93787,77.53045,12.92977,77.50549
r0328,ridelab-pass,12.99255,77.55446,12.98778,77.56374
r0329,ridelab-pass,12.94128,77.53051,12.94841,77.54902
r0330,ridelab-pass,12.98677,77.56583,12.97060,77.57146
r0331,ridelab-pass,12.99890,77.57560,12.99613,77.56385
r0332,ridelab-pass,12.96199,77.56302,12.95020,77.56882
r0333,ridelab-pass,12.95210,77.59125,12.96014,77.60809
r0334,ridelab-pass,12.94647,77.57989,12.94049,77.57102
r0335,ridelab-pass,12.98477,77.56055,13.00682,77.55006
r0336,ridelab-pass,12.98841,77.55322,12.97832,77.54829
r0337,ridelab-pass,12.96892,77.53619,12.94920,77.52004
r0338,ridelab-pass,12.97772,77.53305,12.97629,77.51566
r0339,ridelab-pass,12.96323,77.54134,12.98005,77.53832
r0340,ridelab-pass,12.93533,77.58058,12.94955,77.58116
r0341,ridelab-pass,12.93681,77.55270,12.93084,77.56564
r0342,ridelab-pass,12.93720,77.55593,12.93361,77.56589
r0343,ridelab-pass,12.95569,77.54568,12.93994,77.53849
r0344,ridelab-pass,12.93737,77.59467,12.95620,77.58461
r0345,ridelab-pass,12.96396,77.59538,12.96865,77.60762
r0346,ridelab-pass,12.95142,77.54983,12.93519,77.55771
r0347,ridelab-pass,12.95601,77.56801,12.94014,77.57892
r0348,ridelab-pass,12.96386,77.57926,12.95307,77.56704
r0349,ridelab-pass,12.96197,77.53988,12.97125,77.51685
r0350,ridelab-pass,12.95295,77.55739,12.94109,77.54175
r0351,ridelab-pass,12.94315,77.56344,12.93346,77.56246
r0352,ridelab-pass,12.93816,77.58666,12.93243,77.59511
r0353,ridelab-pass,12.93611,77.57699,12.95644,77.57251
r0354,ridelab-pass,12.93257,77.56424,12.94530,77.57214
r0355,ridelab-pass,12.98202,77.56825,12.96279,77.58287
r0356,ridelab-pass,12.97646,77.59356,12.99220,77.60129
r0357,ridelab-pass,12.95397,77.57687,12.97002,77.59596
r0358,ridelab-pass,12.95779,77.58878,12.94867,77.61305
r0359,ridelab-pass,12.95927,77.59427,12.95905,77.60561
r0360,ridelab-pass,12.98606,77.58454,12.98974,77.57103
r0361,ridelab-pass,12.94300,77.56088,12.93627,77.57565
r0362,ridelab-pass,12.94915,77.57646,12.95684,77.55795
r0363,ridelab-pass,12.96409,77.55148,12.96934,77.57462
r0364,ridelab-pass,12.97942,77.54828,12.97950,77.52882
r0365,ridelab-pass,12.96777,77.59757,12.95349,77.60017
r0366,ridelab-pass,12.95540,77.57588,12.97740,77.58940
r0367,ridelab-pass,12.93341,77.56746,12.95168,77.56476
r0368,ridelab-pass,12.93342,77.54682,12.93183,77.56995
r0369,ridelab-pass,12.94658,77.56420,12.94885,77.57517
r0370,ridelab-pass,12.94439,77.60382,12.95684,77.59873
r0371,ridelab-pass,12.93490,77.53824,12.93425,77.56056
r0372,ridelab-pass,12.99903,77.59268,12.98572,77.59545
r0373,ridelab-pass,12.94268,77.55025,12.94754,77.56139
r0374,ridelab-pass,12.98399,77.56683,12.98495,77.58128
r0375,ridelab-pass,12.99372,77.59382,12.97173,77.59097
r0376,ridelab-pass,12.99838,77.57179,13.01131,77.55743
r0377,ridelab-pass,12.95118,77.53273,12.96839,77.53166
r0378,ridelab-pass,12.93901,77.53605,12.95464,77.53631
r0379,ridelab-pass,13.00178,77.56652,12.98264,77.57816
r0380,ridelab-pass,12.97443,77.55417,12.98361,77.54268
r0381,ridelab-pass,12.97757,77.59413,12.96372,77.59774
r0382,ridelab-pass,12.94122,77.53067,12.93458,77.51937
r0383,ridelab-pass,12.93042,77.55265,12.94299,77.55437
r0384,ridelab-pass,12.97983,77.57383,13.00154,77.56944
r0385,ridelab-pass,12.94548,77.59909,12.95884,77.61352
r0386,ridelab-pass,12.98287,77.58493,12.98485,77.56032
r0387,ridelab-pass,12.97719,77.58181,12.98308,77.59268
r0388,ridelab-pass,12.96493,77.57089,12.97752,77.58937
r0389,ridelab-pass,12.95599,77.56564,12.95267,77.54177
r0390,ridelab-pass,12.95266,77.57198,12.93987,77.55559
r0391,ridelab-pass,12.95342,77.55093,12.95708,77.53146
r0392,ridelab-pass,12.97835,77.54003,12.98469,77.52203
r0393,ridelab-pass,12.94461,77.53766,12.94056,77.54612
r0394,ridelab-pass,12.96740,77.55210,12.97009,77.56570
r0395,ridelab-pass,12.94211,77.56001,12.93651,77.56881
r0396,ridelab-pass,12.95638,77.58212,12.94975,77.57549
r0397,ridelab-pass,12.94716,77.55108,12.93676,77.56448
r0398,ridelab-pass,12.94932,77.56601,12.95041,77.55437
r0399,ridelab-pass,12.98003,77.58407,12.98269,77.56559
r0400,ridelab-pass,12.98779,77.60173,12.98141,77.59429
r0401,ridelab-pass,12.96788,77.57967,12.98650,77.56929
r0402,ridelab-pass,12.95759,77.57623,12.94374,77.56036
r0403,ridelab-pass,12.99941,77.58308,12.97844,77.57761
r0404,ridelab-pass,12.94729,77.57606,12.94036,77.56872
r0405,ridelab-pass,12.98657,77.54701,12.98749,77.52860
r0406,ridelab-pass,12.98417,77.58739,12.98932,77.56200
r0407,ridelab-pass,12.96323,77.57248,12.96244,77.58729
r0408,ridelab-pass,12.98355,77.60173,12.99518,77.62155
r0409,ridelab-pass,12.97889,77.57048,12.95516,77.57650
r0410,ridelab-pass,12.94100,77.56649,12.92668,77.55034
r0411,ridelab-pass,13.00188,77.59022,12.99293,77.59503
r0412,ridelab-pass,12.96198,77.59850,12.95446,77.61983
r0413,ridelab-pass,12.95502,77.58774,12.95086,77.56714
r0414,ridelab-pass,12.97781,77.59489,12.95201,77.58899
r0415,ridelab-pass,12.96702,77.56701,12.95105,77.55651
r0416,ridelab-pass,12.93368,77.60195,12.95002,77.59441
r0417,ridelab-pass,12.93318,77.54428,12.92712,77.55689
r0418,ridelab-pass,12.95240,77.59089,12.97338,77.59203
r0419,ridelab-pass,12.97263,77.59723,12.97479,77.58247
r0420,ridelab-pass,12.94943,77.55729,12.94944,77.56844
r0421,ridelab-pass,12.94116,77.55359,12.91538,77.55659
r0422,ridelab-pass,12.95657,77.54874,12.97615,77.54328
r0423,ridelab-pass,12.96590,77.53881,12.96384,77.52513
r0424,ridelab-pass,12.94080,77.58889,12.95118,77.60224
r0425,ridelab-pass,12.98745,77.57071,12.97695,77.58102
r0426,ridelab-pass,13.00097,77.53327,12.99079,77.54643
r0427,ridelab-pass,12.93023,77.54946,12.92869,77.57130
r0428,ridelab-pass,12.98529,77.59083,12.98588,77.60534
r0429,ridelab-pass,12.96493,77.59819,12.95854,77.60798
r0430,ridelab-pass,13.00405,77.57157,13.01393,77.56804
r0431,ridelab-pass,12.96200,77.56905,12.96621,77.55508
r0432,ridelab-pass,13.00108,77.56565,13.02259,77.55750
r0433,ridelab-pass,12.94832,77.56171,12.95640,77.57225
r0434,ridelab-pass,13.00477,77.57660,13.00165,77.55571
r0435,ridelab-pass,12.98041,77.56910,12.98907,77.56130
r0436,ridelab-pass,12.93221,77.53907,12.93736,77.53147
r0437,ridelab-pass,12.98060,77.55529,12.99516,77.55680
r0438,ridelab-pass,12.96696,77.54572,12.95280,77.55633
r0439,ridelab-pass,12.93515,77.53639,12.92281,77.55137
r0440,ridelab-pass,12.95185,77.58348,12.95897,77.60744
r0441,ridelab-pass,13.00024,77.57983,13.00543,77.59566
r0442,ridelab-pass,12.99276,77.57451,13.00555,77.57788
r0443,ridelab-pass,12.93477,77.56914,12.95024,77.57625
r0444,ridelab-pass,12.99717,77.59756,12.99835,77.57448
r0445,ridelab-pass,12.94005,77.60108,12.92682,77.61282
r0446,ridelab-pass,12.99645,77.55230,12.99464,77.56700
r0447,ridelab-pass,12.99933,77.59278,12.99049,77.61303
r0448,ridelab-pass,12.93550,77.55097,12.91447,77.53681
r0449,ridelab-pass,12.98107,77.53293,12.99351,77.52417
r0450,ridelab-pass,12.94284,77.54688,12.94125,77.53125
r0451,ridelab-pass,12.95003,77.56090,12.94360,77.57957
r0452,ridelab-pass,12.98639,77.59995,12.99119,77.62433
r0453,ridelab-pass,12.93714,77.54472,12.91463,77.54322
r0454,ridelab-pass,12.97611,77.56571,12.95966,77.56280
r0455,ridelab-pass,12.94458,77.54646,12.95086,77.55380
r0456,ridelab-pass,13.00140,77.60126,13.01477,77.59173
r0457,ridelab-pass,12.95091,77.58860,12.95149,77.57654
r0458,ridelab-pass,12.99631,77.59965,13.00128,77.61618
r0459,ridelab-pass,12.94657,77.57793,12.95771,77.56887
r0460,ridelab-pass,12.95268,77.57555,12.95233,77.55777
r0461,ridelab-pass,12.98104,77.56549,12.97551,77.58146
r0462,ridelab-pass,12.98938,77.59979,12.97580,77.58564
r0463,ridelab-pass,12.98923,77.58339,13.00470,77.58913
r0464,ridelab-pass,12.94177,77.53158,12.92799,77.52585
r0465,ridelab-pass,12.94911,77.53195,12.95209,77.55283
r0466,ridelab-pass,12.95684,77.56270,12.93420,77.55133
r0467,ridelab-pass,12.98257,77.54645,12.98173,77.55872
r0468,ridelab-pass,12.97356,77.57830,12.99787,77.57248
r0469,ridelab-pass,12.97575,77.58325,12.99409,77.59870
r0470,ridelab-pass,12.95155,77.57636,12.93680,77.57515
r0471,ridelab-pass,12.94989,77.55478,12.94705,77.57542
r0472,ridelab-pass,12.96534,77.57215,12.95396,77.56449
r0473,ridelab-pass,12.93569,77.53819,12.92593,77.52098
r0474,ridelab-pass,13.00335,77.57657,12.98200,77.59271
r0475,ridelab-pass,12.96723,77.56163,12.97006,77.54619
r0476,ridelab-pass,12.98701,77.57314,13.00525,77.59195
r0477,ridelab-pass,12.96948,77.58615,12.96373,77.56742
r0478,ridelab-pass,12.97321,77.53860,12.98944,77.55368
r0479,ridelab-pass,12.95622,77.53966,12.93563,77.54864
r0480,ridelab-pass,12.98729,77.55903,13.00398,77.57437
r0481,ridelab-pass,12.94617,77.58011,12.93303,77.57552
r0482,ridelab-pass,12.93016,77.57428,12.91120,77.57919
r0483,ridelab-pass,13.00383,77.54713,12.98711,77.54514
r0484,ridelab-pass,12.97352,77.55267,12.99225,77.55498
r0485,ridelab-pass,12.97556,77.59822,12.96462,77.58393
r0486,ridelab-pass,12.97882,77.57709,12.98637,77.56554
r0487,ridelab-pass,12.98117,77.55901,12.98397,77.57075
r0488,ridelab-pass,12.95692,77.58149,12.94211,77.57158
r0489,ridelab-pass,12.99123,77.55449,13.00936,77.54113
r0490,ridelab-pass,12.98095,77.56194,12.97488,77.56922
r0491,ridelab-pass,12.97023,77.59437,12.96163,77.60342
r0492,ridelab-pass,12.99055,77.56998,12.98465,77.58367
r0493,ridelab-pass,12.97983,77.57814,12.97893,77.59322
r0494,ridelab-pass,12.95922,77.53935,12.94983,77.53520
r0495,ridelab-pass,12.99369,77.54096,13.01800,77.55047
r0496,ridelab-pass,12.96738,77.58661,12.97841,77.57905
r0497,ridelab-pass,12.95764,77.60371,12.98127,77.61273
r0498,ridelab-pass,12.99622,77.58104,13.01826,77.57886
r0499,ridelab-pass,12.99788,77.57447,13.01750,77.57820
r0500,ridelab-pass,13.00174,77.57431,13.01194,77.58178
r0501,ridelab-pass,12.97727,77.53359,12.97740,77.54933
r0502,ridelab-pass,12.94931,77.56702,12.95780,77.58410
r0503,ridelab-pass,12.98067,77.55378,12.97159,77.53767
r0504,ridelab-pass,12.98919,77.57322,12.97458,77.56084
r0505,ridelab-pass,12.99172,77.53724,13.00785,77.55578
r0506,ridelab-pass,12.99256,77.53060,12.98024,77.54630
r0507,ridelab-pass,12.99420,77.58259,13.00196,77.57472
r0508,ridelab-pass,12.98735,77.58325,12.98993,77.56962
r0509,ridelab-pass,12.95731,77.60020,12.96024,77.58776
r0510,ridelab-pass,13.00397,77.60337,13.01521,77.60894
r0511,ridelab-pass,12.98473,77.55902,12.98820,77.53799
r0512,ridelab-pass,12.95049,77.57458,12.96294,77.57827
r0513,ridelab-pass,12.97091,77.56208,12.96379,77.57121
r0514,ridelab-pass,12.99872,77.54964,13.00782,77.54363
r0515,ridelab-pass,12.95371,77.60356,12.97204,77.58799
r0516,ridelab-pass,13.00323,77.58217,13.01859,77.58889
r0517,ridelab-pass,12.94253,77.54872,12.95285,77.54262
r0518,ridelab-pass,12.98098,77.56921,12.99412,77.56575
r0519,ridelab-pass,12.94067,77.53858,12.94456,77.52899
r0520,ridelab-pass,12.96919,77.54915,12.95552,77.55107
r0521,ridelab-pass,12.99421,77.60090,12.98860,77.61274
r0522,ridelab-pass,12.99968,77.56539,12.98817,77.57838
r0523,ridelab-pass,12.97057,77.54940,12.95497,77.55014
r0524,ridelab-pass,12.99628,77.58306,13.00041,77.57444
r0525,ridelab-pass,12.95014,77.56129,12.96432,77.54792
r0526,ridelab-pass,12.93039,77.56507,12.91404,77.58548
r0527,ridelab-pass,12.98165,77.58149,12.96540,77.55994
r0528,ridelab-pass,12.98926,77.56452,12.98998,77.53862
r0529,ridelab-pass,12.97138,77.57487,12.99098,77.56746
r0530,ridelab-pass,12.96663,77.60076,12.96658,77.62769
r0531,ridelab-pass,13.00131,77.53327,13.00798,77.54682
r0532,ridelab-pass,12.99201,77.57187,13.00281,77.57141
r0533,ridelab-pass,12.94875,77.53955,12.96634,77.55344
r0534,ridelab-pass,12.94449,77.54252,12.93673,77.53424
r0535,ridelab-pass,12.99250,77.57876,12.97717,77.59464
r0536,ridelab-pass,12.98480,77.55006,12.99218,77.53604
r0537,ridelab-pass,12.95940,77.59842,12.96855,77.57690
r0538,ridelab-pass,12.97731,77.53620,12.99611,77.54097
r0539,ridelab-pass,12.98920,77.54748,13.00499,77.54751
r0540,ridelab-pass,12.96443,77.56150,12.95536,77.57927
r0541,ridelab-pass,12.95086,77.55581,12.95029,77.54393
r0542,ridelab-pass,12.95940,77.53487,12.93892,77.52122
r0543,ridelab-pass,12.99741,77.57479,13.01006,77.56050
r0544,ridelab-pass,12.97167,77.54324,12.96716,77.52586
r0545,ridelab-pass,12.94480,77.56321,12.92719,77.57380
r0546,ridelab-pass,12.95468,77.54789,12.94084,77.53494
r0547,ridelab-pass,12.95235,77.56533,12.96356,77.54843
r0548,ridelab-pass,12.99588,77.55796,12.99135,77.53939
r0549,ridelab-pass,12.98004,77.54826,13.00564,77.54876
r0550,ridelab-pass,12.94090,77.58108,12.95871,77.57994
r0551,ridelab-pass,12.96385,77.54793,12.98731,77.55967
r0552,ridelab-pass,12.93289,77.54070,12.91725,77.53960
r0553,ridelab-pass,12.94463,77.58822,12.94316,77.60088
r0554,ridelab-pass,12.98302,77.55973,12.98274,77.57947
r0555,ridelab-pass,12.99711,77.57974,13.00959,77.59121
r0556,ridelab-pass,12.98290,77.54147,12.99700,77.56430
r0557,ridelab-pass,12.99928,77.57881,13.00768,77.59873
r0558,ridelab-pass,13.00416,77.58868,12.98765,77.58503
r0559,ridelab-pass,12.97741,77.59948,12.97744,77.58914
r0560,ridelab-pass,12.94089,77.60143,12.91589,77.59492
r0561,ridelab-pass,12.94109,77.53790,12.92584,77.53109
r0562,ridelab-pass,12.96472,77.54745,12.94173,77.54937
r0563,ridelab-pass,12.98444,77.56224,12.98537,77.54614
r0564,ridelab-pass,12.96490,77.55443,12.97001,77.52861
r0565,ridelab-pass,12.99012,77.54014,12.96926,77.52877
r0566,ridelab-pass,12.95586,77.59667,12.95210,77.60623
r0567,ridelab-pass,12.97689,77.55855,12.98083,77.54010
r0568,ridelab-pass,12.99447,77.57731,12.98577,77.58760
r0569,ridelab-pass,12.98977,77.55938,13.01114,77.56904
r0570,ridelab-pass,12.97330,77.54691,12.96223,77.56091
r0571,ridelab-pass,12.98055,77.60391,12.99719,77.59519
r0572,ridelab-pass,12.97098,77.55140,12.96538,77.52562
r0573,ridelab-pass,12.98230,77.54990,12.96395,77.54175
r0574,ridelab-pass,12.95765,77.58034,12.97387,77.56394
r0575,ridelab-pass,12.95909,77.59181,12.97065,77.58828
r0576,ridelab-pass,12.95470,77.53942,12.93566,77.55845
r0577,ridelab-pass,12.96121,77.54801,12.94478,77.56594
r0578,ridelab-pass,12.94832,77.55291,12.94851,77.54154
r0579,ridelab-pass,12.94581,77.55981,12.95372,77.56829
r0580,ridelab-pass,12.97535,77.55255,12.96202,77.57523
r0581,ridelab-pass,12.98025,77.55062,12.96519,77.55154
r0582,ridelab-pass,12.99524,77.56178,12.97422,77.55373
r0583,ridelab-pass,12.98269,77.58645,12.99251,77.58002
r0584,ridelab-pass,12.95764,77.60189,12.96087,77.61560
r0585,ridelab-pass,12.95321,77.56302,12.94443,77.57134
r0586,ridelab-pass,12.93782,77.53133,12.95647,77.51953
r0587,ridelab-pass,12.96396,77.57845,12.96272,77.56301
r0588,ridelab-pass,12.96056,77.53307,12.95397,77.55425
r0589,ridelab-pass,12.93732,77.54522,12.91957,77.54897
r0590,ridelab-pass,12.98615,77.58638,13.00501,77.60091
r0591,ridelab-pass,12.94509,77.54037,12.92142,77.53996
r0592,ridelab-pass,12.95271,77.55890,12.93848,77.55749
r0593,ridelab-pass,12.96336,77.60442,12.98226,77.62224
r0594,ridelab-pass,12.99654,77.60476,13.00910,77.60513
r0595,ridelab-pass,12.96281,77.54283,12.95402,77.55998
r0596,ridelab-pass,12.99314,77.56686,12.99337,77.54065
r0597,ridelab-pass,12.93938,77.54692,12.92399,77.55907
r0598,ridelab-pass,12.98865,77.60463,12.96886,77.60738
r0599,ridelab-pass,12.98635,77.56991,13.00093,77.57278
r0600,ridelab-pass,12.99935,77.56949,13.00347,77.58962
r0601,ridelab-pass,13.00452,77.57695,13.00537,77.55977
r0602,ridelab-pass,12.97730,77.57612,12.97915,77.55092
r0603,ridelab-pass,12.99651,77.58866,12.97483,77.58529
r0604,ridelab-pass,12.94481,77.56679,12.95742,77.56547
r0605,ridelab-pass,13.00125,77.54732,12.97921,77.55685
r0606,ridelab-pass,12.96035,77.53184,12.97886,77.54093
r0607,ridelab-pass,12.98320,77.55661,12.97622,77.54693
r0608,ridelab-pass,12.97934,77.58863,12.96061,77.59253
r0609,ridelab-pass,12.97301,77.53016,12.98924,77.52848
r0610,ridelab-pass,12.93543,77.53551,12.92979,77.55605
r0611,ridelab-pass,12.97218,77.58171,12.95719,77.59559
r0612,ridelab-pass,12.96203,77.55943,12.95720,77.58516
r0613,ridelab-pass,12.94139,77.59138,12.92953,77.58190
r0614,ridelab-pass,12.98209,77.55060,12.96303,77.55007
r0615,ridelab-pass,12.97388,77.53424,12.95891,77.55575
r0616,ridelab-pass,12.98708,77.55200,12.97615,77.55009
r0617,ridelab-pass,12.97099,77.55590,12.97355,77.54192
r0618,ridelab-pass,12.93531,77.56263,12.94742,77.56359
r0619,ridelab-pass,12.95486,77.53934,12.95854,77.56561
r0620,ridelab-pass,12.93415,77.59698,12.93954,77.58720
r0621,ridelab-pass,12.96217,77.56804,12.96860,77.58567
r0622,ridelab-pass,12.93055,77.55240,12.90707,77.54652
r0623,ridelab-pass,12.94335,77.56050,12.93859,77.57438
r0624,ridelab-pass,12.93885,77.54851,12.92748,77.55861
r0625,ridelab-pass,12.97991,77.60033,12.97123,77.59127
r0626,ridelab-pass,12.96606,77.55441,12.96866,77.53451
r0627,ridelab-pass,13.00320,77.58165,13.00194,77.55809
r0628,ridelab-pass,12.96803,77.54449,12.95587,77.53783
r0629,ridelab-pass,12.94592,77.55916,12.94683,77.54963
r0630,ridelab-pass,12.95706,77.60208,12.95609,77.58648
r0631,ridelab-pass,12.96426,77.58238,12.96398,77.56609
r0632,ridelab-pass,12.97354,77.55066,12.95838,77.54383
r0633,ridelab-pass,12.98291,77.55611,12.97333,77.54803
r0634,ridelab-pass,12.96639,77.56692,12.96746,77.57815
r0635,ridelab-pass,12.96452,77.58739,12.94212,77.59650
r0636,ridelab-pass,12.99046,77.60250,13.00150,77.60642
r0637,ridelab-pass,12.94040,77.58944,12.95406,77.59489
r0638,ridelab-pass,12.94038,77.59816,12.95319,77.60150
r0639,ridelab-pass,12.97458,77.58274,12.97923,77.60161
r0640,ridelab-pass,12.96974,77.57157,12.96747,77.54832
r0641,ridelab-pass,12.99169,77.59457,13.00021,77.58982
r0642,ridelab-pass,12.96530,77.53199,12.95196,77.52046
r0643,ridelab-pass,12.98600,77.59249,12.96465,77.59014
r0644,ridelab-pass,12.95496,77.58446,12.94502,77.57617
r0645,ridelab-pass,12.99518,77.56545,12.99274,77.55313
r0646,ridelab-pass,12.99234,77.56553,12.96821,77.56436
r0647,ridelab-pass,12.96893,77.57389,12.97196,77.56096
r0648,ridelab-pass,12.98993,77.59905,12.99201,77.60842
r0649,ridelab-pass,12.96524,77.53599,12.97095,77.52195
r0650,ridelab-pass,12.94807,77.58816,12.93552,77.56586
r0651,ridelab-pass,12.94458,77.55854,12.92922,77.54154
r0652,ridelab-pass,12.96209,77.54395,12.97475,77.52948
r0653,ridelab-pass,13.00255,77.57883,12.98265,77.59226
r0654,ridelab-pass,12.96215,77.56795,12.94310,77.57899
r0655,ridelab-pass,12.95997,77.54415,12.94580,77.54251
r0656,ridelab-pass,12.94986,77.54882,12.93083,77.54083
r0657,ridelab-pass,13.00027,77.57421,13.00285,77.54943
r0658,ridelab-pass,12.94039,77.57418,12.93920,77.58913
r0659,ridelab-pass,12.94141,77.53853,12.94521,77.56039
r0660,ridelab-pass,12.96093,77.59154,12.95280,77.59638
r0661,ridelab-pass,12.95299,77.54979,12.96247,77.54896
r0662,ridelab-pass,12.94912,77.55549,12.95458,77.53775
r0663,ridelab-pass,13.00387,77.53811,13.02272,77.55492
r0664,ridelab-pass,12.95158,77.57040,12.97521,77.56188
r0665,ridelab-pass,13.00007,77.57277,13.00881,77.58579
r0666,ridelab-pass,12.98280,77.57245,12.99865,77.56940
r0667,ridelab-pass,12.93462,77.56027,12.92037,77.56748
r0668,ridelab-pass,12.96497,77.54258,12.94892,77.53875
r0669,ridelab-pass,12.95890,77.58800,12.96885,77.58499
r0670,ridelab-pass,12.97816,77.58536,12.98313,77.59974
r0671,ridelab-pass,12.99645,77.56817,13.00270,77.55870
r0672,ridelab-pass,12.95162,77.57403,12.94097,77.59204
r0673,ridelab-pass,13.00264,77.56056,13.00900,77.57430
r0674,ridelab-pass,12.95748,77.53427,12.96991,77.55642
r0675,ridelab-pass,12.99715,77.53997,13.01030,77.56315
r0676,ridelab-pass,12.94251,77.55262,12.95511,77.55455
r0677,ridelab-pass,12.93234,77.56464,12.92219,77.56629
r0678,ridelab-pass,12.96686,77.53992,12.94229,77.54585
r0679,ridelab-pass,12.99562,77.57002,13.01265,77.58381
r0680,ridelab-pass,12.93523,77.58814,12.95908,77.58045
r0681,ridelab-pass,12.95136,77.58551,12.95176,77.57221
r0682,ridelab-pass,12.96684,77.56229,12.98247,77.57280
r0683,ridelab-pass,12.96992,77.58249,12.98688,77.57179
r0684,ridelab-pass,12.94487,77.56916,12.96796,77.57064
r0685,ridelab-pass,12.94432,77.55182,12.95043,77.56485
r0686,ridelab-pass,12.97059,77.54711,12.98786,77.56530
r0687,ridelab-pass,12.95328,77.54619,12.96758,77.52674
r0688,ridelab-pass,12.98599,77.59770,12.98174,77.58329
r0689,ridelab-pass,12.96759,77.53438,12.94563,77.52446
r0690,ridelab-pass,12.99867,77.59228,12.97993,77.57814
r0691,ridelab-pass,12.95186,77.57216,12.97395,77.58559
r0692,ridelab-pass,12.96842,77.54322,12.96642,77.56329
r0693,ridelab-pass,12.94593,77.59342,12.93154,77.57925
r0694,ridelab-pass,12.99583,77.55369,13.01480,77.55036
r0695,ridelab-pass,12.94525,77.58241,12.94706,77.56994
r0696,ridelab-pass,12.93935,77.54216,12.92764,77.51955
r0697,ridelab-pass,12.98977,77.59363,12.98024,77.57224
r0698,ridelab-pass,12.95478,77.55760,12.94700,77.56882
r0699,ridelab-pass,12.97675,77.57256,12.98293,77.59074
r0700,ridelab-pass,12.98979,77.59667,13.00211,77.57472
r0701,ridelab-pass,12.93285,77.59800,12.91146,77.58806
r0702,ridelab-pass,12.96359,77.57406,12.95200,77.58001
r0703,ridelab-pass,12.94375,77.58649,12.93455,77.59581
r0704,ridelab-pass,12.97101,77.56807,12.99344,77.55905
r0705,ridelab-pass,12.95121,77.58846,12.95731,77.57855
r0706,ridelab-pass,13.00215,77.54106,13.00784,77.54871
r0707,ridelab-pass,12.95630,77.53200,12.97776,77.54656
r0708,ridelab-pass,12.94907,77.58365,12.95807,77.58575
r0709,ridelab-pass,12.93053,77.53915,12.92557,77.55564
r0710,ridelab-pass,12.94873,77.53352,12.93732,77.52427
r0711,ridelab-pass,12.94352,77.56278,12.92882,77.55912
r0712,ridelab-pass,12.97210,77.54413,12.96855,77.53504
r0713,ridelab-pass,12.99920,77.59963,12.99117,77.58405
r0714,ridelab-pass,12.95979,77.58617,12.94947,77.56699
r0715,ridelab-pass,12.96324,77.56000,12.95115,77.55793
r0716,ridelab-pass,12.95565,77.54803,12.97925,77.55474
r0717,ridelab-pass,12.95341,77.58526,12.96111,77.60972
r0718,ridelab-pass,12.96515,77.58580,12.97744,77.60141
r0719,ridelab-pass,12.99089,77.55168,12.99965,77.56494
r0720,ridelab-pass,12.98769,77.58715,12.99352,77.60079
r0721,ridelab-pass,12.99866,77.55165,13.01136,77.57275
r0722,ridelab-pass,12.99149,77.56342,12.97021,77.55603
r0723,ridelab-pass,12.99275,77.54419,12.96733,77.54099
r0724,ridelab-pass,12.98916,77.56915,13.00562,77.54822
r0725,ridelab-pass,13.00450,77.59035,13.00348,77.56530
r0726,ridelab-pass,12.99558,77.56783,13.01035,77.58135
r0727,ridelab-pass,12.94010,77.55511,12.93257,77.53873
r0728,ridelab-pass,12.97831,77.59154,12.97366,77.60536
r0729,ridelab-pass,13.00156,77.55419,13.01997,77.54107
r0730,ridelab-pass,13.00318,77.56803,12.98030,77.57480
r0731,ridelab-pass,12.95362,77.57630,12.95008,77.58497
r0732,ridelab-pass,12.93931,77.59544,12.93263,77.58029
r0733,ridelab-pass,12.98949,77.56329,13.00121,77.57312
r0734,ridelab-pass,12.98704,77.57813,12.98731,77.56893
r0735,ridelab-pass,13.00474,77.53592,13.02760,77.53183
r0736,ridelab-pass,13.00033,77.58160,13.01548,77.56505
r0737,ridelab-pass,12.98011,77.57337,12.96163,77.57756
r0738,ridelab-pass,12.97036,77.54937,12.95960,77.55125
r0739,ridelab-pass,12.93713,77.57721,12.94423,77.60092
r0740,ridelab-pass,12.94446,77.56503,12.96210,77.56392
r0741,ridelab-pass,12.97622,77.54476,12.96901,77.51925
r0742,ridelab-pass,12.94121,77.54639,12.95149,77.55007
r0743,ridelab-pass,12.93092,77.60190,12.92869,77.61135
r0744,ridelab-pass,12.99249,77.57342,13.01650,77.57998
r0745,ridelab-pass,12.93871,77.57801,12.91965,77.56791
r0746,ridelab-pass,12.94776,77.54121,12.93728,77.53149
r0747,ridelab-pass,12.97541,77.58546,12.97988,77.60706
r0748,ridelab-pass,13.00342,77.56024,12.99666,77.54693
r0749,ridelab-pass,12.99600,77.54668,13.00660,77.56129
r0750,ridelab-pass,12.96332,77.57276,12.98797,77.58009
r0751,ridelab-pass,12.97009,77.55917,12.96040,77.55900
r0752,ridelab-pass,12.99908,77.59258,13.01622,77.59185
r0753,ridelab-pass,12.93293,77.58945,12.92965,77.60891
r0754,ridelab-pass,13.00338,77.56542,12.98555,77.58176
r0755,ridelab-pass,12.99943,77.56447,12.99891,77.55485
r0756,ridelab-pass,13.00134,77.53660,12.99166,77.51928
r0757,ridelab-pass,12.94306,77.55628,12.95178,77.55345
r0758,ridelab-pass,12.96000,77.55862,12.93883,77.55434
r0759,ridelab-pass,13.00110,77.59532,13.02108,77.59454
r0760,ridelab-pass,12.98196,77.58916,12.99352,77.59869
r0761,ridelab-pass,12.97606,77.55362,12.96774,77.56783
r0762,ridelab-pass,12.98308,77.53513,12.96721,77.55637
r0763,ridelab-pass,13.00238,77.55559,12.97926,77.56895
r0764,ridelab-pass,12.93803,77.53556,12.91502,77.52183
r0765,ridelab-pass,12.93230,77.59284,12.91747,77.58345
r0766,ridelab-pass,12.94070,77.56803,12.94082,77.55540
r0767,ridelab-pass,12.99751,77.58549,13.01494,77.59568
r0768,ridelab-pass,12.97486,77.60037,12.97193,77.62521
r0769,ridelab-pass,12.93408,77.56159,12.95260,77.57440
r0770,ridelab-pass,12.93618,77.59213,12.92251,77.57678
r0771,ridelab-pass,13.00087,77.59518,12.98069,77.59290
r0772,ridelab-pass,12.97101,77.56885,12.97327,77.58117
r0773,ridelab-pass,12.98166,77.56111,12.98900,77.53803
r0774,ridelab-pass,12.95897,77.58460,12.93636,77.59258
r0775,ridelab-pass,12.94760,77.57557,12.95163,77.55642
r0776,ridelab-pass,12.93647,77.54424,12.95958,77.54488
r0777,ridelab-pass,12.98874,77.55872,12.97832,77.54538
r0778,ridelab-pass,12.97030,77.55001,12.99211,77.53542
r0779,ridelab-pass,12.99637,77.53909,13.01306,77.55712
r0780,ridelab-pass,12.96326,77.57800,12.95126,77.56215
r0781,ridelab-pass,12.99795,77.54152,12.98745,77.55028
r0782,ridelab-pass,12.93569,77.55227,12.93350,77.52893
r0783,ridelab-pass,12.97352,77.60275,12.98820,77.60866
r0784,ridelab-pass,12.97304,77.57431,12.95595,77.56830
r0785,ridelab-pass,12.93755,77.58865,12.92767,77.59148
r0786,ridelab-pass,12.99098,77.53044,12.97248,77.52233
r0787,ridelab-pass,12.95229,77.53672,12.97252,77.53575
r0788,ridelab-pass,12.97003,77.59101,12.98781,77.60053
r0789,ridelab-pass,12.95276,77.53320,12.96291,77.53743
r0790,ridelab-pass,12.94195,77.53283,12.93961,77.54813
r0791,ridelab-pass,12.98681,77.56166,12.98587,77.54816
r0792,ridelab-pass,13.00084,77.54586,12.99509,77.56817
r0793,ridelab-pass,12.99479,77.53729,12.99305,77.55797
r0794,ridelab-pass,12.97345,77.57255,12.98224,77.54791
r0795,ridelab-pass,13.00357,77.60142,13.01796,77.61311
r0796,ridelab-pass,12.98253,77.54376,12.96824,77.56120
r0797,ridelab-pass,12.93905,77.55225,12.91650,77.54176
r0798,ridelab-pass,13.00486,77.55071,12.98810,77.56078
r0799,ridelab-pass,12.95716,77.54802,12.96309,77.55560
r0800,ridelab-pass,12.96227,77.53907,12.97644,77.54330
r0801,ridelab-pass,12.94019,77.54513,12.96673,77.54409
r0802,ridelab-pass,12.96180,77.57631,12.95513,77.55089
r0803,ridelab-pass,12.99195,77.59948,12.97587,77.61491
r0804,ridelab-pass,12.99571,77.55491,12.98633,77.54326
r0805,ridelab-pass,12.99941,77.55009,12.99939,77.56334
r0806,ridelab-pass,12.95549,77.58569,12.94987,77.57412
r0807,ridelab-pass,12.93954,77.59569,12.95706,77.60052
r0808,ridelab-pass,12.99280,77.56643,12.99453,77.55461
r0809,ridelab-pass,13.00020,77.57512,12.98621,77.56719
r0810,ridelab-pass,12.98338,77.55842,12.99727,77.56510
r0811,ridelab-pass,12.98713,77.59479,12.98529,77.57399
r0812,ridelab-pass,13.00009,77.57876,12.99805,77.59215
r0813,ridelab-pass,12.99543,77.58631,12.98700,77.56855
r0814,ridelab-pass,12.94259,77.53126,12.94747,77.55582
r0815,ridelab-pass,12.95986,77.57513,12.96862,77.55191
r0816,ridelab-pass,12.98528,77.55806,12.97545,77.54978
r0817,ridelab-pass,13.00072,77.54200,12.99090,77.55786
r0818,ridelab-pass,12.94106,77.60379,12.96119,77.61048
r0819,ridelab-pass,12.94949,77.54004,12.92530,77.54647
r0820,ridelab-pass,12.99690,77.58048,12.98767,77.57308
r0821,ridelab-pass,13.00485,77.55458,12.99762,77.54848
r0822,ridelab-pass,12.95373,77.56921,12.95643,77.55299
r0823,ridelab-pass,12.95871,77.53143,12.94649,77.52208
r0824,ridelab-pass,12.93846,77.55763,12.91884,77.54684
r0825,ridelab-pass,12.96117,77.53871,12.94708,77.52480
r0826,ridelab-pass,12.96627,77.60274,12.97997,77.59045
r0827,ridelab-pass,12.93226,77.53997,12.94387,77.54421
r0828,ridelab-pass,12.94309,77.53813,12.93360,77.55524
r0829,ridelab-pass,12.96673,77.57214,12.99079,77.56705
r0830,ridelab-pass,12.98519,77.56202,12.98643,77.57093
r0831,ridelab-pass,12.93265,77.58444,12.93595,77.60121
r0832,ridelab-pass,12.96888,77.55780,12.99365,77.55020
r0833,ridelab-pass,13.00157,77.58662,12.99552,77.56119
r0834,ridelab-pass,12.98265,77.54733,12.99161,77.55474
r0835,ridelab-pass,12.93779,77.55923,12.92980,77.54929
r0836,ridelab-pass,12.93611,77.55527,12.94263,77.53131
r0837,ridelab-pass,12.99684,77.59163,13.02061,77.59011
r0838,ridelab-pass,12.95106,77.57390,12.94822,77.56102
r0839,ridelab-pass,12.97057,77.54974,12.95790,77.55356
r0840,ridelab-pass,12.98862,77.54413,12.98955,77.56100
r0841,ridelab-pass,12.99613,77.57763,13.01423,77.57736
r0842,ridelab-pass,12.95484,77.57969,12.96651,77.57683
r0843,ridelab-pass,13.00493,77.53292,13.01605,77.54260
r0844,ridelab-pass,12.95492,77.57155,12.95529,77.55976
r0845,ridelab-pass,12.99223,77.58320,13.00321,77.58815
r0846,ridelab-pass,12.93839,77.56835,12.92179,77.55398
r0847,ridelab-pass,12.94788,77.59492,12.93774,77.60920
r0848,ridelab-pass,12.93899,77.54304,12.92898,77.54110
r0849,ridelab-pass,12.97683,77.58373,12.97831,77.59528
r0850,ridelab-pass,12.94806,77.56286,12.92919,77.57666
r0851,ridelab-pass,12.95919,77.53090,12.95601,77.51879
r0852,ridelab-pass,12.95169,77.59989,12.96734,77.59610
r0853,ridelab-pass,12.98042,77.59993,12.98777,77.61812
r0854,ridelab-pass,12.97966,77.53946,12.98862,77.55149
r0855,ridelab-pass,12.95541,77.58238,12.95131,77.60290
r0856,ridelab-pass,12.96223,77.60477,12.95543,77.62026
r0857,ridelab-pass,12.96527,77.56882,12.97792,77.58506
r0858,ridelab-pass,12.98343,77.56567,12.97060,77.54381
r0859,ridelab-pass,12.97664,77.58167,12.96177,77.59817
r0860,ridelab-pass,12.96434,77.60177,12.96088,77.61162
r0861,ridelab-pass,13.00500,77.54250,12.99087,77.55744
r0862,ridelab-pass,12.98857,77.55597,13.00043,77.55321
r0863,ridelab-pass,12.93911,77.53855,12.95990,77.55006
r0864,ridelab-pass,12.97034,77.59439,12.96890,77.61125
r0865,ridelab-pass,12.94325,77.59723,12.95514,77.61108
r0866,ridelab-pass,12.99336,77.53935,13.01396,77.53701
r0867,ridelab-pass,12.93730,77.59490,12.91832,77.59462
r0868,ridelab-pass,12.98832,77.54046,12.97299,77.55117
r0869,ridelab-pass,12.95877,77.59106,12.96137,77.58164
r0870,ridelab-pass,12.98239,77.53273,12.97743,77.52080
r0871,ridelab-pass,12.96085,77.56146,12.94143,77.55494
r0872,ridelab-pass,12.95639,77.54718,12.94637,77.54897
r0873,ridelab-pass,12.97378,77.58453,12.96693,77.57798
r0874,ridelab-pass,12.93618,77.57818,12.91631,77.58281
r0875,ridelab-pass,13.00386,77.58252,13.01562,77.55907
r0876,ridelab-pass,12.94782,77.53834,12.95386,77.53100
r0877,ridelab-pass,12.97258,77.57003,12.99110,77.57754
r0878,ridelab-pass,12.96520,77.58244,12.94258,77.58832
r0879,ridelab-pass,12.98127,77.53747,12.97184,77.51869
r0880,ridelab-pass,12.94466,77.55787,12.94282,77.54411
r0881,ridelab-pass,12.93618,77.55143,12.94798,77.53178
r0882,ridelab-pass,13.00393,77.59344,12.98727,77.61431
r0883,ridelab-pass,12.96840,77.57641,12.97236,77.59802
r0884,ridelab-pass,12.99271,77.55592,12.98589,77.54764
r0885,ridelab-pass,13.00030,77.56215,13.00365,77.54959
r0886,ridelab-pass,12.99529,77.60149,13.00494,77.58580
r0887,ridelab-pass,12.95151,77.58272,12.93497,77.56500
r0888,ridelab-pass,12.93132,77.56780,12.92951,77.57706
r0889,ridelab-pass,12.97689,77.55821,12.98646,77.56897
r0890,ridelab-pass,13.00221,77.54609,13.00610,77.52180
r0891,ridelab-pass,12.93821,77.53167,12.92601,77.51554
r0892,ridelab-pass,12.93282,77.59286,12.91322,77.59503
r0893,ridelab-pass,12.94822,77.59925,12.97475,77.60423
r0894,ridelab-pass,12.97134,77.59817,12.96574,77.57906
r0895,ridelab-pass,13.00062,77.56282,13.02498,77.55261
r0896,ridelab-pass,13.00457,77.53958,12.98697,77.55391
r0897,ridelab-pass,12.94576,77.54751,12.95434,77.57000
r0898,ridelab-pass,12.93608,77.59275,12.91040,77.60029
r0899,ridelab-pass,12.93843,77.59078,12.94391,77.60031
r0900,ridelab-pass,12.99345,77.54055,12.96679,77.53831
r0901,ridelab-pass,12.96620,77.56168,12.95368,77.57786
r0902,ridelab-pass,13.00382,77.58184,13.00708,77.57258
r0903,ridelab-pass,12.99694,77.58659,13.01335,77.60037
r0904,ridelab-pass,12.95024,77.56299,12.95904,77.56869
r0905,ridelab-pass,12.96507,77.58359,12.94148,77.57768
r0906,ridelab-pass,12.99843,77.58591,13.02138,77.58596
r0907,ridelab-pass,12.98506,77.53869,12.98740,77.56399
r0908,ridelab-pass,12.94291,77.59532,12.93748,77.61096
r0909,ridelab-pass,12.96961,77.53547,12.98090,77.55700
r0910,ridelab-pass,12.97674,77.54943,12.98643,77.55314
r0911,ridelab-pass,12.98742,77.55041,12.99533,77.57288
r0912,ridelab-pass,12.95356,77.54269,12.94731,77.52839
r0913,ridelab-pass,12.96941,77.56438,12.96589,77.55103
r0914,ridelab-pass,12.96762,77.60170,12.98366,77.60571
r0915,ridelab-pass,12.96466,77.56379,12.98163,77.55264
r0916,ridelab-pass,13.00000,77.54126,13.00870,77.51608
r0917,ridelab-pass,12.93006,77.58198,12.94343,77.56979
r0918,ridelab-pass,12.98450,77.54921,12.99278,77.56798
r0919,ridelab-pass,13.00406,77.56413,12.99687,77.58090
r0920,ridelab-pass,12.98094,77.57961,12.96035,77.58183
r0921,ridelab-pass,12.98143,77.58340,13.00632,77.58307
r0922,ridelab-pass,12.97571,77.56762,12.96453,77.55731
r0923,ridelab-pass,12.94801,77.59859,12.96301,77.60224
r0924,ridelab-pass,12.97436,77.56723,12.98197,77.57886
r0925,ridelab-pass,12.98747,77.54032,12.98874,77.52941
r0926,ridelab-pass,12.93573,77.60338,12.94217,77.58720
r0927,ridelab-pass,12.93550,77.54205,12.93296,77.51643
r0928,ridelab-pass,13.00036,77.55994,12.99938,77.54700
r0929,ridelab-pass,12.99256,77.54037,13.00425,77.53608
r0930,ridelab-pass,12.98544,77.59509,12.99088,77.58117
r0931,ridelab-pass,12.99875,77.53743,12.98409,77.53880
r0932,ridelab-pass,12.99810,77.54925,12.98052,77.56606
r0933,ridelab-pass,12.95350,77.54532,12.94583,77.53835
r0934,ridelab-pass,12.97324,77.55313,12.96378,77.54773
r0935,ridelab-pass,12.98167,77.55004,12.97162,77.53047
r0936,ridelab-pass,12.94253,77.55442,12.92167,77.54965
r0937,ridelab-pass,12.99687,77.53220,13.00664,77.52045
r0938,ridelab-pass,12.99632,77.56746,13.00679,77.56187
r0939,ridelab-pass,12.96330,77.55544,12.96598,77.57560
r0940,ridelab-pass,12.99667,77.56048,13.00422,77.53684
r0941,ridelab-pass,13.00161,77.60205,12.98931,77.60176
r0942,ridelab-pass,12.95716,77.55547,12.93522,77.56287
r0943,ridelab-pass,12.99139,77.54152,13.01798,77.54545
r0944,ridelab-pass,12.95551,77.57458,12.96517,77.55491
r0945,ridelab-pass,12.93038,77.59055,12.91877,77.60865
r0946,ridelab-pass,12.95639,77.58198,12.97856,77.58753
r0947,ridelab-pass,12.98993,77.57452,12.96846,77.57480
r0948,ridelab-pass,12.98769,77.59773,12.96235,77.59925
r0949,ridelab-pass,12.98342,77.53626,13.00757,77.54409
r0950,ridelab-pass,12.93664,77.59512,12.92535,77.59282
r0951,ridelab-pass,12.99648,77.58371,13.01133,77.58688
r0952,ridelab-pass,12.98099,77.57685,12.96888,77.55570
r0953,ridelab-pass,12.95387,77.59421,12.94858,77.61794
r0954,ridelab-pass,12.96275,77.54837,12.96270,77.53222
r0955,ridelab-pass,12.98004,77.53662,12.99030,77.53378
r0956,ridelab-pass,12.93922,77.55330,12.93328,77.53083
r0957,ridelab-pass,12.95807,77.59654,12.95857,77.57031
r0958,ridelab-pass,12.95507,77.55429,12.97479,77.56656
r0959,ridelab-pass,12.97440,77.60121,12.97491,77.57845
r0960,ridelab-pass,12.94234,77.59986,12.94786,77.61097
r0961,ridelab-pass,13.00421,77.53530,12.99724,77.56127
r0962,ridelab-pass,12.93482,77.56146,12.90932,77.56851
r0963,ridelab-pass,12.97054,77.59804,12.98080,77.57809
r0964,ridelab-pass,12.93517,77.57921,12.95651,77.58460
r0965,ridelab-pass,12.95119,77.53208,12.95532,77.51959
r0966,ridelab-pass,12.96797,77.53050,12.97330,77.51868
r0967,ridelab-pass,12.95703,77.57579,12.93939,77.57463
r0968,ridelab-pass,12.96206,77.55153,12.94797,77.53420
r0969,ridelab-pass,12.94795,77.53946,12.93473,77.53547
r0970,ridelab-pass,12.98675,77.57161,12.99510,77.58429
r0971,ridelab-pass,12.99993,77.59253,12.97790,77.57702
r0972,ridelab-pass,13.00447,77.58886,12.99158,77.60142
r0973,ridelab-pass,12.99701,77.55145,12.98771,77.57644
r0974,ridelab-pass,12.99145,77.60201,12.97215,77.59315
r0975,ridelab-pass,12.93838,77.58442,12.95150,77.60594
r0976,ridelab-pass,12.99041,77.59569,12.97644,77.59481
r0977,ridelab-pass,12.97515,77.56669,12.96132,77.58079
r0978,ridelab-pass,12.96076,77.58382,12.94067,77.58757
r0979,ridelab-pass,12.95779,77.57996,12.95311,77.57011
r0980,ridelab-pass,12.95033,77.54098,12.94948,77.53000
r0981,ridelab-pass,12.98731,77.57431,13.00376,77.58841
r0982,ridelab-pass,12.98892,77.53247,12.97147,77.53066
r0983,ridelab-pass,12.99741,77.59878,12.98165,77.58158
r0984,ridelab-pass,12.94403,77.58538,12.92267,77.57840
r0985,ridelab-pass,12.96384,77.54761,12.97208,77.53888
r0986,ridelab-pass,12.97959,77.58089,12.96364,77.56407
r0987,ridelab-pass,12.95153,77.57549,12.93210,77.58146
r0988,ridelab-pass,12.94315,77.55142,12.95673,77.54598
r0989,ridelab-pass,12.98132,77.55828,13.00646,77.56518
r0990,ridelab-pass,12.97354,77.59826,12.97823,77.58817
r0991,ridelab-pass,12.93531,77.59840,12.93704,77.60861
r0992,ridelab-pass,12.97481,77.56071,12.97848,77.57539
r0993,ridelab-pass,12.97405,77.54236,12.98355,77.53289
r0994,ridelab-pass,12.96791,77.59660,12.95592,77.57745
r0995,ridelab-pass,12.99124,77.53102,13.00510,77.55030
r0996,ridelab-pass,12.96687,77.56124,12.95660,77.57009
r0997,ridelab-pass,12.96596,77.58997,12.95608,77.58734
r0998,ridelab-pass,12.94955,77.59462,12.93900,77.58241
r0999,ridelab-pass,12.99732,77.56957,12.98786,77.57976
r1000,ridelab-pass,12.97604,77.55839,12.97651,77.57923
