email,password
user0001@shoplab.test,shoplab-pass
user0002@shoplab.test,shoplab-pass
user0003@shoplab.test,shoplab-pass
user0004@shoplab.test,shoplab-pass
user0005@shoplab.test,shoplab-pass
user0006@shoplab.test,shoplab-pass
user0007@shoplab.test,shoplab-pass
user0008@shoplab.test,shoplab-pass
user0009@shoplab.test,shoplab-pass
user0010@shoplab.test,shoplab-pass
user0011@shoplab.test,shoplab-pass
user0012@shoplab.test,shoplab-pass
user0013@shoplab.test,shoplab-pass
user0014@shoplab.test,shoplab-pass
user0015@shoplab.test,shoplab-pass
user0016@shoplab.test,shoplab-pass
user0017@shoplab.test,shoplab-pass
user0018@shoplab.test,shoplab-pass
user0019@shoplab.test,shoplab-pass
user0020@shoplab.test,shoplab-pass
user0021@shoplab.test,shoplab-pass
user0022@shoplab.test,shoplab-pass
user0023@shoplab.test,shoplab-pass
user0024@shoplab.test,shoplab-pass
user0025@shoplab.test,shoplab-pass
user0026@shoplab.test,shoplab-pass
user0027@shoplab.test,shoplab-pass
user0028@shoplab.test,shoplab-pass
user0029@shoplab.test,shoplab-pass
user0030@shoplab.test,shoplab-pass
user0031@shoplab.test,shoplab-pass
user0032@shoplab.test,shoplab-pass
user0033@shoplab.test,shoplab-pass
user0034@shoplab.test,shoplab-pass
user0035@shoplab.test,shoplab-pass
user0036@shoplab.test,shoplab-pass
user0037@shoplab.test,shoplab-pass
user0038@shoplab.test,shoplab-pass
user0039@shoplab.test,shoplab-pass
user0040@shoplab.test,shoplab-pass
user0041@shoplab.test,shoplab-pass
user0042@shoplab.test,shoplab-pass
user0043@shoplab.test,shoplab-pass
user0044@shoplab.test,shoplab-pass
user0045@shoplab.test,shoplab-pass
user0046@shoplab.test,shoplab-pass
user0047@shoplab.test,shoplab-pass
user0048@shoplab.test,shoplab-pass
user0049@shoplab.test,shoplab-pass
user0050@shoplab.test,shoplab-pass
user0051@shoplab.test,shoplab-pass
user0052@shoplab.test,shoplab-pass
user0053@shoplab.test,shoplab-pass
user0054@shoplab.test,shoplab-pass
user0055@shoplab.test,shoplab-pass
user0056@shoplab.test,shoplab-pass
user0057@shoplab.test,shoplab-pass
user0058@shoplab.test,shoplab-pass
user0059@shoplab.test,shoplab-pass
user0060@shoplab.test,shoplab-pass
user0061@shoplab.test,shoplab-pass
user0062@shoplab.test,shoplab-pass
user0063@shoplab.test,shoplab-pass
user0064@shoplab.test,shoplab-pass
user0065@shoplab.test,shoplab-pass
user0066@shoplab.test,shoplab-pass
user0067@shoplab.test,shoplab-pass
user0068@shoplab.test,shoplab-pass
user0069@shoplab.test,shoplab-pass
user0070@shoplab.test,shoplab-pass
user0071@shoplab.test,shoplab-pass
user0072@shoplab.test,shoplab-pass
user0073@shoplab.test,shoplab-pass
user0074@shoplab.test,shoplab-pass
user0075@shoplab.test,shoplab-pass
user0076@shoplab.test,shoplab-pass
user0077@shoplab.test,shoplab-pass
user0078@shoplab.test,shoplab-pass
user0079@shoplab.test,shoplab-pass
user0080@shoplab.test,shoplab-pass
user0081@shoplab.test,shoplab-pass
user0082@shoplab.test,shoplab-pass
user0083@shoplab.test,shoplab-pass
user0084@shoplab.test,shoplab-pass
user0085@shoplab.test,shoplab-pass
user0086@shoplab.test,shoplab-pass
user0087@shoplab.test,shoplab-pass
user0088@shoplab.test,shoplab-pass
user0089@shoplab.test,shoplab-pass
user0090@shoplab.test,shoplab-pass
user0091@shoplab.test,shoplab-pass
user0092@shoplab.test,shoplab-pass
user0093@shoplab.test,shoplab-pass
user0094@shoplab.test,shoplab-pass
user0095@shoplab.test,shoplab-pass
user0096@shoplab.test,shoplab-pass
user0097@shoplab.test,shoplab-pass
user0098@shoplab.test,shoplab-pass
user0099@shoplab.test,shoplab-pass
user0100@shoplab.test,shoplab-pass
user0101@shoplab.test,shoplab-pass
user0102@shoplab.test,shoplab-pass
user0103@shoplab.test,shoplab-pass
user0104@shoplab.test,shoplab-pass
user0105@shoplab.test,shoplab-pass
user0106@shoplab.test,shoplab-pass
user0107@shoplab.test,shoplab-pass
user0108@shoplab.test,shoplab-pass
user0109@shoplab.test,shoplab-pass
user0110@shoplab.test,shoplab-pass
user0111@shoplab.test,shoplab-pass
user0112@shoplab.test,shoplab-pass
user0113@shoplab.test,shoplab-pass
user0114@shoplab.test,shoplab-pass
user0115@shoplab.test,shoplab-pass
user0116@shoplab.test,shoplab-pass
user0117@shoplab.test,shoplab-pass
user0118@shoplab.test,shoplab-pass
user0119@shoplab.test,shoplab-pass
user0120@shoplab.test,shoplab-pass
user0121@shoplab.test,shoplab-pass
user0122@shoplab.test,shoplab-pass
user0123@shoplab.test,shoplab-pass
user0124@shoplab.test,shoplab-pass
user0125@shoplab.test,shoplab-pass
user0126@shoplab.test,shoplab-pass
user0127@shoplab.test,shoplab-pass
user0128@shoplab.test,shoplab-pass
user0129@shoplab.test,shoplab-pass
user0130@shoplab.test,shoplab-pass
user0131@shoplab.test,shoplab-pass
user0132@shoplab.test,shoplab-pass
user0133@shoplab.test,shoplab-pass
user0134@shoplab.test,shoplab-pass
user0135@shoplab.test,shoplab-pass
user0136@shoplab.test,shoplab-pass
user0137@shoplab.test,shoplab-pass
user0138@shoplab.test,shoplab-pass
user0139@shoplab.test,shoplab-pass
user0140@shoplab.test,shoplab-pass
user0141@shoplab.test,shoplab-pass
user0142@shoplab.test,shoplab-pass
user0143@shoplab.test,shoplab-pass
user0144@shoplab.test,shoplab-pass
user0145@shoplab.test,shoplab-pass
user0146@shoplab.test,shoplab-pass
user0147@shoplab.test,shoplab-pass
user0148@shoplab.test,shoplab-pass
user0149@shoplab.test,shoplab-pass
user0150@shoplab.test,shoplab-pass
user0151@shoplab.test,shoplab-pass
user0152@shoplab.test,shoplab-pass
user0153@shoplab.test,shoplab-pass
user0154@shoplab.test,shoplab-pass
user0155@shoplab.test,shoplab-pass
user0156@shoplab.test,shoplab-pass
user0157@shoplab.test,shoplab-pass
user0158@shoplab.test,shoplab-pass
user0159@shoplab.test,shoplab-pass
user0160@shoplab.test,shoplab-pass
user0161@shoplab.test,shoplab-pass
user0162@shoplab.test,shoplab-pass
user0163@shoplab.test,shoplab-pass
user0164@shoplab.test,shoplab-pass
user0165@shoplab.test,shoplab-pass
user0166@shoplab.test,shoplab-pass
user0167@shoplab.test,shoplab-pass
user0168@shoplab.test,shoplab-pass
user0169@shoplab.test,shoplab-pass
user0170@shoplab.test,shoplab-pass
user0171@shoplab.test,shoplab-pass
user0172@shoplab.test,shoplab-pass
user0173@shoplab.test,shoplab-pass
user0174@shoplab.test,shoplab-pass
user0175@shoplab.test,shoplab-pass
user0176@shoplab.test,shoplab-pass
user0177@shoplab.test,shoplab-pass
user0178@shoplab.test,shoplab-pass
user0179@shoplab.test,shoplab-pass
user0180@shoplab.test,shoplab-pass
user0181@shoplab.test,shoplab-pass
user0182@shoplab.test,shoplab-pass
user0183@shoplab.test,shoplab-pass
user0184@shoplab.test,shoplab-pass
user0185@shoplab.test,shoplab-pass
user0186@shoplab.test,shoplab-pass
user0187@shoplab.test,shoplab-pass
user0188@shoplab.test,shoplab-pass
user0189@shoplab.test,shoplab-pass
user0190@shoplab.test,shoplab-pass
user0191@shoplab.test,shoplab-pass
user0192@shoplab.test,shoplab-pass
user0193@shoplab.test,shoplab-pass
user0194@shoplab.test,shoplab-pass
user0195@shoplab.test,shoplab-pass
user0196@shoplab.test,shoplab-pass
user0197@shoplab.test,shoplab-pass
user0198@shoplab.test,shoplab-pass
user0199@shoplab.test,shoplab-pass
user0200@shoplab.test,shoplab-pass
user0201@shoplab.test,shoplab-pass
user0202@shoplab.test,shoplab-pass
user0203@shoplab.test,shoplab-pass
user0204@shoplab.test,shoplab-pass
user0205@shoplab.test,shoplab-pass
user0206@shoplab.test,shoplab-pass
user0207@shoplab.test,shoplab-pass
user0208@shoplab.test,shoplab-pass
user0209@shoplab.test,shoplab-pass
user0210@shoplab.test,shoplab-pass
user0211@shoplab.test,shoplab-pass
user0212@shoplab.test,shoplab-pass
user0213@shoplab.test,shoplab-pass
user0214@shoplab.test,shoplab-pass
user0215@shoplab.test,shoplab-pass
user0216@shoplab.test,shoplab-pass
user0217@shoplab.test,shoplab-pass
user0218@shoplab.test,shoplab-pass
user0219@shoplab.test,shoplab-pass
user0220@shoplab.test,shoplab-pass
user0221@shoplab.test,shoplab-pass
user0222@shoplab.test,shoplab-pass
user0223@shoplab.test,shoplab-pass
user0224@shoplab.test,shoplab-pass
user0225@shoplab.test,shoplab-pass
user0226@shoplab.test,shoplab-pass
user0227@shoplab.test,shoplab-pass
user0228@shoplab.test,shoplab-pass
user0229@shoplab.test,shoplab-pass
user0230@shoplab.test,shoplab-pass
user0231@shoplab.test,shoplab-pass
user0232@shoplab.test,shoplab-pass
user0233@shoplab.test,shoplab-pass
user0234@shoplab.test,shoplab-pass
user0235@shoplab.test,shoplab-pass
user0236@shoplab.test,shoplab-pass
user0237@shoplab.test,shoplab-pass
user0238@shoplab.test,shoplab-pass
user0239@shoplab.test,shoplab-pass
user0240@shoplab.test,shoplab-pass
user0241@shoplab.test,shoplab-pass
user0242@shoplab.test,shoplab-pass
user0243@shoplab.test,shoplab-pass
user0244@shoplab.test,shoplab-pass
user0245@shoplab.test,shoplab-pass
user0246@shoplab.test,shoplab-pass
user0247@shoplab.test,shoplab-pass
user0248@shoplab.test,shoplab-pass
user0249@shoplab.test,shoplab-pass
user0250@shoplab.test,shoplab-pass
user0251@shoplab.test,shoplab-pass
user0252@shoplab.test,shoplab-pass
user0253@shoplab.test,shoplab-pass
user0254@shoplab.test,shoplab-pass
user0255@shoplab.test,shoplab-pass
user0256@shoplab.test,shoplab-pass
user0257@shoplab.test,shoplab-pass
user0258@shoplab.test,shoplab-pass
user0259@shoplab.test,shoplab-pass
user0260@shoplab.test,shoplab-pass
user0261@shoplab.test,shoplab-pass
user0262@shoplab.test,shoplab-pass
user0263@shoplab.test,shoplab-pass
user0264@shoplab.test,shoplab-pass
user0265@shoplab.test,shoplab-pass
user0266@shoplab.test,shoplab-pass
user0267@shoplab.test,shoplab-pass
user0268@shoplab.test,shoplab-pass
user0269@shoplab.test,shoplab-pass
user0270@shoplab.test,shoplab-pass
user0271@shoplab.test,shoplab-pass
user0272@shoplab.test,shoplab-pass
user0273@shoplab.test,shoplab-pass
user0274@shoplab.test,shoplab-pass
user0275@shoplab.test,shoplab-pass
user0276@shoplab.test,shoplab-pass
user0277@shoplab.test,shoplab-pass
user0278@shoplab.test,shoplab-pass
user0279@shoplab.test,shoplab-pass
user0280@shoplab.test,shoplab-pass
user0281@shoplab.test,shoplab-pass
user0282@shoplab.test,shoplab-pass
user0283@shoplab.test,shoplab-pass
user0284@shoplab.test,shoplab-pass
user0285@shoplab.test,shoplab-pass
user0286@shoplab.test,shoplab-pass
user0287@shoplab.test,shoplab-pass
user0288@shoplab.test,shoplab-pass
user0289@shoplab.test,shoplab-pass
user0290@shoplab.test,shoplab-pass
user0291@shoplab.test,shoplab-pass
user0292@shoplab.test,shoplab-pass
user0293@shoplab.test,shoplab-pass
user0294@shoplab.test,shoplab-pass
user0295@shoplab.test,shoplab-pass
user0296@shoplab.test,shoplab-pass
user0297@shoplab.test,shoplab-pass
user0298@shoplab.test,shoplab-pass
user0299@shoplab.test,shoplab-pass
user0300@shoplab.test,shoplab-pass
user0301@shoplab.test,shoplab-pass
user0302@shoplab.test,shoplab-pass
user0303@shoplab.test,shoplab-pass
user0304@shoplab.test,shoplab-pass
user0305@shoplab.test,shoplab-pass
user0306@shoplab.test,shoplab-pass
user0307@shoplab.test,shoplab-pass
user0308@shoplab.test,shoplab-pass
user0309@shoplab.test,shoplab-pass
user0310@shoplab.test,shoplab-pass
user0311@shoplab.test,shoplab-pass
user0312@shoplab.test,shoplab-pass
user0313@shoplab.test,shoplab-pass
user0314@shoplab.test,shoplab-pass
user0315@shoplab.test,shoplab-pass
user0316@shoplab.test,shoplab-pass
user0317@shoplab.test,shoplab-pass
user0318@shoplab.test,shoplab-pass
user0319@shoplab.test,shoplab-pass
user0320@shoplab.test,shoplab-pass
user0321@shoplab.test,shoplab-pass
user0322@shoplab.test,shoplab-pass
user0323@shoplab.test,shoplab-pass
user0324@shoplab.test,shoplab-pass
user0325@shoplab.test,shoplab-pass
user0326@shoplab.test,shoplab-pass
user0327@shoplab.test,shoplab-pass
user0328@shoplab.test,shoplab-pass
user0329@shoplab.test,shoplab-pass
user0330@shoplab.test,shoplab-pass
user0331@shoplab.test,shoplab-pass
user0332@shoplab.test,shoplab-pass
user0333@shoplab.test,shoplab-pass
user0334@shoplab.test,shoplab-pass
user0335@shoplab.test,shoplab-pass
user0336@shoplab.test,shoplab-pass
user0337@shoplab.test,shoplab-pass
user0338@shoplab.test,shoplab-pass
user0339@shoplab.test,shoplab-pass
user0340@shoplab.test,shoplab-pass
user0341@shoplab.test,shoplab-pass
user0342@shoplab.test,shoplab-pass
user0343@shoplab.test,shoplab-pass
user0344@shoplab.test,shoplab-pass
user0345@shoplab.test,shoplab-pass
user0346@shoplab.test,shoplab-pass
user0347@shoplab.test,shoplab-pass
user0348@shoplab.test,shoplab-pass
user0349@shoplab.test,shoplab-pass
user0350@shoplab.test,shoplab-pass
user0351@shoplab.test,shoplab-pass
user0352@shoplab.test,shoplab-pass
user0353@shoplab.test,shoplab-pass
user0354@shoplab.test,shoplab-pass
user0355@shoplab.test,shoplab-pass
user0356@shoplab.test,shoplab-pass
user0357@shoplab.test,shoplab-pass
user0358@shoplab.test,shoplab-pass
user0359@shoplab.test,shoplab-pass
user0360@shoplab.test,shoplab-pass
user0361@shoplab.test,shoplab-pass
user0362@shoplab.test,shoplab-pass
user0363@shoplab.test,shoplab-pass
user0364@shoplab.test,shoplab-pass
user0365@shoplab.test,shoplab-pass
user0366@shoplab.test,shoplab-pass
user0367@shoplab.test,shoplab-pass
user0368@shoplab.test,shoplab-pass
user0369@shoplab.test,shoplab-pass
user0370@shoplab.test,shoplab-pass
user0371@shoplab.test,shoplab-pass
user0372@shoplab.test,shoplab-pass
user0373@shoplab.test,shoplab-pass
user0374@shoplab.test,shoplab-pass
user0375@shoplab.test,shoplab-pass
user0376@shoplab.test,shoplab-pass
user0377@shoplab.test,shoplab-pass
user0378@shoplab.test,shoplab-pass
user0379@shoplab.test,shoplab-pass
user0380@shoplab.test,shoplab-pass
user0381@shoplab.test,shoplab-pass
user0382@shoplab.test,shoplab-pass
user0383@shoplab.test,shoplab-pass
user0384@shoplab.test,shoplab-pass
user0385@shoplab.test,shoplab-pass
user0386@shoplab.test,shoplab-pass
user0387@shoplab.test,shoplab-pass
user0388@shoplab.test,shoplab-pass
user0389@shoplab.test,shoplab-pass
user0390@shoplab.test,shoplab-pass
user0391@shoplab.test,shoplab-pass
user0392@shoplab.test,shoplab-pass
user0393@shoplab.test,shoplab-pass
user0394@shoplab.test,shoplab-pass
user0395@shoplab.test,shoplab-pass
user0396@shoplab.test,shoplab-pass
user0397@shoplab.test,shoplab-pass
user0398@shoplab.test,shoplab-pass
user0399@shoplab.test,shoplab-pass
user0400@shoplab.test,shoplab-pass
user0401@shoplab.test,shoplab-pass
user0402@shoplab.test,shoplab-pass
user0403@shoplab.test,shoplab-pass
user0404@shoplab.test,shoplab-pass
user0405@shoplab.test,shoplab-pass
user0406@shoplab.test,shoplab-pass
user0407@shoplab.test,shoplab-pass
user0408@shoplab.test,shoplab-pass
user0409@shoplab.test,shoplab-pass
user0410@shoplab.test,shoplab-pass
user0411@shoplab.test,shoplab-pass
user0412@shoplab.test,shoplab-pass
user0413@shoplab.test,shoplab-pass
user0414@shoplab.test,shoplab-pass
user0415@shoplab.test,shoplab-pass
user0416@shoplab.test,shoplab-pass
user0417@shoplab.test,shoplab-pass
user0418@shoplab.test,shoplab-pass
user0419@shoplab.test,shoplab-pass
user0420@shoplab.test,shoplab-pass
user0421@shoplab.test,shoplab-pass
user0422@shoplab.test,shoplab-pass
user0423@shoplab.test,shoplab-pass
user0424@shoplab.test,shoplab-pass
user0425@shoplab.test,shoplab-pass
user0426@shoplab.test,shoplab-pass
user0427@shoplab.test,shoplab-pass
user0428@shoplab.test,shoplab-pass
user0429@shoplab.test,shoplab-pass
user0430@shoplab.test,shoplab-pass
user0431@shoplab.test,shoplab-pass
user0432@shoplab.test,shoplab-pass
user0433@shoplab.test,shoplab-pass
user0434@shoplab.test,shoplab-pass
user0435@shoplab.test,shoplab-pass
user0436@shoplab.test,shoplab-pass
user0437@shoplab.test,shoplab-pass
user0438@shoplab.test,shoplab-pass
user0439@shoplab.test,shoplab-pass
user0440@shoplab.test,shoplab-pass
user0441@shoplab.test,shoplab-pass
user0442@shoplab.test,shoplab-pass
user0443@shoplab.test,shoplab-pass
user0444@shoplab.test,shoplab-pass
user0445@shoplab.test,shoplab-pass
user0446@shoplab.test,shoplab-pass
user0447@shoplab.test,shoplab-pass
user0448@shoplab.test,shoplab-pass
user0449@shoplab.test,shoplab-pass
user0450@shoplab.test,shoplab-pass
user0451@shoplab.test,shoplab-pass
user0452@shoplab.test,shoplab-pass
user0453@shoplab.test,shoplab-pass
user0454@shoplab.test,shoplab-pass
user0455@shoplab.test,shoplab-pass
user0456@shoplab.test,shoplab-pass
user0457@shoplab.test,shoplab-pass
user0458@shoplab.test,shoplab-pass
user0459@shoplab.test,shoplab-pass
user0460@shoplab.test,shoplab-pass
user0461@shoplab.test,shoplab-pass
user0462@shoplab.test,shoplab-pass
user0463@shoplab.test,shoplab-pass
user0464@shoplab.test,shoplab-pass
user0465@shoplab.test,shoplab-pass
user0466@shoplab.test,shoplab-pass
user0467@shoplab.test,shoplab-pass
user0468@shoplab.test,shoplab-pass
user0469@shoplab.test,shoplab-pass
user0470@shoplab.test,shoplab-pass
user0471@shoplab.test,shoplab-pass
user0472@shoplab.test,shoplab-pass
user0473@shoplab.test,shoplab-pass
user0474@shoplab.test,shoplab-pass
user0475@shoplab.test,shoplab-pass
user0476@shoplab.test,shoplab-pass
user0477@shoplab.test,shoplab-pass
user0478@shoplab.test,shoplab-pass
user0479@shoplab.test,shoplab-pass
user0480@shoplab.test,shoplab-pass
user0481@shoplab.test,shoplab-pass
user0482@shoplab.test,shoplab-pass
user0483@shoplab.test,shoplab-pass
user0484@shoplab.test,shoplab-pass
user0485@shoplab.test,shoplab-pass
user0486@shoplab.test,shoplab-pass
user0487@shoplab.test,shoplab-pass
user0488@shoplab.test,shoplab-pass
user0489@shoplab.test,shoplab-pass
user0490@shoplab.test,shoplab-pass
user0491@shoplab.test,shoplab-pass
user0492@shoplab.test,shoplab-pass
user0493@shoplab.test,shoplab-pass
user0494@shoplab.test,shoplab-pass
user0495@shoplab.test,shoplab-pass
user0496@shoplab.test,shoplab-pass
user0497@shoplab.test,shoplab-pass
user0498@shoplab.test,shoplab-pass
user0499@shoplab.test,shoplab-pass
user0500@shoplab.test,shoplab-pass
user0501@shoplab.test,shoplab-pass
user0502@shoplab.test,shoplab-pass
user0503@shoplab.test,shoplab-pass
user0504@shoplab.test,shoplab-pass
user0505@shoplab.test,shoplab-pass
user0506@shoplab.test,shoplab-pass
user0507@shoplab.test,shoplab-pass
user0508@shoplab.test,shoplab-pass
user0509@shoplab.test,shoplab-pass
user0510@shoplab.test,shoplab-pass
user0511@shoplab.test,shoplab-pass
user0512@shoplab.test,shoplab-pass
user0513@shoplab.test,shoplab-pass
user0514@shoplab.test,shoplab-pass
user0515@shoplab.test,shoplab-pass
user0516@shoplab.test,shoplab-pass
user0517@shoplab.test,shoplab-pass
user0518@shoplab.test,shoplab-pass
user0519@shoplab.test,shoplab-pass
user0520@shoplab.test,shoplab-pass
user0521@shoplab.test,shoplab-pass
user0522@shoplab.test,shoplab-pass
user0523@shoplab.test,shoplab-pass
user0524@shoplab.test,shoplab-pass
user0525@shoplab.test,shoplab-pass
user0526@shoplab.test,shoplab-pass
user0527@shoplab.test,shoplab-pass
user0528@shoplab.test,shoplab-pass
user0529@shoplab.test,shoplab-pass
user0530@shoplab.test,shoplab-pass
user0531@shoplab.test,shoplab-pass
user0532@shoplab.test,shoplab-pass
user0533@shoplab.test,shoplab-pass
user0534@shoplab.test,shoplab-pass
user0535@shoplab.test,shoplab-pass
user0536@shoplab.test,shoplab-pass
user0537@shoplab.test,shoplab-pass
user0538@shoplab.test,shoplab-pass
user0539@shoplab.test,shoplab-pass
user0540@shoplab.test,shoplab-pass
user0541@shoplab.test,shoplab-pass
user0542@shoplab.test,shoplab-pass
user0543@shoplab.test,shoplab-pass
user0544@shoplab.test,shoplab-pass
user0545@shoplab.test,shoplab-pass
user0546@shoplab.test,shoplab-pass
user0547@shoplab.test,shoplab-pass
user0548@shoplab.test,shoplab-pass
user0549@shoplab.test,shoplab-pass
user0550@shoplab.test,shoplab-pass
user0551@shoplab.test,shoplab-pass
user0552@shoplab.test,shoplab-pass
user0553@shoplab.test,shoplab-pass
user0554@shoplab.test,shoplab-pass
user0555@shoplab.test,shoplab-pass
user0556@shoplab.test,shoplab-pass
user0557@shoplab.test,shoplab-pass
user0558@shoplab.test,shoplab-pass
user0559@shoplab.test,shoplab-pass
user0560@shoplab.test,shoplab-pass
user0561@shoplab.test,shoplab-pass
user0562@shoplab.test,shoplab-pass
user0563@shoplab.test,shoplab-pass
user0564@shoplab.test,shoplab-pass
user0565@shoplab.test,shoplab-pass
user0566@shoplab.test,shoplab-pass
user0567@shoplab.test,shoplab-pass
user0568@shoplab.test,shoplab-pass
user0569@shoplab.test,shoplab-pass
user0570@shoplab.test,shoplab-pass
user0571@shoplab.test,shoplab-pass
user0572@shoplab.test,shoplab-pass
user0573@shoplab.test,shoplab-pass
user0574@shoplab.test,shoplab-pass
user0575@shoplab.test,shoplab-pass
user0576@shoplab.test,shoplab-pass
user0577@shoplab.test,shoplab-pass
user0578@shoplab.test,shoplab-pass
user0579@shoplab.test,shoplab-pass
user0580@shoplab.test,shoplab-pass
user0581@shoplab.test,shoplab-pass
user0582@shoplab.test,shoplab-pass
user0583@shoplab.test,shoplab-pass
user0584@shoplab.test,shoplab-pass
user0585@shoplab.test,shoplab-pass
user0586@shoplab.test,shoplab-pass
user0587@shoplab.test,shoplab-pass
user0588@shoplab.test,shoplab-pass
user0589@shoplab.test,shoplab-pass
user0590@shoplab.test,shoplab-pass
user0591@shoplab.test,shoplab-pass
user0592@shoplab.test,shoplab-pass
user0593@shoplab.test,shoplab-pass
user0594@shoplab.test,shoplab-pass
user0595@shoplab.test,shoplab-pass
user0596@shoplab.test,shoplab-pass
user0597@shoplab.test,shoplab-pass
user0598@shoplab.test,shoplab-pass
user0599@shoplab.test,shoplab-pass
user0600@shoplab.test,shoplab-pass
user0601@shoplab.test,shoplab-pass
user0602@shoplab.test,shoplab-pass
user0603@shoplab.test,shoplab-pass
user0604@shoplab.test,shoplab-pass
user0605@shoplab.test,shoplab-pass
user0606@shoplab.test,shoplab-pass
user0607@shoplab.test,shoplab-pass
user0608@shoplab.test,shoplab-pass
user0609@shoplab.test,shoplab-pass
user0610@shoplab.test,shoplab-pass
user0611@shoplab.test,shoplab-pass
user0612@shoplab.test,shoplab-pass
user0613@shoplab.test,shoplab-pass
user0614@shoplab.test,shoplab-pass
user0615@shoplab.test,shoplab-pass
user0616@shoplab.test,shoplab-pass
user0617@shoplab.test,shoplab-pass
user0618@shoplab.test,shoplab-pass
user0619@shoplab.test,shoplab-pass
user0620@shoplab.test,shoplab-pass
user0621@shoplab.test,shoplab-pass
user0622@shoplab.test,shoplab-pass
user0623@shoplab.test,shoplab-pass
user0624@shoplab.test,shoplab-pass
user0625@shoplab.test,shoplab-pass
user0626@shoplab.test,shoplab-pass
user0627@shoplab.test,shoplab-pass
user0628@shoplab.test,shoplab-pass
user0629@shoplab.test,shoplab-pass
user0630@shoplab.test,shoplab-pass
user0631@shoplab.test,shoplab-pass
user0632@shoplab.test,shoplab-pass
user0633@shoplab.test,shoplab-pass
user0634@shoplab.test,shoplab-pass
user0635@shoplab.test,shoplab-pass
user0636@shoplab.test,shoplab-pass
user0637@shoplab.test,shoplab-pass
user0638@shoplab.test,shoplab-pass
user0639@shoplab.test,shoplab-pass
user0640@shoplab.test,shoplab-pass
user0641@shoplab.test,shoplab-pass
user0642@shoplab.test,shoplab-pass
user0643@shoplab.test,shoplab-pass
user0644@shoplab.test,shoplab-pass
user0645@shoplab.test,shoplab-pass
user0646@shoplab.test,shoplab-pass
user0647@shoplab.test,shoplab-pass
user0648@shoplab.test,shoplab-pass
user0649@shoplab.test,shoplab-pass
user0650@shoplab.test,shoplab-pass
user0651@shoplab.test,shoplab-pass
user0652@shoplab.test,shoplab-pass
user0653@shoplab.test,shoplab-pass
user0654@shoplab.test,shoplab-pass
user0655@shoplab.test,shoplab-pass
user0656@shoplab.test,shoplab-pass
user0657@shoplab.test,shoplab-pass
user0658@shoplab.test,shoplab-pass
user0659@shoplab.test,shoplab-pass
user0660@shoplab.test,shoplab-pass
user0661@shoplab.test,shoplab-pass
user0662@shoplab.test,shoplab-pass
user0663@shoplab.test,shoplab-pass
user0664@shoplab.test,shoplab-pass
user0665@shoplab.test,shoplab-pass
user0666@shoplab.test,shoplab-pass
user0667@shoplab.test,shoplab-pass
user0668@shoplab.test,shoplab-pass
user0669@shoplab.test,shoplab-pass
user0670@shoplab.test,shoplab-pass
user0671@shoplab.test,shoplab-pass
user0672@shoplab.test,shoplab-pass
user0673@shoplab.test,shoplab-pass
user0674@shoplab.test,shoplab-pass
user0675@shoplab.test,shoplab-pass
user0676@shoplab.test,shoplab-pass
user0677@shoplab.test,shoplab-pass
user0678@shoplab.test,shoplab-pass
user0679@shoplab.test,shoplab-pass
user0680@shoplab.test,shoplab-pass
user0681@shoplab.test,shoplab-pass
user0682@shoplab.test,shoplab-pass
user0683@shoplab.test,shoplab-pass
user0684@shoplab.test,shoplab-pass
user0685@shoplab.test,shoplab-pass
user0686@shoplab.test,shoplab-pass
user0687@shoplab.test,shoplab-pass
user0688@shoplab.test,shoplab-pass
user0689@shoplab.test,shoplab-pass
user0690@shoplab.test,shoplab-pass
user0691@shoplab.test,shoplab-pass
user0692@shoplab.test,shoplab-pass
user0693@shoplab.test,shoplab-pass
user0694@shoplab.test,shoplab-pass
user0695@shoplab.test,shoplab-pass
user0696@shoplab.test,shoplab-pass
user0697@shoplab.test,shoplab-pass
user0698@shoplab.test,shoplab-pass
user0699@shoplab.test,shoplab-pass
user0700@shoplab.test,shoplab-pass
user0701@shoplab.test,shoplab-pass
user0702@shoplab.test,shoplab-pass
user0703@shoplab.test,shoplab-pass
user0704@shoplab.test,shoplab-pass
user0705@shoplab.test,shoplab-pass
user0706@shoplab.test,shoplab-pass
user0707@shoplab.test,shoplab-pass
user0708@shoplab.test,shoplab-pass
user0709@shoplab.test,shoplab-pass
user0710@shoplab.test,shoplab-pass
user0711@shoplab.test,shoplab-pass
user0712@shoplab.test,shoplab-pass
user0713@shoplab.test,shoplab-pass
user0714@shoplab.test,shoplab-pass
user0715@shoplab.test,shoplab-pass
user0716@shoplab.test,shoplab-pass
user0717@shoplab.test,shoplab-pass
user0718@shoplab.test,shoplab-pass
user0719@shoplab.test,shoplab-pass
user0720@shoplab.test,shoplab-pass
user0721@shoplab.test,shoplab-pass
user0722@shoplab.test,shoplab-pass
user0723@shoplab.test,shoplab-pass
user0724@shoplab.test,shoplab-pass
user0725@shoplab.test,shoplab-pass
user0726@shoplab.test,shoplab-pass
user0727@shoplab.test,shoplab-pass
user0728@shoplab.test,shoplab-pass
user0729@shoplab.test,shoplab-pass
user0730@shoplab.test,shoplab-pass
user0731@shoplab.test,shoplab-pass
user0732@shoplab.test,shoplab-pass
user0733@shoplab.test,shoplab-pass
user0734@shoplab.test,shoplab-pass
user0735@shoplab.test,shoplab-pass
user0736@shoplab.test,shoplab-pass
user0737@shoplab.test,shoplab-pass
user0738@shoplab.test,shoplab-pass
user0739@shoplab.test,shoplab-pass
user0740@shoplab.test,shoplab-pass
user0741@shoplab.test,shoplab-pass
user0742@shoplab.test,shoplab-pass
user0743@shoplab.test,shoplab-pass
user0744@shoplab.test,shoplab-pass
user0745@shoplab.test,shoplab-pass
user0746@shoplab.test,shoplab-pass
user0747@shoplab.test,shoplab-pass
user0748@shoplab.test,shoplab-pass
user0749@shoplab.test,shoplab-pass
user0750@shoplab.test,shoplab-pass
user0751@shoplab.test,shoplab-pass
user0752@shoplab.test,shoplab-pass
user0753@shoplab.test,shoplab-pass
user0754@shoplab.test,shoplab-pass
user0755@shoplab.test,shoplab-pass
user0756@shoplab.test,shoplab-pass
user0757@shoplab.test,shoplab-pass
user0758@shoplab.test,shoplab-pass
user0759@shoplab.test,shoplab-pass
user0760@shoplab.test,shoplab-pass
user0761@shoplab.test,shoplab-pass
user0762@shoplab.test,shoplab-pass
user0763@shoplab.test,shoplab-pass
user0764@shoplab.test,shoplab-pass
user0765@shoplab.test,shoplab-pass
user0766@shoplab.test,shoplab-pass
user0767@shoplab.test,shoplab-pass
user0768@shoplab.test,shoplab-pass
user0769@shoplab.test,shoplab-pass
user0770@shoplab.test,shoplab-pass
user0771@shoplab.test,shoplab-pass
user0772@shoplab.test,shoplab-pass
user0773@shoplab.test,shoplab-pass
user0774@shoplab.test,shoplab-pass
user0775@shoplab.test,shoplab-pass
user0776@shoplab.test,shoplab-pass
user0777@shoplab.test,shoplab-pass
user0778@shoplab.test,shoplab-pass
user0779@shoplab.test,shoplab-pass
user0780@shoplab.test,shoplab-pass
user0781@shoplab.test,shoplab-pass
user0782@shoplab.test,shoplab-pass
user0783@shoplab.test,shoplab-pass
user0784@shoplab.test,shoplab-pass
user0785@shoplab.test,shoplab-pass
user0786@shoplab.test,shoplab-pass
user0787@shoplab.test,shoplab-pass
user0788@shoplab.test,shoplab-pass
user0789@shoplab.test,shoplab-pass
user0790@shoplab.test,shoplab-pass
user0791@shoplab.test,shoplab-pass
user0792@shoplab.test,shoplab-pass
user0793@shoplab.test,shoplab-pass
user0794@shoplab.test,shoplab-pass
user0795@shoplab.test,shoplab-pass
user0796@shoplab.test,shoplab-pass
user0797@shoplab.test,shoplab-pass
user0798@shoplab.test,shoplab-pass
user0799@shoplab.test,shoplab-pass
user0800@shoplab.test,shoplab-pass
user0801@shoplab.test,shoplab-pass
user0802@shoplab.test,shoplab-pass
user0803@shoplab.test,shoplab-pass
user0804@shoplab.test,shoplab-pass
user0805@shoplab.test,shoplab-pass
user0806@shoplab.test,shoplab-pass
user0807@shoplab.test,shoplab-pass
user0808@shoplab.test,shoplab-pass
user0809@shoplab.test,shoplab-pass
user0810@shoplab.test,shoplab-pass
user0811@shoplab.test,shoplab-pass
user0812@shoplab.test,shoplab-pass
user0813@shoplab.test,shoplab-pass
user0814@shoplab.test,shoplab-pass
user0815@shoplab.test,shoplab-pass
user0816@shoplab.test,shoplab-pass
user0817@shoplab.test,shoplab-pass
user0818@shoplab.test,shoplab-pass
user0819@shoplab.test,shoplab-pass
user0820@shoplab.test,shoplab-pass
user0821@shoplab.test,shoplab-pass
user0822@shoplab.test,shoplab-pass
user0823@shoplab.test,shoplab-pass
user0824@shoplab.test,shoplab-pass
user0825@shoplab.test,shoplab-pass
user0826@shoplab.test,shoplab-pass
user0827@shoplab.test,shoplab-pass
user0828@shoplab.test,shoplab-pass
user0829@shoplab.test,shoplab-pass
user0830@shoplab.test,shoplab-pass
user0831@shoplab.test,shoplab-pass
user0832@shoplab.test,shoplab-pass
user0833@shoplab.test,shoplab-pass
user0834@shoplab.test,shoplab-pass
user0835@shoplab.test,shoplab-pass
user0836@shoplab.test,shoplab-pass
user0837@shoplab.test,shoplab-pass
user0838@shoplab.test,shoplab-pass
user0839@shoplab.test,shoplab-pass
user0840@shoplab.test,shoplab-pass
user0841@shoplab.test,shoplab-pass
user0842@shoplab.test,shoplab-pass
user0843@shoplab.test,shoplab-pass
user0844@shoplab.test,shoplab-pass
user0845@shoplab.test,shoplab-pass
user0846@shoplab.test,shoplab-pass
user0847@shoplab.test,shoplab-pass
user0848@shoplab.test,shoplab-pass
user0849@shoplab.test,shoplab-pass
user0850@shoplab.test,shoplab-pass
user0851@shoplab.test,shoplab-pass
user0852@shoplab.test,shoplab-pass
user0853@shoplab.test,shoplab-pass
user0854@shoplab.test,shoplab-pass
user0855@shoplab.test,shoplab-pass
user0856@shoplab.test,shoplab-pass
user0857@shoplab.test,shoplab-pass
user0858@shoplab.test,shoplab-pass
user0859@shoplab.test,shoplab-pass
user0860@shoplab.test,shoplab-pass
user0861@shoplab.test,shoplab-pass
user0862@shoplab.test,shoplab-pass
user0863@shoplab.test,shoplab-pass
user0864@shoplab.test,shoplab-pass
user0865@shoplab.test,shoplab-pass
user0866@shoplab.test,shoplab-pass
user0867@shoplab.test,shoplab-pass
user0868@shoplab.test,shoplab-pass
user0869@shoplab.test,shoplab-pass
user0870@shoplab.test,shoplab-pass
user0871@shoplab.test,shoplab-pass
user0872@shoplab.test,shoplab-pass
user0873@shoplab.test,shoplab-pass
user0874@shoplab.test,shoplab-pass
user0875@shoplab.test,shoplab-pass
user0876@shoplab.test,shoplab-pass
user0877@shoplab.test,shoplab-pass
user0878@shoplab.test,shoplab-pass
user0879@shoplab.test,shoplab-pass
user0880@shoplab.test,shoplab-pass
user0881@shoplab.test,shoplab-pass
user0882@shoplab.test,shoplab-pass
user0883@shoplab.test,shoplab-pass
user0884@shoplab.test,shoplab-pass
user0885@shoplab.test,shoplab-pass
user0886@shoplab.test,shoplab-pass
user0887@shoplab.test,shoplab-pass
user0888@shoplab.test,shoplab-pass
user0889@shoplab.test,shoplab-pass
user0890@shoplab.test,shoplab-pass
user0891@shoplab.test,shoplab-pass
user0892@shoplab.test,shoplab-pass
user0893@shoplab.test,shoplab-pass
user0894@shoplab.test,shoplab-pass
user0895@shoplab.test,shoplab-pass
user0896@shoplab.test,shoplab-pass
user0897@shoplab.test,shoplab-pass
user0898@shoplab.test,shoplab-pass
user0899@shoplab.test,shoplab-pass
user0900@shoplab.test,shoplab-pass
user0901@shoplab.test,shoplab-pass
user0902@shoplab.test,shoplab-pass
user0903@shoplab.test,shoplab-pass
user0904@shoplab.test,shoplab-pass
user0905@shoplab.test,shoplab-pass
user0906@shoplab.test,shoplab-pass
user0907@shoplab.test,shoplab-pass
user0908@shoplab.test,shoplab-pass
user0909@shoplab.test,shoplab-pass
user0910@shoplab.test,shoplab-pass
user0911@shoplab.test,shoplab-pass
user0912@shoplab.test,shoplab-pass
user0913@shoplab.test,shoplab-pass
user0914@shoplab.test,shoplab-pass
user0915@shoplab.test,shoplab-pass
user0916@shoplab.test,shoplab-pass
user0917@shoplab.test,shoplab-pass
user0918@shoplab.test,shoplab-pass
user0919@shoplab.test,shoplab-pass
user0920@shoplab.test,shoplab-pass
user0921@shoplab.test,shoplab-pass
user0922@shoplab.test,shoplab-pass
user0923@shoplab.test,shoplab-pass
user0924@shoplab.test,shoplab-pass
user0925@shoplab.test,shoplab-pass
user0926@shoplab.test,shoplab-pass
user0927@shoplab.test,shoplab-pass
user0928@shoplab.test,shoplab-pass
user0929@shoplab.test,shoplab-pass
user0930@shoplab.test,shoplab-pass
user0931@shoplab.test,shoplab-pass
user0932@shoplab.test,shoplab-pass
user0933@shoplab.test,shoplab-pass
user0934@shoplab.test,shoplab-pass
user0935@shoplab.test,shoplab-pass
user0936@shoplab.test,shoplab-pass
user0937@shoplab.test,shoplab-pass
user0938@shoplab.test,shoplab-pass
user0939@shoplab.test,shoplab-pass
user0940@shoplab.test,shoplab-pass
user0941@shoplab.test,shoplab-pass
user0942@shoplab.test,shoplab-pass
user0943@shoplab.test,shoplab-pass
user0944@shoplab.test,shoplab-pass
user0945@shoplab.test,shoplab-pass
user0946@shoplab.test,shoplab-pass
user0947@shoplab.test,shoplab-pass
user0948@shoplab.test,shoplab-pass
user0949@shoplab.test,shoplab-pass
user0950@shoplab.test,shoplab-pass
user0951@shoplab.test,shoplab-pass
user0952@shoplab.test,shoplab-pass
user0953@shoplab.test,shoplab-pass
user0954@shoplab.test,shoplab-pass
user0955@shoplab.test,shoplab-pass
user0956@shoplab.test,shoplab-pass
user0957@shoplab.test,shoplab-pass
user0958@shoplab.test,shoplab-pass
user0959@shoplab.test,shoplab-pass
user0960@shoplab.test,shoplab-pass
user0961@shoplab.test,shoplab-pass
user0962@shoplab.test,shoplab-pass
user0963@shoplab.test,shoplab-pass
user0964@shoplab.test,shoplab-pass
user0965@shoplab.test,shoplab-pass
user0966@shoplab.test,shoplab-pass
user0967@shoplab.test,shoplab-pass
user0968@shoplab.test,shoplab-pass
user0969@shoplab.test,shoplab-pass
user0970@shoplab.test,shoplab-pass
user0971@shoplab.test,shoplab-pass
user0972@shoplab.test,shoplab-pass
user0973@shoplab.test,shoplab-pass
user0974@shoplab.test,shoplab-pass
user0975@shoplab.test,shoplab-pass
user0976@shoplab.test,shoplab-pass
user0977@shoplab.test,shoplab-pass
user0978@shoplab.test,shoplab-pass
user0979@shoplab.test,shoplab-pass
user0980@shoplab.test,shoplab-pass
user0981@shoplab.test,shoplab-pass
user0982@shoplab.test,shoplab-pass
user0983@shoplab.test,shoplab-pass
user0984@shoplab.test,shoplab-pass
user0985@shoplab.test,shoplab-pass
user0986@shoplab.test,shoplab-pass
user0987@shoplab.test,shoplab-pass
user0988@shoplab.test,shoplab-pass
user0989@shoplab.test,shoplab-pass
user0990@shoplab.test,shoplab-pass
user0991@shoplab.test,shoplab-pass
user0992@shoplab.test,shoplab-pass
user0993@shoplab.test,shoplab-pass
user0994@shoplab.test,shoplab-pass
user0995@shoplab.test,shoplab-pass
user0996@shoplab.test,shoplab-pass
user0997@shoplab.test,shoplab-pass
user0998@shoplab.test,shoplab-pass
user0999@shoplab.test,shoplab-pass
user1000@shoplab.test,shoplab-pass
